PROTOCOLO,Nº SEI,DATA,PRAZO R.,LIMITE R.,SISTEMA,SUBSISTEMA,CNPJ,EMPRESA,NOME DA EMPRESA BANCO,NOME FANTASIA BANCO,ORIGEM,DESTINO,ASSUNTO,TRATADA POR:,DATA R.,DIAS R.,STATUS,ATRASO,REGIONAL,SITUAÇÃO
2024121914333021,,2024-01-02,10,2024-01-12,INTERMUNICIPAL,REGULAR,47.987.425/0001-08,CRISTALENSE TRANSPORTES E TURISMO LTDA,CRISTALENSE TRANSPORTES E TURISMO LTDA,,Franca,Ribeirão Corrente,PRESTAÇÃO DE SERVIÇO DA EMPRESA,REGULAR,2025-01-06,360.0,ATRASADO,360.0,TC1,OK
2024121909200475,,2025-01-02,10,2025-01-12,INTERMUNICIPAL,REGULAR,07.022.473/0001-39,RAPIDO FENIX VIAÇÃO LTDA,RAPIDO FENIX VIAÇÃO LTDA,,Santos,Serra Negra,ADIANTAMENTO/ATRASO DE VEÍCULO,FISCALIZAÇÃO,2025-01-27,15.0,ATRASADO,15.0,,OK
2024121916083418,,2025-01-02,10,2025-01-12,INTERMUNICIPAL,FRETAMENTO,,ABLOVEx ,,,,,ACESSIBILIDADE,FRETAMENTO,2025-01-16,4.0,ATRASADO,4.0,,OK
2024112713555819,,2025-01-02,10,2025-01-12,INTERMUNICIPAL,REGULAR,54.360.623/0001-02,VIAÇÃO PIRACICABANA S/A,VIAÇÃO PIRACICABANA S/A,PIRACICABANA,São Paulo,Peruíbe,MÁ CONDIÇÃO DE VEÍCULO,FISCALIZAÇÃO,2025-01-03,-9.0,NO PRAZO,-9.0,,OK
2024122013442688,,2025-01-02,10,2025-01-12,INTERMUNICIPAL,FRETAMENTO,58.565.771/0001-06,LIRABUS,VIAÇÃO LIRA LTDA,LIRABUSS,Campinas,Itapetininga,PRESTAÇÃO DE SERVIÇO DA EMPRESA,REGULAR,2025-01-10,-2.0,NO PRAZO,-2.0,,OK
2024122010564164,,2025-01-02,10,2025-01-12,INTERMUNICIPAL,REGULAR,61.084.018/0001-03,VIAÇÃO COMETA S/A,VIAÇÃO COMETA S/A,COMETA,Sorocaba,São Paulo,GRATUIDADE DE IDOSOS,REGULAR,2025-01-03,-9.0,NO PRAZO,-9.0,TC2,OK
2024111517301962,,2025-01-03,10,2025-01-13,INTERMUNICIPAL,REGULAR,01.339.438/0001-61,AUTO ÔNIBUS DEL OESTE LTDA - EPP,AUTO ÔNIBUS DEL OESTE LTDA - EPP,,Ribeirão Preto,Olímpia,SUPERLOTAÇÃO DE ÔNIBUS,FISCALIZAÇÃO,2025-01-16,3.0,ATRASADO,3.0,,OK
2024121902051241,,2025-01-03,10,2025-01-13,INTERMUNICIPAL,REGULAR,45.992.724/0001-05,RAPIDO LUXO CAMPINAS LTDA,RAPIDO LUXO CAMPINAS LTDA,RAPIDO CAMPINAS,Jundiaí,Campo Limpo Paulista,MÁ CONDIÇÃO DE VEÍCULO,FISCALIZAÇÃO,2025-01-20,7.0,ATRASADO,7.0,,OK
2024122316230751,,2025-01-03,10,2025-01-13,INTERMUNICIPAL,REGULAR,45.992.724/0001-05,RAPIDO LUXO CAMPINAS LTDA,RAPIDO LUXO CAMPINAS LTDA,RAPIDO CAMPINAS,Cajamar,Jundiaí,NÃO PARADA DO VEÍCULO NO PONTO,REGULAR,2025-01-16,3.0,ATRASADO,3.0,TC1,OK
2024121917293834,,2025-01-03,10,2025-01-13,INTERMUNICIPAL,REGULAR,45.992.724/0001-05,RAPIDO LUXO CAMPINAS LTDA,RAPIDO LUXO CAMPINAS LTDA,RAPIDO CAMPINAS,Itupeva,Jundiaí,SUPERLOTAÇÃO DE ÔNIBUS,FISCALIZAÇÃO,2025-01-13,0.0,NO PRAZO,0.0,,OK
2024121218541048,,2025-01-03,10,2025-01-13,INTERMUNICIPAL,REGULAR,61.563.557/0001-25,EMPRESA DE ÔNIBUS PASSARO MARRON S/A,EMPRESA DE ÔNIBUS PASSARO MARRON S/A,PASSARO MARRON,São Paulo,,MÁ CONDIÇÃO DE VEÍCULO,FISCALIZAÇÃO,2025-01-08,-5.0,NO PRAZO,-5.0,,OK
2025010316485474,,2025-01-06,10,2025-01-16,INTERMUNICIPAL,,,,,,,,SOLICITAÇÃO DE INFORMAÇÃO,FRETAMENTO,2025-01-16,0.0,NO PRAZO,0.0,,OK
2025010521452632,,2025-01-06,10,2025-01-16,INTERMUNICIPAL,,,,,,,,MÁ CONDUTA DE FUNCIONÁRIOS,FISCALIZAÇÃO,2025-01-08,-8.0,NO PRAZO,-8.0,,OK
2024112019282161,,2025-01-07,10,2025-01-17,INTERMUNICIPAL,REGULAR,43.377.936/0001-49,JANDAIA TRANSPORTES E TURISMO LTDA,JANDAIA TRANSPORTES E TURISMO LTDA,,Presidente Prudente,,SUPERLOTAÇÃO DE ÔNIBUS,FISCALIZAÇÃO,2025-01-08,-9.0,NO PRAZO,-9.0,,OK
2024122218372312,,2025-01-09,10,2025-01-19,INTERMUNICIPAL,REGULAR,54.360.623/0001-02,VIAÇÃO PIRACICABANA S/A,VIAÇÃO PIRACICABANA S/A,PIRACICABANA,São Paulo,Bauru,PRESTAÇÃO DE SERVIÇO DA EMPRESA,REGULAR,2025-01-16,-3.0,NO PRAZO,-3.0,TC3,OK
2025010809564193,,2025-01-09,10,2025-01-19,INTERMUNICIPAL,,,,,,,,GRATUIDADE DE ESTUDANTE,DPL-COORDENADORIA,2025-01-10,-9.0,NO PRAZO,-9.0,,OK
2025010810122655,,2025-01-09,10,2025-01-19,INTERMUNICIPAL,REGULAR,43.004.159/0001-97,EXPRESSO ADAMANTINA LTDA,EXPRESSO ADAMANTINA LTDA,,Várzea Paulista,,MÁ CONDIÇÃO DE VEÍCULO,OUVIDORIA LOCAL,2025-01-09,-10.0,NO PRAZO,-10.0,,OK
2025010921385395,,2025-01-10,10,2025-01-20,INTERMUNICIPAL,REGULAR,56.927.163/0003-30,VIAÇÃO DANUBIO AZUL LTDA,VIAÇÃO DANUBIO AZUL LTDA,,São Paulo,Pirassununga,GRATUIDADE DE IDOSOS,REGULAR,2025-01-21,1.0,ATRASADO,1.0,,OK
2025011013413673,,2025-01-10,10,2025-01-20,INTERMUNICIPAL,,,,,,,,APREENSÃO DE VEÍCULOS,FISCALIZAÇÃO,2025-01-16,-4.0,NO PRAZO,-4.0,,OK
2024122019424678,,2025-01-13,10,2025-01-23,INTERMUNICIPAL,REGULAR,61.563.557/0001-25,EMPRESA DE ÔNIBUS PASSARO MARRON S/A,EMPRESA DE ÔNIBUS PASSARO MARRON S/A,PASSARO MARRON,São Paulo,Ilhabela,ADIANTAMENTO/ATRASO DE VEÍCULO,FISCALIZAÇÃO,2025-01-17,-6.0,NO PRAZO,-6.0,,OK
2024122111090155,,2025-01-13,10,2025-01-23,INTERMUNICIPAL,REGULAR,61.563.557/0001-25,EMPRESA DE ÔNIBUS PASSARO MARRON S/A,EMPRESA DE ÔNIBUS PASSARO MARRON S/A,PASSARO MARRON,São Paulo,São José dos Campos,ADIANTAMENTO/ATRASO DE VEÍCULO,FISCALIZAÇÃO,2025-01-17,-6.0,NO PRAZO,-6.0,,OK
2024122710042210,,2025-01-13,10,2025-01-23,INTERMUNICIPAL,REGULAR,07.022.473/0001-39,RAPIDO FENIX VIAÇÃO LTDA,RAPIDO FENIX VIAÇÃO LTDA,,Itatiba,Atibaia,MÁ CONDIÇÃO DE VEÍCULO,FISCALIZAÇÃO,2025-01-17,-6.0,NO PRAZO,-6.0,,OK
2024122712205896,,2025-01-13,10,2025-01-23,INTERMUNICIPAL,FRETAMENTO,58.565.771/0001-06,LIRABUS,VIAÇÃO LIRA LTDA,LIRABUSS,São Paulo,Cosmópolis,MÁ CONDIÇÃO DE VEÍCULO,FISCALIZAÇÃO,2025-01-17,-6.0,NO PRAZO,-6.0,,OK
2025011210403994,,2025-01-13,10,2025-01-23,INTERMUNICIPAL,,,,,,Boituva,,MÁ CONDUTA DE FUNCIONÁRIOS,FISCALIZAÇÃO,2025-01-14,-9.0,NO PRAZO,-9.0,,OK
2025010215264444,,2025-01-14,10,2025-01-24,INTERMUNICIPAL,REGULAR,55.958.318/0001-71,RAPIDO D OESTE LTDA,RAPIDO D OESTE LTDA,,Botucatu,Sorocaba,SUPERLOTAÇÃO DE ÔNIBUS,FISCALIZAÇÃO,2025-01-24,0.0,NO PRAZO,0.0,,OK
2024123010584079,,2025-01-14,10,2025-01-24,INTERMUNICIPAL,REGULAR,45.992.724/0001-05,RAPIDO LUXO CAMPINAS LTDA,RAPIDO LUXO CAMPINAS LTDA,RAPIDO CAMPINAS,Franco da Rocha,Jundiaí,MÁ CONDIÇÃO DE VEÍCULO,FISCALIZAÇÃO,2025-01-14,-10.0,NO PRAZO,-10.0,,OK
2024122722582256,,2025-01-14,10,2025-01-24,INTERMUNICIPAL,REGULAR,61.563.557/0001-25,EMPRESA DE ÔNIBUS PASSARO MARRON S/A,EMPRESA DE ÔNIBUS PASSARO MARRON S/A,PASSARO MARRON,São Paulo,São Sebastião,MÁ CONDIÇÃO DE VEÍCULO,FISCALIZAÇÃO,2025-01-24,0.0,NO PRAZO,0.0,,OK
2025010609504345,,2025-01-17,10,2025-01-27,INTERMUNICIPAL,REGULAR,44.993.632/0001-79,EMPRESAS REUNIDAS PAULISTA DE TRANSPORTES LTDA,EMPRESAS REUNIDAS PAULISTA DE TRANSPORTES LTDA,,Lavínia,Araçatuba,PRESTAÇÃO DE SERVIÇO DA EMPRESA,REGULAR,2025-01-27,0.0,NO PRAZO,0.0,TC3,OK
2025010315145538,,2025-01-17,10,2025-01-27,INTERMUNICIPAL,REGULAR,72.543.978/0001-00,GUERINO SEISCENTO TRANSPORTES S/A,GUERINO SEISCENTO TRANSPORTES S/A,,Bauru,São Paulo,REEMBOLSO DE PASSAGEM ,REGULAR,2025-01-27,0.0,NO PRAZO,0.0,TC3,OK
2024122413311364,,2025-01-20,10,2025-01-30,INTERMUNICIPAL,REGULAR,72.543.978/0001-00,GUERINO SEISCENTO TRANSPORTES S/A,GUERINO SEISCENTO TRANSPORTES S/A,,Tupi Paulista,,SUPERLOTAÇÃO DE ÔNIBUS,FISCALIZAÇÃO,2025-01-30,0.0,NO PRAZO,0.0,,OK
2025010808273222,,2025-01-20,10,2025-01-30,INTERMUNICIPAL,REGULAR,67.854.315/0001-77,EMPRESA DE ÔNIBUS LUCHINI LTDA,EMPRESA DE ÔNIBUS LUCHINI LTDA,,Assis,,MÁ CONDIÇÃO DE VEÍCULO,FISCALIZAÇÃO,2025-01-24,-6.0,NO PRAZO,-6.0,,OK
2025010616094320,,2025-01-20,10,2025-01-30,INTERMUNICIPAL,REGULAR,60.896.248/0001-04,VALLESUL TRANSPORTES E TURISMO LTDA,VALLESUL TRANSPORTES E TURISMO LTDA,,São Paulo,Ilha Comprida,MÁ CONDIÇÃO DE VEÍCULO,FISCALIZAÇÃO,1901-07-08,-45132.0,NO PRAZO,-45132.0,,OK
2025010613235570,,2025-01-20,10,2025-01-30,INTERMUNICIPAL,REGULAR,60.896.248/0001-04,VALLESUL TRANSPORTES E TURISMO LTDA,VALLESUL TRANSPORTES E TURISMO LTDA,,Cajati,,ADIANTAMENTO/ATRASO DE VEÍCULO,FISCALIZAÇÃO,2025-01-29,-1.0,NO PRAZO,-1.0,,OK
2025012107365151,,2025-01-21,10,2025-01-31,INTERMUNICIPAL,REGULAR,53.416.038/0001-06,AUTO VIAÇÃO OURINHOS ASSIS LTDA,AUTO VIAÇÃO OURINHOS ASSIS LTDA,,Ubirajara,Bauru,PRESTAÇÃO DE SERVIÇO DA EMPRESA,REGULAR,2025-01-30,-1.0,NO PRAZO,-1.0,TC3,OK
2025010908225764,,2025-01-22,10,2025-02-01,INTERMUNICIPAL,REGULAR,45.992.724/0001-05,RAPIDO LUXO CAMPINAS LTDA,RAPIDO LUXO CAMPINAS LTDA,RAPIDO CAMPINAS,Jundiaí,Cajamar,MÁ CONDUTA DO MOTORISTA,REGULAR,2025-01-30,-2.0,NO PRAZO,-2.0,TC1,OK
2025010718025092,,2025-01-22,10,2025-02-01,INTERMUNICIPAL,REGULAR,59.965.038/0001-41,EXPRESSO ITAMARATI S/A,EXPRESSO ITAMARATI S/A,,Campinas,São José do Rio Preto,BAGAGEM ,REGULAR,2025-01-30,-2.0,NO PRAZO,-2.0,TC4,OK
2025010420275858,,2025-01-22,10,2025-02-01,INTERMUNICIPAL,REGULAR,53.418.976/0001-45,AVOA DE CANDIDO MOTA LTDA - EPP,AVOA DE CANDIDO MOTA LTDA - EPP,,Garça,Marília,ADIANTAMENTO/ATRASO DE VEÍCULO,FISCALIZAÇÃO,2025-01-22,-10.0,NO PRAZO,-10.0,,OK
2025010423130140,,2025-01-22,10,2025-02-01,INTERMUNICIPAL,REGULAR,53.418.976/0001-45,AVOA DE CANDIDO MOTA LTDA - EPP,AVOA DE CANDIDO MOTA LTDA - EPP,,Garça,Marília,ADIANTAMENTO/ATRASO DE VEÍCULO,FISCALIZAÇÃO,2025-01-22,-10.0,NO PRAZO,-10.0,,OK
2025010716194974,,2025-01-22,10,2025-02-01,INTERMUNICIPAL,REGULAR,61.084.018/0001-03,VIAÇÃO COMETA S/A,VIAÇÃO COMETA S/A,COMETA,São Paulo,Santos,ADIANTAMENTO/ATRASO DE VEÍCULO,FISCALIZAÇÃO,2025-01-30,-2.0,NO PRAZO,-2.0,,OK
2025011320500819,,2025-01-22,10,2025-02-01,INTERMUNICIPAL,REGULAR,61.084.018/0001-03,VIAÇÃO COMETA S/A,VIAÇÃO COMETA S/A,COMETA,São Paulo,Santos,PRESTAÇÃO DE SERVIÇO DA EMPRESA,REGULAR,2025-01-23,-9.0,NO PRAZO,-9.0,TC5,OK
2025011615424395,,2025-01-23,10,2025-02-02,INTERMUNICIPAL,,,,,,Conchal,,SOLICITAÇÃO DE INFORMAÇÃO,REGULAR,2025-01-30,-3.0,NO PRAZO,-3.0,TC1,OK
2025011310581063,,2025-01-23,10,2025-02-02,INTERMUNICIPAL,REGULAR,59.965.038/0001-41,EXPRESSO ITAMARATI S/A,EXPRESSO ITAMARATI S/A,,Sabino,Lins,MUDANÇA DE TABELA DE HORÁRIO,REGULAR,2025-01-30,-3.0,NO PRAZO,-3.0,TC3,OK
2025012117243944,,2025-01-23,10,2025-02-02,INTERMUNICIPAL,,,,,,,,SOLICITAÇÃO DE INFORMAÇÃO,DPL-COORDENADORIA,2025-01-30,-3.0,NO PRAZO,-3.0,,OK
2025011116461570,,2025-01-24,10,2025-02-03,INTERMUNICIPAL,REGULAR,61.563.557/0001-25,EMPRESA DE ÔNIBUS PASSARO MARRON S/A,EMPRESA DE ÔNIBUS PASSARO MARRON S/A,PASSARO MARRON,São Paulo,São José dos Campos,MÁ CONDIÇÃO DE VEÍCULO,FISCALIZAÇÃO,2025-01-24,-10.0,NO PRAZO,-10.0,,OK
2025011310455925,,2025-01-24,10,2025-02-03,INTERMUNICIPAL,REGULAR,44.993.632/0001-79,EMPRESAS REUNIDAS PAULISTA DE TRANSPORTES LTDA,EMPRESAS REUNIDAS PAULISTA DE TRANSPORTES LTDA,,Lavínia,Araçatuba,PRESTAÇÃO DE SERVIÇO DA EMPRESA,REGULAR,2025-01-30,-4.0,NO PRAZO,-4.0,TC3,OK
2025012121463175,,2025-01-24,10,2025-02-03,INTERMUNICIPAL,,,,,,Santos,São Paulo,SOLICITAÇÃO DE INFORMAÇÃO,FISCALIZAÇÃO,2025-01-29,-5.0,NO PRAZO,-5.0,,OK
2025011312525791,,2025-01-27,10,2025-02-06,INTERMUNICIPAL,FRETAMENTO,58.565.771/0001-06,LIRABUS,VIAÇÃO LIRA LTDA,LIRABUSS,Jundiaí,Vinhedo,MUDANÇA DE TABELA DE HORÁRIO,REGULAR,2025-02-07,1.0,ATRASADO,1.0,TC1,OK
2025011413002845,,2025-01-27,10,2025-02-06,INTERMUNICIPAL,REGULAR,75.156.265/0001-82,TRANSPEN-TRANSPORTE COLETIVO E ENCOMENDAS LTDA,TRANSPEN-TRANSPORTE COLETIVO E ENCOMENDAS LTDA,,,,PRESTAÇÃO DE SERVIÇO DA EMPRESA,REGULAR,2025-01-27,-10.0,NO PRAZO,-10.0,TC2,OK
2025012005582340,,2025-01-27,10,2025-02-06,INTERMUNICIPAL,REGULAR,43.377.936/0001-49,JANDAIA TRANSPORTES E TURISMO LTDA,JANDAIA TRANSPORTES E TURISMO LTDA,,Taciba,,SUPERLOTAÇÃO DE ÔNIBUS,FISCALIZAÇÃO,2025-01-31,-6.0,NO PRAZO,-6.0,,OK
2025012115414882,,2025-01-27,10,2025-02-06,INTERMUNICIPAL,REGULAR,61.084.018/0001-03,VIAÇÃO COMETA S/A,VIAÇÃO COMETA S/A,COMETA,São Paulo,,MÁ CONDIÇÃO DE VEÍCULO,FISCALIZAÇÃO,2025-02-03,-3.0,NO PRAZO,-3.0,,OK
2025011412523537,,2025-01-27,10,2025-02-06,INTERMUNICIPAL,REGULAR,61.084.018/0001-03,VIAÇÃO COMETA S/A,VIAÇÃO COMETA S/A,COMETA,,,REEMBOLSO DE PASSAGEM ,REGULAR,2025-01-28,-9.0,NO PRAZO,-9.0,TC5,OK
2025012010425951,,2025-01-27,10,2025-02-06,INTERMUNICIPAL,REGULAR,61.084.018/0001-03,VIAÇÃO COMETA S/A,VIAÇÃO COMETA S/A,COMETA,São Paulo,São Vicente,ADIANTAMENTO/ATRASO DE VEÍCULO,FISCALIZAÇÃO,2025-02-05,-1.0,NO PRAZO,-1.0,,OK
2025012217473488,,2025-01-29,10,2025-02-08,INTERMUNICIPAL,REGULAR,54.049.754/0001-65,VIAÇÃO VALE DO TIETE LTDA,VIAÇÃO VALE DO TIETE LTDA,VALE DO TIETE,Itupeva,Jundiaí,SUPERLOTAÇÃO DE ÔNIBUS,FISCALIZAÇÃO,2025-01-29,-10.0,NO PRAZO,-10.0,,OK
2025011523561694,,2025-01-29,10,2025-02-08,INTERMUNICIPAL,REGULAR,61.084.018/0001-03,VIAÇÃO COMETA S/A,VIAÇÃO COMETA S/A,COMETA,Embu das Artes,Praia Grande,MUDANÇA DE TABELA DE HORÁRIO,REGULAR,2025-02-03,-5.0,NO PRAZO,-5.0,TC2,OK
2025012414345636,,2025-01-29,10,2025-02-08,INTERMUNICIPAL,REGULAR,61.084.018/0001-03,VIAÇÃO COMETA S/A,VIAÇÃO COMETA S/A,COMETA,São Paulo,,REEMBOLSO DE PASSAGEM ,REGULAR,2025-01-29,-10.0,NO PRAZO,-10.0,TC5,OK
2025012211065747,,2025-01-29,10,2025-02-08,INTERMUNICIPAL,REGULAR,61.084.018/0001-03,VIAÇÃO COMETA S/A,VIAÇÃO COMETA S/A,COMETA,Sorocaba,São Paulo,MUDANÇA DE TABELA DE HORÁRIO,REGULAR,2025-02-03,-5.0,NO PRAZO,-5.0,TC2,OK
2025012409191689,,2025-01-29,16,2025-02-14,INTERMUNICIPAL,,,,,,,,,FISCALIZAÇÃO,2025-02-13,-1.0,NO PRAZO,-1.0,,OK
2025012709082645,,2025-01-29,10,2025-02-08,INTERMUNICIPAL,REGULAR,75.156.265/0001-82,TRANSPEN-TRANSPORTE COLETIVO E ENCOMENDAS LTDA,TRANSPEN-TRANSPORTE COLETIVO E ENCOMENDAS LTDA,,Sorocaba,Itapetininga,SOLICITAÇÃO DE INFORMAÇÃO,REGULAR,2025-02-03,-5.0,NO PRAZO,-5.0,TC2,OK
2025012716521956,,2025-01-30,10,2025-02-09,INTERMUNICIPAL,,,,,,Santos,São Paulo,PRESTAÇÃO DE SERVIÇO DA EMPRESA,REGULAR,2025-01-30,-10.0,NO PRAZO,-10.0,TC5,OK
2025013007252951,,2025-01-30,29,2025-02-28,INTERMUNICIPAL,FRETAMENTO,47.939.199/0001-81,MV SERAFIM TRANSPORTES LTDA,HELIO APARECIDO BRAGA 06885710857 - ME,TRANSPORTE,,,TRANSPORTE CLANDESTINO,FISCALIZAÇÃO,2025-02-19,-9.0,NO PRAZO,-9.0,,OK
2025011609493585,,2025-01-31,10,2025-02-10,INTERMUNICIPAL,,,,,,Jundiaí,Vinhedo,ADIANTAMENTO/ATRASO DE VEÍCULO,FISCALIZAÇÃO,2025-02-05,-5.0,NO PRAZO,-5.0,,OK
2025011610285389,,2025-01-31,10,2025-02-10,INTERMUNICIPAL,REGULAR,54.360.623/0001-02,VIAÇÃO PIRACICABANA S/A,VIAÇÃO PIRACICABANA S/A,PIRACICABANA,São Paulo,Itanhaém,MÁ CONDUTA DO MOTORISTA,REGULAR,2025-01-31,-10.0,NO PRAZO,-10.0,TC5,OK
2025011611055430,,2025-01-31,10,2025-02-10,INTERMUNICIPAL,REGULAR,54.360.623/0001-02,VIAÇÃO PIRACICABANA S/A,VIAÇÃO PIRACICABANA S/A,PIRACICABANA,,Águas de São Pedro,ADIANTAMENTO/ATRASO DE VEÍCULO,FISCALIZAÇÃO,2025-02-05,-5.0,NO PRAZO,-5.0,,OK
2025011611312531,,2025-01-31,10,2025-02-10,INTERMUNICIPAL,REGULAR,07.022.473/0001-39,RAPIDO FENIX VIAÇÃO LTDA,RAPIDO FENIX VIAÇÃO LTDA,,São Paulo,Águas de Lindóia,PRESTAÇÃO DE SERVIÇO DA EMPRESA,REGULAR,2025-02-07,-3.0,NO PRAZO,-3.0,TC1,OK
2025011611465174,,2025-01-31,10,2025-02-10,INTERMUNICIPAL,REGULAR,81.159.857/0001-50,EMPRESA PRINCESA DO NORTE S/A,EMPRESA PRINCESA DO NORTE S/A,,São Paulo,Piraju,GRATUIDADE DE IDOSOS,REGULAR,2025-02-07,-3.0,NO PRAZO,-3.0,TC3,OK
2025011611500441,,2025-01-31,10,2025-02-10,INTERMUNICIPAL,REGULAR,07.022.473/0001-39,RAPIDO FENIX VIAÇÃO LTDA,RAPIDO FENIX VIAÇÃO LTDA,,São Paulo,Jaguariúna,ADIANTAMENTO/ATRASO DE VEÍCULO,FISCALIZAÇÃO,2025-02-05,-5.0,NO PRAZO,-5.0,,OK
2025011618384188,,2025-01-31,10,2025-02-10,INTERMUNICIPAL,REGULAR,07.022.473/0001-39,RAPIDO FENIX VIAÇÃO LTDA,RAPIDO FENIX VIAÇÃO LTDA,,Campinas,Serra Negra,MÁ CONDIÇÃO DE VEÍCULO,FISCALIZAÇÃO,2025-02-04,-6.0,NO PRAZO,-6.0,,OK
2025012113521357,,2025-02-03,10,2025-02-13,INTERMUNICIPAL,REGULAR,45.992.724/0001-05,RAPIDO LUXO CAMPINAS LTDA,RAPIDO LUXO CAMPINAS LTDA,RAPIDO CAMPINAS,Cabreúva,Espírito Santo do Pinhal,ADIANTAMENTO/ATRASO DE VEÍCULO,FISCALIZAÇÃO,2025-02-06,-7.0,NO PRAZO,-7.0,,OK
2025012109313567,,2025-02-03,10,2025-02-13,INTERMUNICIPAL,REGULAR,45.992.724/0001-05,RAPIDO LUXO CAMPINAS LTDA,RAPIDO LUXO CAMPINAS LTDA,RAPIDO CAMPINAS,Cabreúva,Espírito Santo do Pinhal,ADIANTAMENTO/ATRASO DE VEÍCULO,FISCALIZAÇÃO,2025-02-06,-7.0,NO PRAZO,-7.0,,OK
2025012013543768,,2025-02-03,10,2025-02-13,INTERMUNICIPAL,FRETAMENTO,53.418.976/0001-45,AVOA DE CANDIDO MOTA LTDA - EPP,AVOA DE CANDIDO MOTA LTDA - EPP,,Assis,,REEMBOLSO DE PASSAGEM ,REGULAR,2025-02-10,-3.0,NO PRAZO,-3.0,TC3,OK
2025011712444328,,2025-02-03,10,2025-02-13,INTERMUNICIPAL,REGULAR,60.896.248/0001-04,VALLESUL TRANSPORTES E TURISMO LTDA,VALLESUL TRANSPORTES E TURISMO LTDA,,Jacupiranga,Pariquera-Açu,ADIANTAMENTO/ATRASO DE VEÍCULO,FISCALIZAÇÃO,2025-02-04,-9.0,NO PRAZO,-9.0,,OK
2025020108582183,,2025-02-04,10,2025-02-14,INTERMUNICIPAL,FRETAMENTO,45.007.937/0001-27,"Expresso de Prata , Andorinha , Expresso Adamantina , Reunidas Paulista , Motta",EXPRESSO DE PRATA LTDA,,,,PRESTAÇÃO DE SERVIÇO DA EMPRESA,REGULAR,2025-02-10,-4.0,NO PRAZO,-4.0,TC3,OK
2025020309555930,,2025-02-04,25,2025-03-01,INTERMUNICIPAL,FRETAMENTO,47.939.199/0001-81,RAFAELA TRANSPORTES,HELIO APARECIDO BRAGA 06885710857 - ME,TRANSPORTE,Duartina,Garça,TRANSPORTE CLANDESTINO,FISCALIZAÇÃO,2025-02-14,-15.0,NO PRAZO,-15.0,,OK
2025020311513882,,2025-02-04,10,2025-02-14,INTERMUNICIPAL,REGULAR,47.987.425/0001-08,CRISTALENSE TRANSPORTES E TURISMO LTDA,CRISTALENSE TRANSPORTES E TURISMO LTDA,,Franca,,SOLICITAÇÃO DE INFORMAÇÃO,REGULAR,2025-02-14,0.0,NO PRAZO,0.0,TC1,OK
2025012311383711,,2025-02-05,10,2025-02-15,INTERMUNICIPAL,REGULAR,45.992.724/0001-05,RAPIDO LUXO CAMPINAS LTDA,RAPIDO LUXO CAMPINAS LTDA,RAPIDO CAMPINAS,Jundiaí,Vinhedo,ADIANTAMENTO/ATRASO DE VEÍCULO,FISCALIZAÇÃO,2025-02-05,-10.0,NO PRAZO,-10.0,,OK
2025012308570972,,2025-02-05,10,2025-02-15,INTERMUNICIPAL,REGULAR,45.992.724/0001-05,RAPIDO LUXO CAMPINAS LTDA,RAPIDO LUXO CAMPINAS LTDA,RAPIDO CAMPINAS,Cabreúva,Jundiaí,ADIANTAMENTO/ATRASO DE VEÍCULO,FISCALIZAÇÃO,2025-02-06,-9.0,NO PRAZO,-9.0,,OK
2025012215250916,,2025-02-05,10,2025-02-15,INTERMUNICIPAL,REGULAR,75.156.265/0001-82,TRANSPEN-TRANSPORTE COLETIVO E ENCOMENDAS LTDA,TRANSPEN-TRANSPORTE COLETIVO E ENCOMENDAS LTDA,,São Paulo,,MÁ CONDIÇÃO DE VEÍCULO,FISCALIZAÇÃO,2025-02-05,-10.0,NO PRAZO,-10.0,,OK
2025020310001843,,2025-02-05,10,2025-02-15,INTERMUNICIPAL,REGULAR,13.245.713/0001-67,VIASOL TRANSPORTES RODOVIÁRIOS LTDA.,VIASOL TRANSPORTES RODOVIÁRIOS LTDA.,,Araras,Piracicaba,MÁ CONDIÇÃO DE VEÍCULO,FISCALIZAÇÃO,2025-02-13,-2.0,NO PRAZO,-2.0,,OK
2025020319490967,,2025-02-06,25,2025-03-03,INTERMUNICIPAL,FRETAMENTO,47.939.199/0001-81,LPM TRANSPORTES,HELIO APARECIDO BRAGA 06885710857 - ME,TRANSPORTE,Ibaté,São Carlos,TRANSPORTE CLANDESTINO,FISCALIZAÇÃO,2025-02-25,-6.0,NO PRAZO,-6.0,,OK
2025020509261054,,2025-02-06,25,2025-03-03,INTERMUNICIPAL,FRETAMENTO,47.939.199/0001-81,RAFAELA TRANSPORTES,HELIO APARECIDO BRAGA 06885710857 - ME,TRANSPORTE,Duartina,Garça,TRANSPORTE CLANDESTINO,FISCALIZAÇÃO,2025-02-14,-17.0,NO PRAZO,-17.0,,OK
2025020511303323,,2025-02-06,10,2025-02-16,INTERMUNICIPAL,REGULAR,54.360.623/0001-02,VIAÇÃO PIRACICABANA S/A,VIAÇÃO PIRACICABANA S/A,PIRACICABANA,,Águas de São Pedro,MUDANÇA DE ITINERÁRIO,REGULAR,2025-02-20,4.0,ATRASADO,4.0,TC1,OK
2025020506250685,,2025-02-06,10,2025-02-16,INTERMUNICIPAL,REGULAR,54.049.754/0001-65,VIAÇÃO VALE DO TIETE LTDA,VIAÇÃO VALE DO TIETE LTDA,VALE DO TIETE,Jacareí,Cabreúva,MUDANÇA DE TABELA DE HORÁRIO,REGULAR,2025-02-06,-10.0,NO PRAZO,-10.0,TC2,OK
2025020511253140,,2025-02-06,10,2025-02-16,INTERMUNICIPAL,REGULAR,54.360.623/0001-02,VIAÇÃO PIRACICABANA S/A,VIAÇÃO PIRACICABANA S/A,PIRACICABANA,,Águas de São Pedro,MUDANÇA DE ITINERÁRIO,REGULAR,2025-02-07,-9.0,NO PRAZO,-9.0,TC1,OK
2025020316564933,,2025-02-06,21,2025-02-27,INTERMUNICIPAL,,,,,,,,SOLICITAÇÃO DE INFORMAÇÃO,DPL-COORDENADORIA,2025-02-28,1.0,ATRASADO,1.0,,OK
2025020519252679,,2025-02-07,10,2025-02-17,INTERMUNICIPAL,REGULAR,52.771.516/0001-33,VIAÇÃO SANTA CRUZ LTDA,VIAÇÃO SANTA CRUZ LTDA,,Artur Nogueira,Mogi Mirim,MUDANÇA DE TABELA DE HORÁRIO,REGULAR,2025-02-10,-7.0,NO PRAZO,-7.0,TC1,OK
2025020214380159,,2025-02-07,10,2025-02-17,INTERMUNICIPAL,REGULAR,61.084.018/0001-03,VIAÇÃO COMETA S/A,VIAÇÃO COMETA S/A,COMETA,Araraquara,São Paulo,PRESTAÇÃO DE SERVIÇO DA EMPRESA,REGULAR,2025-02-17,0.0,NO PRAZO,0.0,TC4,OK
2025012410084923,,2025-02-10,10,2025-02-20,INTERMUNICIPAL,REGULAR,45.992.724/0001-05,RAPIDO LUXO CAMPINAS LTDA,RAPIDO LUXO CAMPINAS LTDA,RAPIDO CAMPINAS,Jundiaí,Cajamar,MÁ CONDIÇÃO DE VEÍCULO,FISCALIZAÇÃO,2025-02-27,7.0,ATRASADO,7.0,,OK
2025012412331979,,2025-02-10,10,2025-02-20,INTERMUNICIPAL,REGULAR,72.543.978/0001-00,GUERINO SEISCENTO TRANSPORTES S/A,GUERINO SEISCENTO TRANSPORTES S/A,,Campinas,Panorama,GRATUIDADE DE IDOSOS,REGULAR,2025-02-17,-3.0,NO PRAZO,-3.0,TC3,OK
2025012715425782,,2025-02-10,10,2025-02-20,INTERMUNICIPAL,REGULAR,54.360.623/0001-02,VIAÇÃO PIRACICABANA S/A,VIAÇÃO PIRACICABANA S/A,PIRACICABANA,Ribeirão Preto,Jaboticabal,PRESTAÇÃO DE SERVIÇO DA EMPRESA,REGULAR,2025-02-17,-3.0,NO PRAZO,-3.0,TC1,OK
2025012714381023,,2025-02-10,10,2025-02-20,INTERMUNICIPAL,REGULAR,53.418.976/0001-45,AVOA DE CANDIDO MOTA LTDA - EPP,AVOA DE CANDIDO MOTA LTDA - EPP,,Santa Cruz do Rio Pardo,São Paulo,GRATUIDADE DE ESTUDANTE,REGULAR,2025-02-17,-3.0,NO PRAZO,-3.0,TC3,OK
2025020508005020,,2025-02-10,10,2025-02-20,INTERMUNICIPAL,REGULAR,43.377.936/0001-49,JANDAIA TRANSPORTES E TURISMO LTDA,JANDAIA TRANSPORTES E TURISMO LTDA,,Presidente Prudente,,PRESTAÇÃO DE SERVIÇO DA EMPRESA,REGULAR,2025-02-18,-2.0,NO PRAZO,-2.0,TC3,OK
2024123119125623,,2025-02-10,10,2025-02-20,INTERMUNICIPAL,REGULAR,45.992.724/0001-05,RAPIDO LUXO CAMPINAS LTDA,RAPIDO LUXO CAMPINAS LTDA,RAPIDO CAMPINAS,Vinhedo,Jundiaí,ADIANTAMENTO/ATRASO DE VEÍCULO,FISCALIZAÇÃO,2025-02-10,-10.0,NO PRAZO,-10.0,,OK
2025020716125014,,2025-02-10,10,2025-02-20,INTERMUNICIPAL,,,,,,Valparaíso,Araçatuba,TRANSPORTE CLANDESTINO,FISCALIZAÇÃO,2025-02-21,1.0,ATRASADO,1.0,,OK
2025020811181114,,2025-02-11,10,2025-02-21,INTERMUNICIPAL,,,,,,Artur Nogueira,Mogi Mirim,MUDANÇA DE TABELA DE HORÁRIO,REGULAR,2025-02-19,-2.0,NO PRAZO,-2.0,TC1,OK
2025012712264372,,2025-02-11,10,2025-02-21,INTERMUNICIPAL,REGULAR,45.992.724/0001-05,RAPIDO LUXO CAMPINAS LTDA,RAPIDO LUXO CAMPINAS LTDA,RAPIDO CAMPINAS,Campo Limpo Paulista,,GRATUIDADE DE ESTUDANTE,REGULAR,2025-02-18,-3.0,NO PRAZO,-3.0,TC1,OK
2025012712321174,,2025-02-11,10,2025-02-21,INTERMUNICIPAL,REGULAR,07.022.473/0001-39,RAPIDO FENIX VIAÇÃO LTDA,RAPIDO FENIX VIAÇÃO LTDA,,Morungaba,Itatiba,PRESTAÇÃO DE SERVIÇO DA EMPRESA,REGULAR,2025-02-19,-2.0,NO PRAZO,-2.0,TC1,OK
2025012217575266,,2025-02-11,10,2025-02-21,INTERMUNICIPAL,REGULAR,45.605.755/0001-58,AUTO VIAÇÃO BRAGANCA LTDA,AUTO VIAÇÃO BRAGANCA LTDA,,Bragança Paulista,Atibaia,MÁ CONDIÇÃO DE VEÍCULO,FISCALIZAÇÃO,2025-02-12,-9.0,NO PRAZO,-9.0,,OK
2025021015455761,,2025-02-12,10,2025-02-22,INTERMUNICIPAL,REGULAR,61.586.160/0001-59,ELUX S.S. EXPRESSO LUXO SAO PAULO SANTOS LTDA,ELUX S.S. EXPRESSO LUXO SAO PAULO SANTOS LTDA,EXPRESSO LUXO,Santos,São Paulo,TRANSPORTE CLANDESTINO,FISCALIZAÇÃO,2025-02-25,3.0,ATRASADO,3.0,,OK
2025020812345372,,2025-02-12,10,2025-02-22,INTERMUNICIPAL,REGULAR,43.377.936/0001-49,JANDAIA TRANSPORTES E TURISMO LTDA,JANDAIA TRANSPORTES E TURISMO LTDA,,Presidente Prudente,,ADIANTAMENTO/ATRASO DE VEÍCULO,FISCALIZAÇÃO,2025-02-21,,NO PRAZO,-1.0,,OK
2025021113245649,,2025-02-13,25,2025-03-10,INTERMUNICIPAL,,,,,,Valparaíso,Araçatuba,TRANSPORTE CLANDESTINO,FISCALIZAÇÃO,2025-02-21,-17.0,NO PRAZO,-17.0,,OK
2025021112213072,,2025-02-13,25,2025-03-10,INTERMUNICIPAL,FRETAMENTO,47.939.199/0001-81,RAFAELA TRANSPORTES,HELIO APARECIDO BRAGA 06885710857 - ME,TRANSPORTE,Duartina,,TRANSPORTE CLANDESTINO,FISCALIZAÇÃO,2025-02-14,-24.0,NO PRAZO,-24.0,,OK
2025021112104795,,2025-02-13,25,2025-03-10,INTERMUNICIPAL,FRETAMENTO,47.939.199/0001-81,RAFAELA TRANSPORTES,HELIO APARECIDO BRAGA 06885710857 - ME,TRANSPORTE,Duartina,Garça,TRANSPORTE CLANDESTINO,FISCALIZAÇÃO,2025-02-14,-24.0,NO PRAZO,-24.0,,OK
2025021215404871,,2025-02-13,25,2025-03-10,INTERMUNICIPAL,REGULAR,61.586.160/0001-59,ELUX S.S. EXPRESSO LUXO SAO PAULO SANTOS LTDA,ELUX S.S. EXPRESSO LUXO SAO PAULO SANTOS LTDA,EXPRESSO LUXO,Santos,São Paulo,TRANSPORTE CLANDESTINO,FISCALIZAÇÃO,2025-02-25,-13.0,NO PRAZO,-13.0,,OK
2025021315272430,,2025-02-14,10,2025-02-24,INTERMUNICIPAL,FRETAMENTO,47.939.199/0001-81,RAFAELA TRANSPORTES,HELIO APARECIDO BRAGA 06885710857 - ME,TRANSPORTE,Duartina,,TRANSPORTE CLANDESTINO,FISCALIZAÇÃO,2025-02-14,-10.0,NO PRAZO,-10.0,,OK
2025012011483486,,2025-02-14,10,2025-02-24,INTERMUNICIPAL,FRETAMENTO,47.939.199/0001-81,VB TRANSPORTES/VIAÇÃO LIRA,HELIO APARECIDO BRAGA 06885710857 - ME,TRANSPORTE,,,GRATUIDADE DE ESTUDANTE,REGULAR,2025-02-20,-4.0,NO PRAZO,-4.0,TC1,OK
2025021315313877,,2025-02-14,10,2025-02-24,INTERMUNICIPAL,FRETAMENTO,47.939.199/0001-81,RAFAELA TRANSPORTES,HELIO APARECIDO BRAGA 06885710857 - ME,TRANSPORTE,Duartina,,TRANSPORTE CLANDESTINO,FISCALIZAÇÃO,2025-02-14,-10.0,NO PRAZO,-10.0,,OK
2025021216011379,,2025-02-14,10,2025-02-24,INTERMUNICIPAL,FRETAMENTO,,CELSO APARECIDO,,,Birigui,,SOLICITAÇÃO FRETAMENTO,FRETAMENTO,2025-02-14,-10.0,NO PRAZO,-10.0,,OK
2025020615402189,,2025-02-17,10,2025-02-27,INTERMUNICIPAL,REGULAR,45.992.724/0001-05,RAPIDO LUXO CAMPINAS LTDA,RAPIDO LUXO CAMPINAS LTDA,RAPIDO CAMPINAS,Jundiaí,Cabreúva,SUPERLOTAÇÃO DE ÔNIBUS,FISCALIZAÇÃO,2025-02-25,-2.0,NO PRAZO,-2.0,,OK
2025021620460249,,2025-02-17,10,2025-02-27,INTERMUNICIPAL,REGULAR,68.260.371/0001-46,RAPIDO SUMARE LTDA,RAPIDO SUMARE LTDA,RAPIDO SUMARE,Saltinho,Piracicaba,TRANSPORTE CLANDESTINO,FISCALIZAÇÃO,2025-02-26,-1.0,NO PRAZO,-1.0,,OK
2025020606413235,,2025-02-17,10,2025-02-27,INTERMUNICIPAL,REGULAR,55.334.262/0001-84,EMPRESA DE TRANSPORTES ANDORINHA S/A,EMPRESA DE TRANSPORTES ANDORINHA S/A,,Santo Anastácio,Presidente Prudente,ADIANTAMENTO/ATRASO DE VEÍCULO,FISCALIZAÇÃO,2025-02-21,-6.0,NO PRAZO,-6.0,,OK
2025020514165092,,2025-02-17,10,2025-02-27,INTERMUNICIPAL,REGULAR,55.334.262/0001-84,EMPRESA DE TRANSPORTES ANDORINHA S/A,EMPRESA DE TRANSPORTES ANDORINHA S/A,,Santo Anastácio,Presidente Prudente,ADIANTAMENTO/ATRASO DE VEÍCULO,FISCALIZAÇÃO,2025-02-21,-6.0,NO PRAZO,-6.0,,OK
2025020509282839,,2025-02-17,10,2025-02-27,INTERMUNICIPAL,REGULAR,81.159.857/0001-50,EMPRESA PRINCESA DO NORTE S/A,EMPRESA PRINCESA DO NORTE S/A,,São Paulo,Piraju,MÁ CONDIÇÃO DE VEÍCULO,FISCALIZAÇÃO,2025-02-26,-1.0,NO PRAZO,-1.0,,OK
2025020507321236,,2025-02-17,10,2025-02-27,INTERMUNICIPAL,REGULAR,43.377.936/0001-49,JANDAIA TRANSPORTES E TURISMO LTDA,JANDAIA TRANSPORTES E TURISMO LTDA,,Presidente Prudente,,ADIANTAMENTO/ATRASO DE VEÍCULO,FISCALIZAÇÃO,2025-02-21,-6.0,NO PRAZO,-6.0,,OK
2025020416575413,,2025-02-17,10,2025-02-27,INTERMUNICIPAL,FRETAMENTO,53.418.976/0001-45,AVOA DE CANDIDO MOTA LTDA - EPP,AVOA DE CANDIDO MOTA LTDA - EPP,,Assis,,REEMBOLSO DE PASSAGEM ,REGULAR,2025-02-24,-3.0,NO PRAZO,-3.0,TC3,OK
2025013111512430,,2025-02-17,10,2025-02-27,INTERMUNICIPAL,FRETAMENTO,58.565.771/0001-06,VIAÇÃO LIRA LTDA,VIAÇÃO LIRA LTDA,LIRABUSS,Jundiaí,Vinhedo,MUDANÇA DE TABELA DE HORÁRIO,REGULAR,2025-02-26,-1.0,NO PRAZO,-1.0,TC1,OK
2025013111482391,,2025-02-17,10,2025-02-27,INTERMUNICIPAL,FRETAMENTO,58.565.771/0001-06,VIAÇÃO LIRA LTDA,VIAÇÃO LIRA LTDA,LIRABUSS,Jundiaí,Vinhedo,MUDANÇA DE TABELA DE HORÁRIO,REGULAR,2025-02-26,-1.0,NO PRAZO,-1.0,TC1,OK
2025021807354215,,2025-02-18,10,2025-02-28,INTERMUNICIPAL,,,,,,Amparo,Serra Negra,TRANSPORTE CLANDESTINO,FISCALIZAÇÃO,2025-02-28,0.0,NO PRAZO,0.0,,OK
2025021708274561,,2025-02-18,10,2025-02-28,INTERMUNICIPAL,REGULAR,13.245.713/0001-67,VIASOL TRANSPORTES RODOVIÁRIOS LTDA.,VIASOL TRANSPORTES RODOVIÁRIOS LTDA.,,Engenheiro Coelho,,ADIANTAMENTO/ATRASO DE VEÍCULO,REGULAR,2025-02-20,-8.0,NO PRAZO,-8.0,TC1,OK
2025021807404714,,2025-02-18,10,2025-02-28,INTERMUNICIPAL,FRETAMENTO,04.591.741/0001-45,Guarizzo e Tambellini,TRANSPORTES GUARIZZO & TAMBELLINI LTDA - EPP,TGT TRANSPORTES,Amparo,Serra Negra,TRANSPORTE CLANDESTINO,FISCALIZAÇÃO,2025-02-28,0.0,NO PRAZO,0.0,,OK
2025021810144285,,2025-02-19,10,2025-03-01,INTERMUNICIPAL,FRETAMENTO,47.939.199/0001-81,MV SERAFIM TRANSPORTES LTDA,HELIO APARECIDO BRAGA 06885710857 - ME,TRANSPORTE,,,TRANSPORTE CLANDESTINO,FISCALIZAÇÃO,2025-02-26,-3.0,NO PRAZO,-3.0,,OK
2025021015281470,,2025-02-20,10,2025-03-02,INTERMUNICIPAL,REGULAR,59.965.038/0001-41,EXPRESSO ITAMARATI S/A,EXPRESSO ITAMARATI S/A,,São José do Rio Preto,Ribeirão Preto,ADIANTAMENTO/ATRASO DE VEÍCULO,REGULAR,2025-02-25,-5.0,NO PRAZO,-5.0,TC4,OK
2025021916201119,,2025-02-20,10,2025-03-02,INTERMUNICIPAL,REGULAR,61.563.557/0001-25,EMPRESA DE ÔNIBUS PASSARO MARRON S/A,EMPRESA DE ÔNIBUS PASSARO MARRON S/A,PASSARO MARRON,,,SUGESTÃO,REGULAR,2025-02-20,-10.0,NO PRAZO,-10.0,TC5,OK
2025021008430582,,2025-02-20,10,2025-03-02,INTERMUNICIPAL,REGULAR,59.965.038/0001-41,EXPRESSO ITAMARATI S/A,EXPRESSO ITAMARATI S/A,,São José do Rio Preto,Nova Granada,MUDANÇA DE TABELA DE HORÁRIO,REGULAR,2025-02-27,-3.0,NO PRAZO,-3.0,TC4,OK
2025022006551858,,2025-02-20,10,2025-03-02,INTERMUNICIPAL,FRETAMENTO,65.435.117/0001-43,ORION TRANSPORTES,ORION TRANSPORTES LTDA,ORION,,,MÁ CONDUTA DE FUNCIONÁRIOS,FISCALIZAÇÃO,2025-02-21,-9.0,NO PRAZO,-9.0,,OK
2025022008210770,,2025-02-21,10,2025-03-03,INTERMUNICIPAL,FRETAMENTO,47.939.199/0001-81,MV SERAFIM TRANSPORTES LTDA,HELIO APARECIDO BRAGA 06885710857 - ME,TRANSPORTE,,,TRANSPORTE CLANDESTINO,FISCALIZAÇÃO,2025-02-26,-5.0,NO PRAZO,-5.0,,OK
2025022008322257,,2025-02-21,10,2025-03-03,INTERMUNICIPAL,REGULAR,46.782.819/0001-59,TRANSPORTADORA TURÍSTICA PETITTO LTDA,TRANSPORTADORA TURÍSTICA PETITTO LTDA,,Ribeirão Preto,Guariba,ADIANTAMENTO/ATRASO DE VEÍCULO,FISCALIZAÇÃO,2025-02-25,-6.0,NO PRAZO,-6.0,,OK
2025020710072517,,2025-02-21,10,2025-03-03,INTERMUNICIPAL,REGULAR,45.992.724/0001-05,RAPIDO LUXO CAMPINAS LTDA,RAPIDO LUXO CAMPINAS LTDA,RAPIDO CAMPINAS,Cabreúva,Jundiaí,ADIANTAMENTO/ATRASO DE VEÍCULO,FISCALIZAÇÃO,2025-03-12,9.0,ATRASADO,9.0,,OK
2025022016091126,,2025-02-21,10,2025-03-03,INTERMUNICIPAL,,,,,,Piracicaba,Campinas,TRANSPORTE CLANDESTINO,FISCALIZAÇÃO,2025-03-13,10.0,ATRASADO,10.0,,OK
2025021308342663,,2025-02-21,10,2025-03-03,INTERMUNICIPAL,REGULAR,59.965.038/0001-41,EXPRESSO ITAMARATI S/A,EXPRESSO ITAMARATI S/A,,São José do Rio Preto,Onda Verde,MUDANÇA DE TABELA DE HORÁRIO,REGULAR,2025-02-27,-4.0,NO PRAZO,-4.0,TC4,OK
2025022019275712,,2025-02-21,10,2025-03-03,INTERMUNICIPAL,,,,,,Osvaldo Cruz,Tupã,TRANSPORTE CLANDESTINO,FISCALIZAÇÃO,2025-02-21,-10.0,NO PRAZO,-10.0,,OK
2025021916345186,,2025-02-21,10,2025-03-03,INTERMUNICIPAL,REGULAR,51.663.680/0003-26,VIAÇÃO PARATY LTDA,VIAÇÃO PARATY LTDA,,Clementina,Porto Ferreira,MÁ CONDIÇÃO DE VEÍCULO,FISCALIZAÇÃO,2025-02-21,-10.0,NO PRAZO,-10.0,,OK
2025022023082923,,2025-02-21,10,2025-03-03,INTERMUNICIPAL,REGULAR,55.140.818/0001-00,AUTO VIAÇÃO M.M. SOUZA TURISMO LTDA,AUTO VIAÇÃO M.M. SOUZA TURISMO LTDA,,Ribeirão Preto,,TRANSPORTE CLANDESTINO,FISCALIZAÇÃO,2025-03-10,7.0,ATRASADO,7.0,,OK
2025012218260258,,2025-02-24,10,2025-03-06,INTERMUNICIPAL,REGULAR,54.360.623/0001-02,VIAÇÃO PIRACICABANA S/A,VIAÇÃO PIRACICABANA S/A,PIRACICABANA,Ribeirão Preto,Araraquara,MÁ CONDIÇÃO DE VEÍCULO,FISCALIZAÇÃO,2025-02-27,-7.0,NO PRAZO,-7.0,,OK
2025022320330084,,2025-02-24,10,2025-03-06,INTERMUNICIPAL,FRETAMENTO,,JAUENENSE,,,Bauru,Pederneiras,MÁ CONDIÇÃO DE VEÍCULO,FISCALIZAÇÃO,2025-03-20,14.0,ATRASADO,14.0,,OK
2025022320394349,,2025-02-24,10,2025-03-06,INTERMUNICIPAL,FRETAMENTO,,JAUENENSE,,,Bauru,Pederneiras,MÁ CONDIÇÃO DE VEÍCULO,FISCALIZAÇÃO,2025-03-20,14.0,ATRASADO,14.0,,OK
2025020812263572,,2025-02-24,10,2025-03-06,INTERMUNICIPAL,REGULAR,43.377.936/0001-49,JANDAIA TRANSPORTES E TURISMO LTDA,JANDAIA TRANSPORTES E TURISMO LTDA,,Presidente Prudente,,ADIANTAMENTO/ATRASO DE VEÍCULO,FISCALIZAÇÃO,2025-02-25,-9.0,NO PRAZO,-9.0,,OK
2025022108382680,,2025-02-24,10,2025-03-06,INTERMUNICIPAL,REGULAR,45.992.724/0001-05,RAPIDO LUXO CAMPINAS LTDA,RAPIDO LUXO CAMPINAS LTDA,RAPIDO CAMPINAS,Indaiatuba,Jundiaí,GRATUIDADE DE ESTUDANTE,REGULAR,2025-03-06,0.0,NO PRAZO,0.0,TC1,OK
2025021910071367,,2025-02-24,10,2025-03-06,INTERMUNICIPAL,REGULAR,45.992.724/0001-05,RAPIDO LUXO CAMPINAS LTDA,RAPIDO LUXO CAMPINAS LTDA,RAPIDO CAMPINAS,Jundiaí,,MÁ CONDIÇÃO DE VEÍCULO,FISCALIZAÇÃO,2025-02-25,-9.0,NO PRAZO,-9.0,,OK
2025021009303264,,2025-02-24,10,2025-03-06,INTERMUNICIPAL,REGULAR,01.339.438/0001-61,AUTO ÔNIBUS DEL OESTE LTDA - EPP,AUTO ÔNIBUS DEL OESTE LTDA - EPP,,Cravinhos,Ribeirão Preto,ADIANTAMENTO/ATRASO DE VEÍCULO,FISCALIZAÇÃO,2025-02-25,-9.0,NO PRAZO,-9.0,,OK
2025021109232633,,2025-02-24,10,2025-03-06,INTERMUNICIPAL,FRETAMENTO,46.917.472/0001-04,PEVETUR,PEVÊ-TUR TRANSPORTES E TURISMO LTDA,,Nova Aliança,,SUPERLOTAÇÃO DE ÔNIBUS,FISCALIZAÇÃO,2025-03-10,4.0,ATRASADO,4.0,,OK
2025021109532025,,2025-02-24,10,2025-03-06,INTERMUNICIPAL,REGULAR,45.992.724/0001-05,RAPIDO LUXO CAMPINAS LTDA,RAPIDO LUXO CAMPINAS LTDA,RAPIDO CAMPINAS,Cabreúva,Jundiaí,ADIANTAMENTO/ATRASO DE VEÍCULO,FISCALIZAÇÃO,2025-03-12,6.0,ATRASADO,6.0,,OK
2025020710072517,,2025-02-24,10,2025-03-06,INTERMUNICIPAL,REGULAR,45.992.724/0001-05,RAPIDO LUXO CAMPINAS LTDA,RAPIDO LUXO CAMPINAS LTDA,RAPIDO CAMPINAS,Cabreúva,Jundiaí,ADIANTAMENTO/ATRASO DE VEÍCULO,FISCALIZAÇÃO,2025-03-12,6.0,ATRASADO,6.0,,OK
2025020615402189,,2025-02-24,10,2025-03-06,INTERMUNICIPAL,REGULAR,45.992.724/0001-05,RAPIDO LUXO CAMPINAS LTDA,RAPIDO LUXO CAMPINAS LTDA,RAPIDO CAMPINAS,Cabreúva,Jundiaí,ADIANTAMENTO/ATRASO DE VEÍCULO,FISCALIZAÇÃO,2025-02-25,-9.0,NO PRAZO,-9.0,,OK
2025021109532025,,2025-02-24,10,2025-03-06,INTERMUNICIPAL,REGULAR,45.992.724/0001-05,RAPIDO LUXO CAMPINAS LTDA,RAPIDO LUXO CAMPINAS LTDA,RAPIDO CAMPINAS,Cabreúva,Jundiaí,ADIANTAMENTO/ATRASO DE VEÍCULO,FISCALIZAÇÃO,2025-03-12,6.0,ATRASADO,6.0,,OK
2025021114404894,,2025-02-24,10,2025-03-06,INTERMUNICIPAL,REGULAR,45.992.724/0001-05,RAPIDO LUXO CAMPINAS LTDA,RAPIDO LUXO CAMPINAS LTDA,RAPIDO CAMPINAS,,,SUPERLOTAÇÃO DE ÔNIBUS,FISCALIZAÇÃO,2025-02-25,-9.0,NO PRAZO,-9.0,,OK
2025021307233240,,2025-02-24,10,2025-03-06,INTERMUNICIPAL,REGULAR,45.992.724/0001-05,RAPIDO LUXO CAMPINAS LTDA,RAPIDO LUXO CAMPINAS LTDA,RAPIDO CAMPINAS,Cabreúva,Jundiaí,ADIANTAMENTO/ATRASO DE VEÍCULO,FISCALIZAÇÃO,2025-03-12,6.0,ATRASADO,6.0,,OK
2025021411164561,,2025-02-24,10,2025-03-06,INTERMUNICIPAL,REGULAR,45.992.724/0001-05,RAPIDO LUXO CAMPINAS LTDA,RAPIDO LUXO CAMPINAS LTDA,RAPIDO CAMPINAS,Cabreúva,Jundiaí,ADIANTAMENTO/ATRASO DE VEÍCULO,FISCALIZAÇÃO,2025-03-12,6.0,ATRASADO,6.0,,OK
2025021809444729,,2025-02-24,10,2025-03-06,INTERMUNICIPAL,REGULAR,45.992.724/0001-05,RAPIDO LUXO CAMPINAS LTDA,RAPIDO LUXO CAMPINAS LTDA,RAPIDO CAMPINAS,Cabreúva,Jundiaí,ADIANTAMENTO/ATRASO DE VEÍCULO,FISCALIZAÇÃO,2025-03-06,0.0,NO PRAZO,0.0,,OK
2025021810193013,,2025-02-24,10,2025-03-06,INTERMUNICIPAL,REGULAR,45.992.724/0001-05,RAPIDO LUXO CAMPINAS LTDA,RAPIDO LUXO CAMPINAS LTDA,RAPIDO CAMPINAS,Cabreúva,Jundiaí,ADIANTAMENTO/ATRASO DE VEÍCULO,FISCALIZAÇÃO,2025-03-06,0.0,NO PRAZO,0.0,,OK
2025022118424787,,2025-02-25,10,2025-03-07,INTERMUNICIPAL,REGULAR,54.049.754/0001-65,VIAÇÃO VALE DO TIETE LTDA,VIAÇÃO VALE DO TIETE LTDA,VALE DO TIETE,Itupeva,,MUDANÇA DE TABELA DE HORÁRIO,REGULAR,2025-02-25,-10.0,NO PRAZO,-10.0,TC2,OK
2025021414105149,,2025-02-25,10,2025-03-07,INTERMUNICIPAL,REGULAR,55.334.262/0001-84,EMPRESA DE TRANSPORTES ANDORINHA S/A,EMPRESA DE TRANSPORTES ANDORINHA S/A,,Presidente Prudente,São José do Rio Preto,PRESTAÇÃO DE SERVIÇO DA EMPRESA,REGULAR,2025-03-10,3.0,ATRASADO,3.0,TC3,OK
2025021412560942,,2025-02-25,10,2025-03-07,INTERMUNICIPAL,REGULAR,07.022.473/0001-39,RAPIDO FENIX VIAÇÃO LTDA,RAPIDO FENIX VIAÇÃO LTDA,,Itatiba,Jundiaí,ADIANTAMENTO/ATRASO DE VEÍCULO,FISCALIZAÇÃO,2025-03-05,-2.0,NO PRAZO,-2.0,,OK
2025020715324791,,2025-02-25,10,2025-03-07,INTERMUNICIPAL,REGULAR,01.339.438/0001-61,AUTO ÔNIBUS DEL OESTE LTDA - EPP,AUTO ÔNIBUS DEL OESTE LTDA - EPP,,Jardinópolis,Ribeirão Preto,GRATUIDADE DE ESTUDANTE,REGULAR,2025-03-21,14.0,ATRASADO,14.0,,OK
2025021700211442,,2025-02-25,10,2025-03-07,INTERMUNICIPAL,REGULAR,61.084.018/0001-03,VIAÇÃO COMETA S/A,VIAÇÃO COMETA S/A,COMETA,São Paulo,Praia Grande,PRESTAÇÃO DE SERVIÇO DA EMPRESA,REGULAR,2025-02-25,-10.0,NO PRAZO,-10.0,TC5,OK
2025021707170114,,2025-02-25,10,2025-03-07,INTERMUNICIPAL,REGULAR,61.084.018/0001-03,VIAÇÃO COMETA S/A,VIAÇÃO COMETA S/A,COMETA,Jundiaí,,PRESTAÇÃO DE SERVIÇO DA EMPRESA,REGULAR,2025-02-28,-7.0,NO PRAZO,-7.0,TC1,OK
2025022515435065,,2025-02-25,10,2025-03-07,INTERMUNICIPAL,,,,,,Piracicaba,Campinas,TRANSPORTE CLANDESTINO,FISCALIZAÇÃO,2025-03-14,7.0,ATRASADO,7.0,,OK
2025022509370225,,2025-02-27,10,2025-03-09,INTERMUNICIPAL,REGULAR,51.663.680/0003-26,VIAÇÃO PARATY LTDA,VIAÇÃO PARATY LTDA,,Araraquara,São Carlos,SUPERLOTAÇÃO DE ÔNIBUS,FISCALIZAÇÃO,2025-03-14,5.0,ATRASADO,5.0,,OK
2025021711534638,,2025-02-27,10,2025-03-09,INTERMUNICIPAL,REGULAR,54.360.623/0001-02,VIAÇÃO PIRACICABANA S/A,VIAÇÃO PIRACICABANA S/A,PIRACICABANA,Cubatão,São Paulo,MÁ CONDIÇÃO DE VEÍCULO,FISCALIZAÇÃO,2025-03-05,-4.0,NO PRAZO,-4.0,,OK
2025021711571537,,2025-02-27,10,2025-03-09,INTERMUNICIPAL,REGULAR,54.360.623/0001-02,VIAÇÃO PIRACICABANA S/A,VIAÇÃO PIRACICABANA S/A,PIRACICABANA,São Paulo,,MÁ CONDIÇÃO DE VEÍCULO,FISCALIZAÇÃO,2025-03-05,-4.0,NO PRAZO,-4.0,,OK
2025021712001958,,2025-02-27,10,2025-03-09,INTERMUNICIPAL,REGULAR,54.360.623/0001-02,VIAÇÃO PIRACICABANA S/A,VIAÇÃO PIRACICABANA S/A,PIRACICABANA,Cubatão,São Paulo,MÁ CONDIÇÃO DE VEÍCULO,FISCALIZAÇÃO,2025-03-05,-4.0,NO PRAZO,-4.0,,OK
2025021712071518,,2025-02-27,10,2025-03-09,INTERMUNICIPAL,REGULAR,54.360.623/0001-02,VIAÇÃO PIRACICABANA S/A,VIAÇÃO PIRACICABANA S/A,PIRACICABANA,Praia Grande,São Paulo,MÁ CONDIÇÃO DE VEÍCULO,FISCALIZAÇÃO,2025-03-10,1.0,ATRASADO,1.0,,OK
2025021712174595,,2025-02-27,10,2025-03-09,INTERMUNICIPAL,REGULAR,54.360.623/0001-02,VIAÇÃO PIRACICABANA S/A,VIAÇÃO PIRACICABANA S/A,PIRACICABANA,São Paulo,,MÁ CONDIÇÃO DE VEÍCULO,FISCALIZAÇÃO,2025-02-27,-10.0,NO PRAZO,-10.0,,OK
2025021712141015,,2025-02-27,10,2025-03-09,INTERMUNICIPAL,REGULAR,54.360.623/0001-02,VIAÇÃO PIRACICABANA S/A,VIAÇÃO PIRACICABANA S/A,PIRACICABANA,São Paulo,Praia Grande,GRATUIDADE DE IDOSOS,REGULAR,2025-02-28,-9.0,NO PRAZO,-9.0,TC5,OK
2025021712115490,,2025-02-27,10,2025-03-09,INTERMUNICIPAL,REGULAR,54.360.623/0001-02,VIAÇÃO PIRACICABANA S/A,VIAÇÃO PIRACICABANA S/A,PIRACICABANA,Cubatão,São Paulo,ADIANTAMENTO/ATRASO DE VEÍCULO,FISCALIZAÇÃO,2025-03-05,-4.0,NO PRAZO,-4.0,,OK
2025022611372754,,2025-02-27,20,2025-03-19,INTERMUNICIPAL,,,,,,,,SOLICITAÇÃO DE INFORMAÇÃO,DPL-COORDENADORIA,2025-03-14,-5.0,NO PRAZO,-5.0,,OK
2025021712094863,,2025-02-28,10,2025-03-10,INTERMUNICIPAL,REGULAR,07.022.473/0001-39,RAPIDO FENIX VIAÇÃO LTDA,RAPIDO FENIX VIAÇÃO LTDA,,Águas de Lindóia,,ADIANTAMENTO/ATRASO DE VEÍCULO,FISCALIZAÇÃO,2025-02-28,-10.0,NO PRAZO,-10.0,,OK
2025013110095697,,2025-02-28,10,2025-03-10,INTERMUNICIPAL,REGULAR,54.360.623/0001-02,VIAÇÃO PIRACICABANA S/A,VIAÇÃO PIRACICABANA S/A,PIRACICABANA,Bauru,,MÁ CONDIÇÃO DE VEÍCULO,FISCALIZAÇÃO,2025-02-28,-10.0,NO PRAZO,-10.0,,OK
2025021711484470,,2025-02-28,10,2025-03-10,INTERMUNICIPAL,REGULAR,54.360.623/0001-02,VIAÇÃO PIRACICABANA S/A,VIAÇÃO PIRACICABANA S/A,PIRACICABANA,Cubatão,São Paulo,MÁ CONDIÇÃO DE VEÍCULO,FISCALIZAÇÃO,2025-03-05,-5.0,NO PRAZO,-5.0,,OK
2025022115042767,,2025-02-28,10,2025-03-10,INTERMUNICIPAL,REGULAR,61.084.018/0001-03,VIAÇÃO COMETA S/A,VIAÇÃO COMETA S/A,COMETA,São Paulo,Sorocaba,TRANSPORTE CLANDESTINO,FISCALIZAÇÃO,2025-03-18,8.0,ATRASADO,8.0,,OK
2025021416052284,,2025-02-28,10,2025-03-10,INTERMUNICIPAL,REGULAR,44.508.430/0001-94,VIAÇÃO ATIBAIA SÃO PAULO LTDA,VIAÇÃO ATIBAIA SÃO PAULO LTDA,,,,GRATUIDADE DE ESTUDANTE,REGULAR,2025-03-07,-3.0,NO PRAZO,-3.0,TC1,OK
2025022108250325,,2025-03-05,10,2025-03-15,INTERMUNICIPAL,REGULAR,46.782.819/0001-59,TRANSPORTADORA TURÍSTICA PETITTO LTDA,TRANSPORTADORA TURÍSTICA PETITTO LTDA,,Ribeirão Preto,Guariba,ADIANTAMENTO/ATRASO DE VEÍCULO,FISCALIZAÇÃO,2025-03-07,-8.0,NO PRAZO,-8.0,,OK
2025022019190523,,2025-03-05,10,2025-03-15,INTERMUNICIPAL,REGULAR,07.022.473/0001-39,RAPIDO FENIX VIAÇÃO LTDA,RAPIDO FENIX VIAÇÃO LTDA,,Itatiba,São Paulo,MÁ CONDIÇÃO DE VEÍCULO,FISCALIZAÇÃO,2025-03-13,-2.0,NO PRAZO,-2.0,,OK
2025022014142134,,2025-03-05,10,2025-03-15,INTERMUNICIPAL,REGULAR,61.084.018/0001-03,VIAÇÃO COMETA S/A,VIAÇÃO COMETA S/A,COMETA,Praia Grande,Guarulhos,GRATUIDADE DE IDOSOS,REGULAR,2025-03-07,-8.0,NO PRAZO,-8.0,TC5,OK
2025021812175913,,2025-03-05,10,2025-03-15,INTERMUNICIPAL,REGULAR,45.992.724/0001-05,RAPIDO LUXO CAMPINAS LTDA,RAPIDO LUXO CAMPINAS LTDA,RAPIDO CAMPINAS,Vinhedo,Jundiaí,ADIANTAMENTO/ATRASO DE VEÍCULO,FISCALIZAÇÃO,2025-03-07,-8.0,NO PRAZO,-8.0,,OK
2025021816214694,,2025-03-05,10,2025-03-15,INTERMUNICIPAL,REGULAR,07.022.473/0001-39,RAPIDO FENIX VIAÇÃO LTDA,RAPIDO FENIX VIAÇÃO LTDA,,Amparo,Jaguariúna,MÁ CONDIÇÃO DE VEÍCULO,FISCALIZAÇÃO,2025-03-11,-4.0,NO PRAZO,-4.0,,OK
2025021718000389,,2025-03-05,10,2025-03-15,INTERMUNICIPAL,FRETAMENTO,46.014.122/0001-38,VB TRANSPORTES E TURISMO LTDA,VB TRANSPORTES E TURISMO LTDA,VB TRANSPORTES E TURISMO,Indaiatuba,Salto,GRATUIDADE DE ESTUDANTE,REGULAR,2025-03-14,-1.0,NO PRAZO,-1.0,TC1,OK
2025021712575557,,2025-03-05,10,2025-03-15,INTERMUNICIPAL,REGULAR,58.565.771/0001-06,VIAÇÃO LIRA LTDA,VIAÇÃO LIRA LTDA,LIRABUSS,Jundiaí,Campinas,PRESTAÇÃO DE SERVIÇO DA EMPRESA,REGULAR,2025-03-13,-2.0,NO PRAZO,-2.0,TC1,OK
2025030213563926,,2025-03-05,10,2025-03-15,INTERMUNICIPAL,,,,,,Vinhedo,Jundiaí,GRATUIDADE DE IDOSOS,REGULAR,2025-03-17,2.0,ATRASADO,2.0,TC1,OK
2025022614490719,,2025-03-06,10,2025-03-16,INTERMUNICIPAL,REGULAR,59.965.038/0001-41,EXPRESSO ITAMARATI S/A,EXPRESSO ITAMARATI S/A,,Clementina,Porto Ferreira,MÁ CONDIÇÃO DE VEÍCULO,FISCALIZAÇÃO,2025-03-07,-9.0,NO PRAZO,-9.0,,OK
2025030516153173,,2025-03-06,10,2025-03-16,INTERMUNICIPAL,FRETAMENTO,,MF TUR,,,São Paulo,Serra Negra,TRANSPORTE CLANDESTINO,FISCALIZAÇÃO,2025-03-07,-9.0,NO PRAZO,-9.0,,OK
2025021015375483,,2025-03-06,10,2025-03-16,INTERMUNICIPAL,REGULAR,54.360.623/0001-02,VIAÇÃO PIRACICABANA S/A,VIAÇÃO PIRACICABANA S/A,PIRACICABANA,São Paulo,,MÁ CONDUTA DO MOTORISTA,REGULAR,2025-03-17,1.0,ATRASADO,1.0,TC1,OK
2025022111274097,,2025-03-06,10,2025-03-16,INTERMUNICIPAL,REGULAR,54.360.623/0001-02,VIAÇÃO PIRACICABANA S/A,VIAÇÃO PIRACICABANA S/A,PIRACICABANA,Américo Brasiliense,Araraquara,MUDANÇA DE TABELA DE HORÁRIO,REGULAR,2025-03-13,-3.0,NO PRAZO,-3.0,TC4,OK
2025022009454664,,2025-03-06,10,2025-03-16,INTERMUNICIPAL,REGULAR,53.418.976/0001-45,AVOA DE CANDIDO MOTA LTDA - EPP,AVOA DE CANDIDO MOTA LTDA - EPP,,Andradina,São Paulo,PRESTAÇÃO DE SERVIÇO DA EMPRESA,REGULAR,2025-03-13,-3.0,NO PRAZO,-3.0,TC3,OK
2025022416104633,,2025-03-06,10,2025-03-16,INTERMUNICIPAL,REGULAR,45.992.724/0001-05,RAPIDO LUXO CAMPINAS LTDA,RAPIDO LUXO CAMPINAS LTDA,RAPIDO CAMPINAS,Jundiaí,Itupeva,MÁ CONDIÇÃO DE VEÍCULO,FISCALIZAÇÃO,2025-03-24,8.0,ATRASADO,8.0,,OK
2025022509190161,,2025-03-06,10,2025-03-16,INTERMUNICIPAL,REGULAR,45.992.724/0001-05,RAPIDO LUXO CAMPINAS LTDA,RAPIDO LUXO CAMPINAS LTDA,RAPIDO CAMPINAS,Itupeva,,ADIANTAMENTO/ATRASO DE VEÍCULO,FISCALIZAÇÃO,2025-03-17,1.0,ATRASADO,1.0,,OK
2025022511390728,,2025-03-06,10,2025-03-16,INTERMUNICIPAL,REGULAR,45.992.724/0001-05,RAPIDO LUXO CAMPINAS LTDA,RAPIDO LUXO CAMPINAS LTDA,RAPIDO CAMPINAS,Jundiaí,Cabreúva,ADIANTAMENTO/ATRASO DE VEÍCULO,FISCALIZAÇÃO,2025-03-07,-9.0,NO PRAZO,-9.0,,OK
2025030416092489,,2025-03-06,10,2025-03-16,INTERMUNICIPAL,,,,,,Vargem Grande do Sul,São João da Boa Vista,ADIANTAMENTO/ATRASO DE VEÍCULO,FISCALIZAÇÃO,2025-03-19,3.0,ATRASADO,3.0,,OK
2025022510362416,,2025-03-06,10,2025-03-16,INTERMUNICIPAL,REGULAR,07.022.473/0001-39,RAPIDO FENIX VIAÇÃO LTDA,RAPIDO FENIX VIAÇÃO LTDA,,Itatiba,Jundiaí,ADIANTAMENTO/ATRASO DE VEÍCULO,FISCALIZAÇÃO,2025-03-07,-9.0,NO PRAZO,-9.0,,OK
2025022611393222,,2025-03-06,20,2025-03-26,INTERMUNICIPAL,REGULAR,01.339.438/0001-61,AUTO ÔNIBUS DEL OESTE LTDA - EPP,AUTO ÔNIBUS DEL OESTE LTDA - EPP,,,São Simão,SUPERLOTAÇÃO DE ÔNIBUS,FISCALIZAÇÃO,2025-03-17,-9.0,NO PRAZO,-9.0,,OK
2025022619050669,,2025-03-06,29,2025-04-04,INTERMUNICIPAL,REGULAR,01.339.438/0001-61,AUTO ÔNIBUS DEL OESTE LTDA - EPP,AUTO ÔNIBUS DEL OESTE LTDA - EPP,,Jaboticabal,Ribeirão Preto,MÁ CONDIÇÃO DE VEÍCULO,FISCALIZAÇÃO,2025-04-03,-1.0,NO PRAZO,-1.0,,OK
2025022719300451,,2025-03-06,29,2025-04-04,INTERMUNICIPAL,REGULAR,01.339.438/0001-61,AUTO ÔNIBUS DEL OESTE LTDA - EPP,AUTO ÔNIBUS DEL OESTE LTDA - EPP,,Jaboticabal,Ribeirão Preto,ADIANTAMENTO/ATRASO DE VEÍCULO,FISCALIZAÇÃO,2025-04-03,-1.0,NO PRAZO,-1.0,,OK
2025022508270684,,2025-03-06,10,2025-03-16,INTERMUNICIPAL,REGULAR,46.782.819/0001-59,TRANSPORTADORA TURÍSTICA PETITTO LTDA,TRANSPORTADORA TURÍSTICA PETITTO LTDA,,Ribeirão Preto,Guariba,ADIANTAMENTO/ATRASO DE VEÍCULO,FISCALIZAÇÃO,2025-03-07,-9.0,NO PRAZO,-9.0,,OK
2025022514574528,,2025-03-06,10,2025-03-16,INTERMUNICIPAL,REGULAR,44.993.632/0001-79,EMPRESAS REUNIDAS PAULISTA DE TRANSPORTES LTDA,EMPRESAS REUNIDAS PAULISTA DE TRANSPORTES LTDA,,Araçatuba,Ribeirão Preto,MUDANÇA DE TABELA DE HORÁRIO,REGULAR,2025-03-14,-2.0,NO PRAZO,-2.0,TC3,OK
2025030322104726,,2025-03-06,10,2025-03-16,INTERMUNICIPAL,,,,,,,,SOLICITAÇÃO DE INFORMAÇÃO,OUVIDORIA LOCAL,2025-03-07,-9.0,NO PRAZO,-9.0,,OK
2025030615012084,,2025-03-07,10,2025-03-17,INTERMUNICIPAL,,,,,,Ilha Comprida,Registro,TRANSPORTE CLANDESTINO,FISCALIZAÇÃO,2025-03-19,2.0,ATRASADO,2.0,,OK
2025020616063648,,2025-03-07,10,2025-03-17,INTERMUNICIPAL,REGULAR,44.944.577/0001-27,VIAÇÃO SÃO BENTO LTDA,VIAÇÃO SÃO BENTO LTDA,,Serrana,Ribeirão Preto,PRESTAÇÃO DE SERVIÇO DA EMPRESA,REGULAR,2025-03-10,-7.0,NO PRAZO,-7.0,TC1,OK
2025030419055977,,2025-03-07,10,2025-03-17,INTERMUNICIPAL,REGULAR,51.663.680/0003-26,VIAÇÃO PARATY LTDA,VIAÇÃO PARATY LTDA,,Guariba,Jaboticabal,ADIANTAMENTO/ATRASO DE VEÍCULO,REGULAR,2025-03-12,-5.0,NO PRAZO,-5.0,TC4,OK
2025022611594777,,2025-03-07,10,2025-03-17,INTERMUNICIPAL,FRETAMENTO,58.565.771/0001-06,LIRABUS,VIAÇÃO LIRA LTDA,LIRABUSS,Jundiaí,,PRESTAÇÃO DE SERVIÇO DA EMPRESA,REGULAR,2025-03-17,0.0,NO PRAZO,0.0,TC1,OK
2025022114050950,,2025-03-10,10,2025-03-20,INTERMUNICIPAL,REGULAR,07.022.473/0001-39,RAPIDO FENIX VIAÇÃO LTDA,RAPIDO FENIX VIAÇÃO LTDA,,Itatiba,São Paulo,MÁ CONDUTA DO MOTORISTA,FISCALIZAÇÃO,2025-03-25,5.0,ATRASADO,5.0,,OK
2025022418010647,,2025-03-10,10,2025-03-20,INTERMUNICIPAL,REGULAR,07.022.473/0001-39,RAPIDO FENIX VIAÇÃO LTDA,RAPIDO FENIX VIAÇÃO LTDA,,Itatiba,Jundiaí,SUPERLOTAÇÃO DE ÔNIBUS,FISCALIZAÇÃO,2025-03-10,-10.0,NO PRAZO,-10.0,,OK
2025022718360939,,2025-03-10,25,2025-04-04,INTERMUNICIPAL,REGULAR,01.339.438/0001-61,AUTO ÔNIBUS DEL OESTE LTDA - EPP,AUTO ÔNIBUS DEL OESTE LTDA - EPP,,Jaboticabal,Ribeirão Preto,ADIANTAMENTO/ATRASO DE VEÍCULO,FISCALIZAÇÃO,2025-04-03,-1.0,NO PRAZO,-1.0,,OK
2025022619171682,,2025-03-10,10,2025-03-20,INTERMUNICIPAL,REGULAR,07.022.473/0001-39,RAPIDO FENIX VIAÇÃO LTDA,RAPIDO FENIX VIAÇÃO LTDA,,Amparo,Jaguariúna,ADIANTAMENTO/ATRASO DE VEÍCULO,FISCALIZAÇÃO,2025-03-11,-9.0,NO PRAZO,-9.0,,OK
2025022816295193,,2025-03-10,10,2025-03-20,INTERMUNICIPAL,REGULAR,45.992.724/0001-05,RAPIDO LUXO CAMPINAS LTDA,RAPIDO LUXO CAMPINAS LTDA,RAPIDO CAMPINAS,Jundiaí,Franco da Rocha,ADIANTAMENTO/ATRASO DE VEÍCULO,FISCALIZAÇÃO,2025-03-25,5.0,ATRASADO,5.0,,OK
2025022519063475,,2025-03-10,10,2025-03-20,INTERMUNICIPAL,REGULAR,56.927.163/0003-30,VIAÇÃO DANUBIO AZUL LTDA,VIAÇÃO DANUBIO AZUL LTDA,,São Roque,Cotia,ADIANTAMENTO/ATRASO DE VEÍCULO,FISCALIZAÇÃO,2025-03-21,1.0,ATRASADO,1.0,,OK
2025021619205464,,2025-03-10,10,2025-03-20,INTERMUNICIPAL,REGULAR,44.944.577/0001-27,VIAÇÃO SÃO BENTO LTDA,VIAÇÃO SÃO BENTO LTDA,,Ribeirão Preto,,GRATUIDADE DE ESTUDANTE,REGULAR,2025-03-17,-3.0,NO PRAZO,-3.0,TC1,OK
2025030710311815,,2025-03-10,10,2025-03-20,INTERMUNICIPAL,REGULAR,55.334.262/0001-84,EMPRESA DE TRANSPORTES ANDORINHA S/A,EMPRESA DE TRANSPORTES ANDORINHA S/A,,São Paulo,Paraguaçu Paulista,GRATUIDADE DE IDOSOS,REGULAR,2025-03-19,-1.0,NO PRAZO,-1.0,TC3,OK
2025022609285215,,2025-03-10,10,2025-03-20,INTERMUNICIPAL,REGULAR,43.377.936/0001-49,JANDAIA TRANSPORTES E TURISMO LTDA,JANDAIA TRANSPORTES E TURISMO LTDA,,Presidente Prudente,Taciba,ADIANTAMENTO/ATRASO DE VEÍCULO,FISCALIZAÇÃO,2025-03-10,-10.0,NO PRAZO,-10.0,,OK
2025022618563921,,2025-03-10,10,2025-03-20,INTERMUNICIPAL,REGULAR,59.965.038/0001-41,EXPRESSO ITAMARATI S/A,EXPRESSO ITAMARATI S/A,,Jaboticabal,Ribeirão Preto,ADIANTAMENTO/ATRASO DE VEÍCULO,FISCALIZAÇÃO,2025-03-10,-10.0,NO PRAZO,-10.0,,OK
2025030710225816,,2025-03-10,10,2025-03-20,INTERMUNICIPAL,REGULAR,54.360.623/0001-02,VIAÇÃO PIRACICABANA S/A,VIAÇÃO PIRACICABANA S/A,PIRACICABANA,São Paulo,Peruíbe,GRATUIDADE DE IDOSOS,REGULAR,2025-03-11,-9.0,NO PRAZO,-9.0,TC5,OK
2025030419055977,,2025-03-10,10,2025-03-20,INTERMUNICIPAL,REGULAR,51.663.680/0003-26,VIAÇÃO PARATY LTDA,VIAÇÃO PARATY LTDA,,Guariba,Jaboticabal,ADIANTAMENTO/ATRASO DE VEÍCULO,FISCALIZAÇÃO,2025-03-12,-8.0,NO PRAZO,-8.0,,OK
2025031014300139,,2025-03-11,22,2025-04-02,INTERMUNICIPAL,REGULAR,61.563.557/0001-25,EMPRESA DE ÔNIBUS PASSARO MARRON S/A,EMPRESA DE ÔNIBUS PASSARO MARRON S/A,PASSARO MARRON,São Paulo,Caraguatatuba,GRATUIDADE POLICIAIS,DPL-COORDENADORIA,2025-04-01,-1.0,NO PRAZO,-1.0,TC5,OK
2025031117190534,,2025-03-12,10,2025-03-22,INTERMUNICIPAL,REGULAR,55.140.818/0001-00,AUTO VIAÇÃO M.M. SOUZA TURISMO LTDA,AUTO VIAÇÃO M.M. SOUZA TURISMO LTDA,,,São Paulo,TRANSPORTE CLANDESTINO,FISCALIZAÇÃO,2025-03-20,-2.0,NO PRAZO,-2.0,,OK
2025031118185412,,2025-03-12,21,2025-04-02,INTERMUNICIPAL,,,,,,São Sebastião,Bertioga,PRESTAÇÃO DE SERVIÇO DA EMPRESA,DPL-COORDENADORIA,2025-04-01,-1.0,NO PRAZO,-1.0,TC5,OK
2025030710340351,,2025-03-12,10,2025-03-22,INTERMUNICIPAL,FRETAMENTO,61.084.000/0001-01,ULTRA S/A - TRANSPORTES INTERURBANOS,ULTRA S/A - TRANSPORTES INTERURBANOS,ULTRA,São Paulo,Guarujá,ADIANTAMENTO/ATRASO DE VEÍCULO,FISCALIZAÇÃO,2025-03-13,-9.0,NO PRAZO,-9.0,,OK
2025030710275972,,2025-03-12,10,2025-03-22,INTERMUNICIPAL,REGULAR,61.084.018/0001-03,VIAÇÃO COMETA S/A,VIAÇÃO COMETA S/A,COMETA,São Vicente,São Paulo,GRATUIDADE DE IDOSOS,REGULAR,2025-03-12,-10.0,NO PRAZO,-10.0,TC5,OK
2025030711114643,,2025-03-12,10,2025-03-22,INTERMUNICIPAL,REGULAR,54.360.623/0001-02,VIAÇÃO PIRACICABANA S/A,VIAÇÃO PIRACICABANA S/A,PIRACICABANA,São Paulo,Cubatão,ADIANTAMENTO/ATRASO DE VEÍCULO,FISCALIZAÇÃO,2025-03-13,-9.0,NO PRAZO,-9.0,,OK
2025021619205464,,2025-03-12,10,2025-03-22,INTERMUNICIPAL,REGULAR,44.944.577/0001-27,VIAÇÃO SÃO BENTO LTDA,VIAÇÃO SÃO BENTO LTDA,,Ribeirão Preto,,GRATUIDADE DE ESTUDANTE,REGULAR,2025-03-17,-5.0,NO PRAZO,-5.0,TC1,OK
2025030710582428,,2025-03-12,10,2025-03-22,INTERMUNICIPAL,REGULAR,54.360.623/0001-02,VIAÇÃO PIRACICABANA S/A,VIAÇÃO PIRACICABANA S/A,PIRACICABANA,São Paulo,,ADIANTAMENTO/ATRASO DE VEÍCULO,FISCALIZAÇÃO,2025-03-13,-9.0,NO PRAZO,-9.0,,OK
2025021718000389,,2025-03-13,10,2025-03-23,INTERMUNICIPAL,FRETAMENTO,46.014.122/0001-38,VB TRANSPORTES E TURISMO LTDA,VB TRANSPORTES E TURISMO LTDA,VB TRANSPORTES E TURISMO,Indaiatuba,Salto,PRESTAÇÃO DE SERVIÇO DA EMPRESA,REGULAR,2025-03-21,-2.0,NO PRAZO,-2.0,TC1,OK
2025031109260810,,2025-03-13,20,2025-04-02,INTERMUNICIPAL,REGULAR,55.958.318/0001-71,RAPIDO D OESTE LTDA,RAPIDO D OESTE LTDA,,,,GRATUIDADE DE ESTUDANTE,DPL-COORDENADORIA,2025-04-01,-1.0,NO PRAZO,-1.0,TC5,OK
2025030820142895,,2025-03-14,10,2025-03-24,INTERMUNICIPAL,FRETAMENTO,,COMIL,,,Ilha Comprida,Registro,TRANSPORTE CLANDESTINO,FISCALIZAÇÃO,2025-03-19,-5.0,NO PRAZO,-5.0,,OK
2025022611393222,,2025-03-14,10,2025-03-24,INTERMUNICIPAL,REGULAR,01.339.438/0001-61,AUTO ÔNIBUS DEL OESTE LTDA - EPP,AUTO ÔNIBUS DEL OESTE LTDA - EPP,,São Simão,,SUPERLOTAÇÃO DE ÔNIBUS,FISCALIZAÇÃO,2025-03-17,-7.0,NO PRAZO,-7.0,,OK
2025031414023546,,2025-03-14,10,2025-03-24,INTERMUNICIPAL,,,,,,Valparaíso,Araçatuba,TRANSPORTE CLANDESTINO,FISCALIZAÇÃO,2025-03-27,3.0,ATRASADO,3.0,,OK
2025031604151373,,2025-03-17,10,2025-03-27,INTERMUNICIPAL,,,,,,Colina,São Paulo,PRESTAÇÃO DE SERVIÇO DA EMPRESA,REGULAR,2025-03-24,-3.0,NO PRAZO,-3.0,TC4,OK
2025022514144984,,2025-03-17,10,2025-03-27,INTERMUNICIPAL,REGULAR,07.022.473/0001-39,RAPIDO FENIX VIAÇÃO LTDA,RAPIDO FENIX VIAÇÃO LTDA,,Itatiba,Jundiaí,SUPERLOTAÇÃO DE ÔNIBUS,FISCALIZAÇÃO,2025-03-17,-10.0,NO PRAZO,-10.0,,OK
2025030512585172,,2025-03-17,10,2025-03-27,INTERMUNICIPAL,REGULAR,61.084.018/0001-03,VIAÇÃO COMETA S/A,VIAÇÃO COMETA S/A,COMETA,São Miguel Arcanjo,São Paulo,MÁ CONDUTA DO MOTORISTA,REGULAR,2025-03-26,-1.0,NO PRAZO,-1.0,TC2,OK
2025030422032050,,2025-03-17,10,2025-03-27,INTERMUNICIPAL,REGULAR,81.159.857/0001-50,EMPRESA PRINCESA DO NORTE S/A,EMPRESA PRINCESA DO NORTE S/A,,,,PRESTAÇÃO DE SERVIÇO DA EMPRESA,FISCALIZAÇÃO,2025-04-01,5.0,ATRASADO,5.0,,OK
2025031319543095,,2025-03-17,10,2025-03-27,INTERMUNICIPAL,REGULAR,21.966.029/0001-00,PORTO DE REGISTRO TRANSPORTES LTDA,PORTO DE REGISTRO TRANSPORTES LTDA,,Cajati,Registro,SUPERLOTAÇÃO DE ÔNIBUS,FISCALIZAÇÃO,2025-03-18,-9.0,NO PRAZO,-9.0,,OK
2025031711275391,,2025-03-17,10,2025-03-27,INTERMUNICIPAL,,,,,,Praia Grande,,GRATUIDADE DE IDOSOS,REGULAR,2025-03-19,-8.0,NO PRAZO,-8.0,TC5,OK
2025031715285978,,2025-03-17,10,2025-03-27,INTERMUNICIPAL,FRETAMENTO,47.939.199/0001-81,GIGA TRANSPORTES,HELIO APARECIDO BRAGA 06885710857 - ME,TRANSPORTE,Santa Branca,,TRANSPORTE CLANDESTINO,FISCALIZAÇÃO,2025-03-17,-10.0,NO PRAZO,-10.0,,OK
2025031715453894,,2025-03-17,10,2025-03-27,INTERMUNICIPAL,,,,,,,,SOLICITAÇÃO FRETAMENTO,FRETAMENTO,2025-03-18,-9.0,NO PRAZO,-9.0,,OK
2025022821014758,,2025-03-18,10,2025-03-28,INTERMUNICIPAL,REGULAR,07.022.473/0001-39,RAPIDO FENIX VIAÇÃO LTDA,RAPIDO FENIX VIAÇÃO LTDA,,São Paulo,Águas de Lindóia,ADIANTAMENTO/ATRASO DE VEÍCULO,FISCALIZAÇÃO,2025-03-24,-4.0,NO PRAZO,-4.0,,OK
2025030316423353,,2025-03-18,10,2025-03-28,INTERMUNICIPAL,REGULAR,72.543.978/0001-00,GUERINO SEISCENTO TRANSPORTES S/A,GUERINO SEISCENTO TRANSPORTES S/A,,Tupi Paulista,Dracena,MUDANÇA DE TABELA DE HORÁRIO,REGULAR,2025-03-27,-1.0,NO PRAZO,-1.0,TC3,OK
2025030610250335,,2025-03-18,10,2025-03-28,INTERMUNICIPAL,REGULAR,45.992.724/0001-05,RAPIDO LUXO CAMPINAS LTDA,RAPIDO LUXO CAMPINAS LTDA,RAPIDO CAMPINAS,Várzea Paulista,Jundiaí,SUPERLOTAÇÃO DE ÔNIBUS,FISCALIZAÇÃO,2025-03-20,-8.0,NO PRAZO,-8.0,,OK
2025030616230627,,2025-03-18,10,2025-03-28,INTERMUNICIPAL,REGULAR,07.022.473/0001-39,RAPIDO FENIX VIAÇÃO LTDA,RAPIDO FENIX VIAÇÃO LTDA,,Amparo,Jaguariúna,ADIANTAMENTO/ATRASO DE VEÍCULO,FISCALIZAÇÃO,2025-03-18,-10.0,NO PRAZO,-10.0,,OK
2025030903251222,,2025-03-18,10,2025-03-28,INTERMUNICIPAL,REGULAR,61.084.018/0001-03,VIAÇÃO COMETA S/A,VIAÇÃO COMETA S/A,COMETA,Guarulhos,Santos,GRATUIDADE DE IDOSOS,REGULAR,2025-03-19,-9.0,NO PRAZO,-9.0,TC5,OK
2025031207555615,,2025-03-18,10,2025-03-28,INTERMUNICIPAL,REGULAR,45.992.724/0001-05,RAPIDO LUXO CAMPINAS LTDA,RAPIDO LUXO CAMPINAS LTDA,RAPIDO CAMPINAS,Itupeva,Jundiaí,ADIANTAMENTO/ATRASO DE VEÍCULO,FISCALIZAÇÃO,2025-03-18,-10.0,NO PRAZO,-10.0,,OK
2025030610250335,,2025-03-18,10,2025-03-28,INTERMUNICIPAL,REGULAR,45.992.724/0001-05,RAPIDO LUXO CAMPINAS LTDA,RAPIDO LUXO CAMPINAS LTDA,RAPIDO CAMPINAS,Várzea Paulista,Jundiaí,ADIANTAMENTO/ATRASO DE VEÍCULO,FISCALIZAÇÃO,2025-03-20,-8.0,NO PRAZO,-8.0,,OK
2025031814244255,,2025-03-19,10,2025-03-29,INTERMUNICIPAL,REGULAR,21.966.029/0001-00,PORTO DE REGISTRO TRANSPORTES LTDA,PORTO DE REGISTRO TRANSPORTES LTDA,,Cajati,Registro,SUPERLOTAÇÃO DE ÔNIBUS,FISCALIZAÇÃO,2025-03-19,-10.0,NO PRAZO,-10.0,,OK
2025031816074272,,2025-03-19,10,2025-03-29,INTERMUNICIPAL,,,,,,Jarinu,Atibaia,SOLICITAÇÃO DE INFORMAÇÃO,FISCALIZAÇÃO,2025-03-20,-9.0,ATRASADO,-9.0,TC1,OK
2025031815344831,,2025-03-19,10,2025-03-29,INTERMUNICIPAL,REGULAR,81.159.857/0001-50,EMPRESA PRINCESA DO NORTE S/A,EMPRESA PRINCESA DO NORTE S/A,,Cajati,Registro,SUPERLOTAÇÃO DE ÔNIBUS,FISCALIZAÇÃO,2025-03-20,-9.0,NO PRAZO,-9.0,,OK
2025031916180218,,2025-03-19,10,2025-03-29,INTERMUNICIPAL,,,,,,São José do Rio Preto,,TRANSPORTE CLANDESTINO,FISCALIZAÇÃO,2025-03-26,-3.0,NO PRAZO,-3.0,,OK
2025031811283832,,2025-03-19,10,2025-03-29,INTERMUNICIPAL,REGULAR,45.992.724/0001-05,RAPIDO LUXO CAMPINAS LTDA,RAPIDO LUXO CAMPINAS LTDA,RAPIDO CAMPINAS,Cabreúva,Jundiaí,MÁ CONDIÇÃO DE VEÍCULO,FISCALIZAÇÃO,2025-03-20,-9.0,NO PRAZO,-9.0,,OK
2025031919545878,,2025-03-20,10,2025-03-30,INTERMUNICIPAL,FRETAMENTO,47.939.199/0001-81,VB TRANSPORTES/LIRA/CAPELLINI/SOCICAM,HELIO APARECIDO BRAGA 06885710857 - ME,TRANSPORTE,Campinas,,PRESTAÇÃO DE SERVIÇO DA EMPRESA,REGULAR,2025-03-28,-2.0,NO PRAZO,-2.0,TC1,OK
2025031919560385,,2025-03-20,20,2025-04-09,INTERMUNICIPAL,,,,,,São Paulo,,SOLICITAÇÃO DE INFORMAÇÃO,DPL-COORDENADORIA,2025-04-01,-8.0,ATRASADO,-8.0,,OK
2025032008120497,,2025-03-20,10,2025-03-30,INTERMUNICIPAL,FRETAMENTO,,FAV1L45,,,Campinas,Piracicaba,TRANSPORTE CLANDESTINO,FISCALIZAÇÃO,2025-03-20,-10.0,NO PRAZO,-10.0,,OK
2025032011200447,,2025-03-20,10,2025-03-30,INTERMUNICIPAL,,,,,,,,SOLICITAÇÃO FRETAMENTO,FRETAMENTO,2025-03-24,-6.0,NO PRAZO,-6.0,,OK
2025031008060416,,2025-03-21,10,2025-03-31,INTERMUNICIPAL,REGULAR,45.992.724/0001-05,RAPIDO LUXO CAMPINAS LTDA,RAPIDO LUXO CAMPINAS LTDA,RAPIDO CAMPINAS,Jundiaí,Louveira,MÁ CONDIÇÃO DE VEÍCULO,FISCALIZAÇÃO,2025-03-21,-10.0,NO PRAZO,-10.0,,OK
2025031007355895,,2025-03-21,10,2025-03-31,INTERMUNICIPAL,REGULAR,81.159.857/0001-50,EMPRESA PRINCESA DO NORTE S/A,EMPRESA PRINCESA DO NORTE S/A,,Marília,Tupã,ADIANTAMENTO/ATRASO DE VEÍCULO,FISCALIZAÇÃO,2025-04-02,2.0,ATRASADO,2.0,,OK
2025030719531123,,2025-03-21,10,2025-03-31,INTERMUNICIPAL,REGULAR,45.992.724/0001-05,RAPIDO LUXO CAMPINAS LTDA,RAPIDO LUXO CAMPINAS LTDA,RAPIDO CAMPINAS,Jundiaí,Indaiatuba,ADIANTAMENTO/ATRASO DE VEÍCULO,FISCALIZAÇÃO,2025-03-25,-6.0,NO PRAZO,-6.0,,OK
2025032110275168,,2025-03-21,10,2025-03-31,INTERMUNICIPAL,,,,,,Junqueirópolis,,TRANSPORTE CLANDESTINO,FISCALIZAÇÃO,2025-03-25,-6.0,NO PRAZO,-6.0,,OK
2025030711022748,,2025-03-21,10,2025-03-31,INTERMUNICIPAL,REGULAR,07.022.473/0001-39,RAPIDO FENIX VIAÇÃO LTDA,RAPIDO FENIX VIAÇÃO LTDA,,São Paulo,Serra Negra,GRATUIDADE DE IDOSOS,REGULAR,2025-03-31,0.0,NO PRAZO,0.0,TC1,OK
2025032116021877,,2025-03-21,25,2025-04-15,INTERMUNICIPAL,,,,,,Campinas,Piracicaba,TRANSPORTE CLANDESTINO,FISCALIZAÇÃO,2025-04-03,-12.0,NO PRAZO,-12.0,,OK
2025032115581076,,2025-03-21,25,2025-04-15,INTERMUNICIPAL,,,,,,Campinas,Piracicaba,TRANSPORTE CLANDESTINO,FISCALIZAÇÃO,2025-04-03,-12.0,NO PRAZO,-12.0,,OK
2025021314125551,,2025-03-24,10,2025-04-03,INTERMUNICIPAL,REGULAR,58.565.771/0001-06,VIAÇÃO LIRA LTDA,VIAÇÃO LIRA LTDA,LIRABUSS,,,SOLICITAÇÃO DE INFORMAÇÃO,REGULAR,2025-04-01,-2.0,NO PRAZO,-2.0,TC1,OK
2025031109272615,,2025-03-24,20,2025-04-13,INTERMUNICIPAL,REGULAR,45.992.724/0001-05,RAPIDO LUXO CAMPINAS LTDA,RAPIDO LUXO CAMPINAS LTDA,RAPIDO CAMPINAS,Jundiaí,Vinhedo,MÁ CONDIÇÃO DE VEÍCULO,FISCALIZAÇÃO,2025-04-15,2.0,ATRASADO,2.0,,OK
2025031109142126,,2025-03-24,10,2025-04-03,INTERMUNICIPAL,FRETAMENTO,46.917.472/0001-04,PEVETUR,PEVÊ-TUR TRANSPORTES E TURISMO LTDA,,,Nova Aliança,SUPERLOTAÇÃO DE ÔNIBUS,FISCALIZAÇÃO,2025-04-07,4.0,ATRASADO,4.0,,OK
2025032209583544,,2025-03-24,10,2025-04-03,INTERMUNICIPAL,REGULAR,61.563.557/0001-25,EMPRESA DE ÔNIBUS PASSARO MARRON S/A,EMPRESA DE ÔNIBUS PASSARO MARRON S/A,PASSARO MARRON,São Paulo,Caraguatatuba,MÁ CONDUTA DO MOTORISTA,REGULAR,2025-03-26,-8.0,NO PRAZO,-8.0,TC5,OK
2025031016523369,,2025-03-24,10,2025-04-03,INTERMUNICIPAL,REGULAR,43.257.658/0001-96,AUTO VIAÇÃO OURO VERDE LTDA,AUTO VIAÇÃO OURO VERDE LTDA,,,,TRANSPORTE CLANDESTINO,FISCALIZAÇÃO,2025-04-01,-2.0,NO PRAZO,-2.0,,OK
2025031217301961,,2025-03-24,10,2025-04-03,INTERMUNICIPAL,REGULAR,27.513.462/0001-69,VIACAO SC MIRIM GUACU LTDA,VIACAO SC MIRIM GUACU LTDA,,Mogi Guaçu,Mogi Mirim,MÁ CONDUTA DO MOTORISTA,REGULAR,2025-03-25,-9.0,NO PRAZO,-9.0,TC1,OK
2025032116245268,,2025-03-24,10,2025-04-03,INTERMUNICIPAL,REGULAR,56.927.163/0003-30,VIAÇÃO DANUBIO AZUL LTDA,VIAÇÃO DANUBIO AZUL LTDA,,,,PRESTAÇÃO DE SERVIÇO DA EMPRESA,REGULAR,2025-04-01,-2.0,NO PRAZO,-2.0,TC1,OK
2025032406261154,,2025-03-25,18,2025-04-12,INTERMUNICIPAL,,,,,,,,PRESTAÇÃO DE SERVIÇO DA EMPRESA,FISCALIZAÇÃO,2025-04-11,-1.0,NO PRAZO,-1.0,,OK
2025031815250178,,2025-03-25,10,2025-04-04,INTERMUNICIPAL,REGULAR,45.992.724/0001-05,RAPIDO LUXO CAMPINAS LTDA,RAPIDO LUXO CAMPINAS LTDA,RAPIDO CAMPINAS,Cabreúva,Jundiaí,ADIANTAMENTO/ATRASO DE VEÍCULO,FISCALIZAÇÃO,2025-03-28,-7.0,NO PRAZO,-7.0,,OK
2025031913331550,,2025-03-25,10,2025-04-04,INTERMUNICIPAL,REGULAR,45.992.724/0001-05,RAPIDO LUXO CAMPINAS LTDA,RAPIDO LUXO CAMPINAS LTDA,RAPIDO CAMPINAS,Cabreúva,Jundiaí,ADIANTAMENTO/ATRASO DE VEÍCULO,FISCALIZAÇÃO,2025-03-28,-7.0,NO PRAZO,-7.0,,OK
2025032508154179,,2025-03-25,10,2025-04-04,INTERMUNICIPAL,FRETAMENTO,,COMIL,,,Ilha Comprida,Registro,TRANSPORTE CLANDESTINO,FISCALIZAÇÃO,2025-03-26,-9.0,NO PRAZO,-9.0,,OK
2025032423074955,,2025-03-25,10,2025-04-04,INTERMUNICIPAL,REGULAR,72.543.978/0001-00,GUERINO SEISCENTO TRANSPORTES S/A,GUERINO SEISCENTO TRANSPORTES S/A,,São Carlos,Tupã,MUDANÇA DE TABELA DE HORÁRIO,REGULAR,2025-04-03,-1.0,NO PRAZO,-1.0,TC4,OK
2025032512193057,,2025-03-26,10,2025-04-05,INTERMUNICIPAL,,,,,,Ilha Comprida,Registro,MÁ CONDIÇÃO DE VEÍCULO,FISCALIZAÇÃO,2025-03-27,-9.0,NO PRAZO,-9.0,,OK
2025031612552062,,2025-03-27,10,2025-04-06,INTERMUNICIPAL,REGULAR,61.084.018/0001-03,VIAÇÃO COMETA S/A,VIAÇÃO COMETA S/A,COMETA,São Paulo,Sorocaba,GRATUIDADE DE IDOSOS,REGULAR,2025-03-28,-9.0,NO PRAZO,-9.0,TC2,OK
2025032118202744,,2025-03-27,10,2025-04-06,INTERMUNICIPAL,REGULAR,55.334.262/0001-84,EMPRESA DE TRANSPORTES ANDORINHA S/A,EMPRESA DE TRANSPORTES ANDORINHA S/A,,Santos,Presidente Prudente,GRATUIDADE DE IDOSOS,REGULAR,2025-04-04,-2.0,NO PRAZO,-2.0,TC3,OK
2025031714103111,,2025-03-27,10,2025-04-06,INTERMUNICIPAL,REGULAR,53.418.976/0001-45,AVOA DE CANDIDO MOTA LTDA - EPP,AVOA DE CANDIDO MOTA LTDA - EPP,,Andradina,São Paulo,PRESTAÇÃO DE SERVIÇO DA EMPRESA,REGULAR,2025-04-07,1.0,ATRASADO,1.0,TC3,OK
2025031713503829,,2025-03-27,10,2025-04-06,INTERMUNICIPAL,REGULAR,81.159.857/0001-50,EMPRESA PRINCESA DO NORTE S/A,EMPRESA PRINCESA DO NORTE S/A,,Marília,Tupã,ADIANTAMENTO/ATRASO DE VEÍCULO,FISCALIZAÇÃO,2025-04-02,-4.0,NO PRAZO,-4.0,,OK
2025031420424916,,2025-03-27,10,2025-04-06,INTERMUNICIPAL,REGULAR,07.022.473/0001-39,RAPIDO FENIX VIAÇÃO LTDA,RAPIDO FENIX VIAÇÃO LTDA,,São Paulo,Águas de Lindóia,ADIANTAMENTO/ATRASO DE VEÍCULO,FISCALIZAÇÃO,2025-04-01,-5.0,NO PRAZO,-5.0,,OK
2025031807545133,,2025-03-31,10,2025-04-10,INTERMUNICIPAL,REGULAR,45.992.724/0001-05,RAPIDO LUXO CAMPINAS LTDA,RAPIDO LUXO CAMPINAS LTDA,RAPIDO CAMPINAS,Jundiaí,Cabreúva,MUDANÇA DE TABELA DE HORÁRIO,REGULAR,2025-04-07,-3.0,NO PRAZO,-3.0,TC1,OK
2025031811521661,,2025-03-31,10,2025-04-10,INTERMUNICIPAL,REGULAR,81.159.857/0001-50,EMPRESA PRINCESA DO NORTE S/A,EMPRESA PRINCESA DO NORTE S/A,,Marília,Tupã,ADIANTAMENTO/ATRASO DE VEÍCULO,FISCALIZAÇÃO,2025-04-02,-8.0,NO PRAZO,-8.0,,OK
2025031814552414,,2025-03-31,10,2025-04-10,INTERMUNICIPAL,REGULAR,60.896.248/0001-04,VALLESUL TRANSPORTES E TURISMO LTDA,VALLESUL TRANSPORTES E TURISMO LTDA,,Eldorado,Sete Barras,MUDANÇA DE TABELA DE HORÁRIO,REGULAR,2025-04-03,-7.0,NO PRAZO,-7.0,TC5,OK
2025032712322194,,2025-03-31,10,2025-04-10,INTERMUNICIPAL,,,,,,Hortolândia,Campinas,SUGESTÃO,OUVIDORIA LOCAL,2025-03-31,-10.0,NO PRAZO,-10.0,,OK
2025032000041578,,2025-04-01,10,2025-04-11,INTERMUNICIPAL,REGULAR,72.543.978/0001-00,GUERINO SEISCENTO TRANSPORTES S/A,GUERINO SEISCENTO TRANSPORTES S/A,,Araraquara,São Carlos,MUDANÇA DE TABELA DE HORÁRIO,REGULAR,2025-04-07,-4.0,NO PRAZO,-4.0,TC4,OK
2025032000000813,,2025-04-01,10,2025-04-11,INTERMUNICIPAL,REGULAR,72.543.978/0001-00,GUERINO SEISCENTO TRANSPORTES S/A,GUERINO SEISCENTO TRANSPORTES S/A,,Marília,São Carlos,MUDANÇA DE TABELA DE HORÁRIO,REGULAR,2025-04-08,-3.0,NO PRAZO,-3.0,TC3,OK
2025032813200379,,2025-04-01,20,2025-04-21,INTERMUNICIPAL,REGULAR,55.140.818/0001-00,AUTO VIAÇÃO M.M. SOUZA TURISMO LTDA,AUTO VIAÇÃO M.M. SOUZA TURISMO LTDA,,Tapiratiba,Aparecida,TRANSPORTE CLANDESTINO,FISCALIZAÇÃO,2025-04-14,-7.0,NO PRAZO,-7.0,,OK
2025032814014024,,2025-04-01,20,2025-04-21,INTERMUNICIPAL,REGULAR,55.140.818/0001-00,AUTO VIAÇÃO M.M. SOUZA TURISMO LTDA,AUTO VIAÇÃO M.M. SOUZA TURISMO LTDA,,Tapiratiba,Aparecida,TRANSPORTE CLANDESTINO,FISCALIZAÇÃO,2025-04-14,-7.0,NO PRAZO,-7.0,,OK
2025031807545133,,2025-04-01,10,2025-04-11,INTERMUNICIPAL,REGULAR,45.992.724/0001-05,RAPIDO LUXO CAMPINAS LTDA,RAPIDO LUXO CAMPINAS LTDA,RAPIDO CAMPINAS,,Cabreúva,ADIANTAMENTO/ATRASO DE VEÍCULO,FISCALIZAÇÃO,2025-04-10,-1.0,NO PRAZO,-1.0,,OK
2025032115064928,,2025-04-02,10,2025-04-12,INTERMUNICIPAL,REGULAR,07.022.473/0001-39,RAPIDO FENIX VIAÇÃO LTDA,RAPIDO FENIX VIAÇÃO LTDA,,Itatiba,São Paulo,ADIANTAMENTO/ATRASO DE VEÍCULO,FISCALIZAÇÃO,2025-04-03,-9.0,NO PRAZO,-9.0,,OK
2025032111460346,,2025-04-02,10,2025-04-12,INTERMUNICIPAL,REGULAR,01.339.438/0001-61,AUTO ÔNIBUS DEL OESTE LTDA - EPP,AUTO ÔNIBUS DEL OESTE LTDA - EPP,,Ribeirão Preto,Cravinhos,PRESTAÇÃO DE SERVIÇO DA EMPRESA,REGULAR,2025-04-09,-3.0,NO PRAZO,-3.0,TC1,OK
2025032014291567,,2025-04-02,10,2025-04-12,INTERMUNICIPAL,REGULAR,45.992.724/0001-05,RAPIDO LUXO CAMPINAS LTDA,RAPIDO LUXO CAMPINAS LTDA,RAPIDO CAMPINAS,Itupeva,Jundiaí,SUPERLOTAÇÃO DE ÔNIBUS,FISCALIZAÇÃO,2025-04-08,-4.0,NO PRAZO,-4.0,,OK
2025032013411287,,2025-04-02,10,2025-04-12,INTERMUNICIPAL,REGULAR,54.360.623/0001-02,VIAÇÃO PIRACICABANA S/A,VIAÇÃO PIRACICABANA S/A,PIRACICABANA,Américo Brasiliense,Araraquara,MUDANÇA DE TABELA DE HORÁRIO,REGULAR,2025-04-10,-2.0,NO PRAZO,-2.0,TC4,OK
2025032013285680,,2025-04-02,10,2025-04-12,INTERMUNICIPAL,REGULAR,45.992.724/0001-05,RAPIDO LUXO CAMPINAS LTDA,RAPIDO LUXO CAMPINAS LTDA,RAPIDO CAMPINAS,Itupeva,Jundiaí,SUPERLOTAÇÃO DE ÔNIBUS,FISCALIZAÇÃO,2025-04-08,-4.0,NO PRAZO,-4.0,,OK
2025031918314881,,2025-04-02,10,2025-04-12,INTERMUNICIPAL,REGULAR,45.992.724/0001-05,RAPIDO LUXO CAMPINAS LTDA,RAPIDO LUXO CAMPINAS LTDA,RAPIDO CAMPINAS,Cabreúva,Jundiaí,ADIANTAMENTO/ATRASO DE VEÍCULO,FISCALIZAÇÃO,2025-04-10,-2.0,NO PRAZO,-2.0,,OK
2025031918304251,,2025-04-02,10,2025-04-12,INTERMUNICIPAL,REGULAR,45.992.724/0001-05,RAPIDO LUXO CAMPINAS LTDA,RAPIDO LUXO CAMPINAS LTDA,RAPIDO CAMPINAS,Cabreúva,Jundiaí,ADIANTAMENTO/ATRASO DE VEÍCULO,FISCALIZAÇÃO,2025-04-10,-2.0,NO PRAZO,-2.0,,OK
2025031918094395,,2025-04-02,10,2025-04-12,INTERMUNICIPAL,REGULAR,45.992.724/0001-05,RAPIDO LUXO CAMPINAS LTDA,RAPIDO LUXO CAMPINAS LTDA,RAPIDO CAMPINAS,Itupeva,Jundiaí,MÁ CONDUTA DE FUNCIONÁRIOS,FISCALIZAÇÃO,2025-04-11,-1.0,NO PRAZO,-1.0,,OK
2025033117353498,,2025-04-04,10,2025-04-14,INTERMUNICIPAL,REGULAR,55.140.818/0001-00,AUTO VIAÇÃO M.M. SOUZA TURISMO LTDA,AUTO VIAÇÃO M.M. SOUZA TURISMO LTDA,,Sorocaba,,TRANSPORTE CLANDESTINO,FISCALIZAÇÃO,2025-04-10,-4.0,NO PRAZO,-4.0,,OK
2025033121443478,,2025-04-04,10,2025-04-14,INTERMUNICIPAL,,,,,,,Campinas,TRANSPORTE CLANDESTINO,FISCALIZAÇÃO,2025-04-04,-10.0,NO PRAZO,-10.0,,OK
2025040115191833,,2025-04-04,10,2025-04-14,INTERMUNICIPAL,REGULAR,44.508.430/0001-94,VIAÇÃO ATIBAIA SÃO PAULO LTDA,VIAÇÃO ATIBAIA SÃO PAULO LTDA,,Jarinu,Atibaia,PRESTAÇÃO DE SERVIÇO DA EMPRESA,REGULAR,2025-04-11,-3.0,NO PRAZO,-3.0,TC1,OK
2025040115240613,,2025-04-04,10,2025-04-14,INTERMUNICIPAL,,,,,,Guarujá,São Paulo,MUDANÇA DE TABELA DE HORÁRIO,REGULAR,2025-04-04,-10.0,NO PRAZO,-10.0,TC5,OK
2025032413151877,,2025-04-07,10,2025-04-17,INTERMUNICIPAL,REGULAR,72.543.978/0001-00,GUERINO SEISCENTO TRANSPORTES S/A,GUERINO SEISCENTO TRANSPORTES S/A,,José Bonifácio,São José do Rio Preto,MUDANÇA DE TABELA DE HORÁRIO,REGULAR,2025-04-14,-3.0,NO PRAZO,-3.0,TC3,OK
2025032506172369,,2025-04-07,10,2025-04-17,INTERMUNICIPAL,REGULAR,60.896.248/0001-04,VALLESUL TRANSPORTES E TURISMO LTDA,VALLESUL TRANSPORTES E TURISMO LTDA,,Registro,,PRESTAÇÃO DE SERVIÇO DA EMPRESA,REGULAR,2020-04-11,-1832.0,NO PRAZO,-1832.0,TC5,OK
2025032506194963,,2025-04-07,10,2025-04-17,INTERMUNICIPAL,REGULAR,60.896.248/0001-04,VALLESUL TRANSPORTES E TURISMO LTDA,VALLESUL TRANSPORTES E TURISMO LTDA,,Registro,,PRESTAÇÃO DE SERVIÇO DA EMPRESA,REGULAR,2025-04-11,-6.0,NO PRAZO,-6.0,TC5,OK
2025032506242047,,2025-04-07,10,2025-04-17,INTERMUNICIPAL,REGULAR,60.896.248/0001-04,VALLESUL TRANSPORTES E TURISMO LTDA,VALLESUL TRANSPORTES E TURISMO LTDA,,Registro,,PRESTAÇÃO DE SERVIÇO DA EMPRESA,REGULAR,2025-04-11,-6.0,NO PRAZO,-6.0,TC5,OK
2025032511532938,,2025-04-07,10,2025-04-17,INTERMUNICIPAL,REGULAR,45.992.724/0001-05,RAPIDO LUXO CAMPINAS LTDA,RAPIDO LUXO CAMPINAS LTDA,RAPIDO CAMPINAS,Franco da Rocha,Jundiaí,ADIANTAMENTO/ATRASO DE VEÍCULO,FISCALIZAÇÃO,2025-04-10,-7.0,NO PRAZO,-7.0,,OK
2025032410071876,,2025-04-07,10,2025-04-17,INTERMUNICIPAL,REGULAR,44.235.380/0001-19,RIBE TRANSPORTE LTDA - EPP,RIBE TRANSPORTE LTDA - EPP,,,,GRATUIDADE DE ESTUDANTE,REGULAR,2025-04-09,-8.0,NO PRAZO,-8.0,TC1,OK
2025040215493513,,2025-04-07,10,2025-04-17,INTERMUNICIPAL,REGULAR,61.586.160/0001-59,ELUX S.S. EXPRESSO LUXO SAO PAULO SANTOS LTDA,ELUX S.S. EXPRESSO LUXO SAO PAULO SANTOS LTDA,EXPRESSO LUXO,Santos,São Paulo,MÁ CONDUTA DE FUNCIONÁRIOS,FISCALIZAÇÃO,2025-04-09,-8.0,NO PRAZO,-8.0,,OK
2025032512154559,,2025-04-08,10,2025-04-18,INTERMUNICIPAL,REGULAR,45.992.724/0001-05,RAPIDO LUXO CAMPINAS LTDA,RAPIDO LUXO CAMPINAS LTDA,RAPIDO CAMPINAS,Cabreúva,Jundiaí,PRESTAÇÃO DE SERVIÇO DA EMPRESA,FISCALIZAÇÃO,2025-04-11,-7.0,NO PRAZO,-7.0,,OK
2025033119023272,,2025-04-08,10,2025-04-18,INTERMUNICIPAL,REGULAR,61.084.000/0001-01,ULTRA S/A - TRANSPORTES INTERURBANOS,ULTRA S/A - TRANSPORTES INTERURBANOS,ULTRA,São Paulo,Guarujá,MÁ CONDUTA DE FUNCIONÁRIOS,FISCALIZAÇÃO,2025-04-22,4.0,ATRASADO,4.0,,OK
2025040117232140,,2025-04-08,10,2025-04-18,INTERMUNICIPAL,REGULAR,61.084.018/0001-03,VIAÇÃO COMETA S/A,VIAÇÃO COMETA S/A,COMETA,Ribeirão Preto,São Paulo,PRESTAÇÃO DE SERVIÇO DA EMPRESA,REGULAR,2025-04-11,-7.0,NO PRAZO,-7.0,TC1,OK
2025032617274751,,2025-04-09,10,2025-04-19,INTERMUNICIPAL,REGULAR,67.854.315/0001-77,EMPRESA DE ÔNIBUS LUCHINI LTDA,EMPRESA DE ÔNIBUS LUCHINI LTDA,,Assis,,SUPERLOTAÇÃO DE ÔNIBUS,FISCALIZAÇÃO,2025-04-09,-10.0,NO PRAZO,-10.0,,OK
2025032615364063,,2025-04-09,10,2025-04-19,INTERMUNICIPAL,REGULAR,72.543.978/0001-00,GUERINO SEISCENTO TRANSPORTES S/A,GUERINO SEISCENTO TRANSPORTES S/A,,Dracena,Tupã,PRESTAÇÃO DE SERVIÇO DA EMPRESA,REGULAR,2025-04-14,-5.0,NO PRAZO,-5.0,TC3,OK
2025032417582875,,2025-04-09,10,2025-04-19,INTERMUNICIPAL,REGULAR,43.257.658/0001-96,AUTO VIAÇÃO OURO VERDE LTDA,AUTO VIAÇÃO OURO VERDE LTDA,,Sumaré,São Paulo,ADIANTAMENTO/ATRASO DE VEÍCULO,FISCALIZAÇÃO,2025-04-11,-8.0,NO PRAZO,-8.0,,OK
2025032709291563,,2025-04-09,10,2025-04-19,INTERMUNICIPAL,REGULAR,59.965.038/0001-41,EXPRESSO ITAMARATI S/A,EXPRESSO ITAMARATI S/A,,Monte Aprazível,São José do Rio Preto,MUDANÇA DE TABELA DE HORÁRIO,REGULAR,2025-04-15,-4.0,NO PRAZO,-4.0,TC4,OK
2025032614585637,,2025-04-09,10,2025-04-19,INTERMUNICIPAL,REGULAR,55.380.604/0001-00,TURISMAR TRANSPORTE E TURISMO LTDA,TURISMAR TRANSPORTE E TURISMO LTDA,,Garça,Marília,SUGESTÃO,REGULAR,2025-04-17,-2.0,NO PRAZO,-2.0,TC3,OK
2025032017424975,,2025-04-10,10,2025-04-20,INTERMUNICIPAL,REGULAR,13.245.713/0001-67,VIASOL TRANSPORTES RODOVIÁRIOS LTDA.,VIASOL TRANSPORTES RODOVIÁRIOS LTDA.,,São Paulo,Conchal,ACESSIBILIDADE,REGULAR,2025-04-14,-6.0,NO PRAZO,-6.0,TC1,OK
2025032518593752,,2025-04-10,10,2025-04-20,INTERMUNICIPAL,REGULAR,27.513.462/0001-69,VIACAO SC MIRIM GUACU LTDA,VIACAO SC MIRIM GUACU LTDA,,Mogi Mirim,,MÁ CONDIÇÃO DE VEÍCULO,FISCALIZAÇÃO,2025-04-14,-6.0,NO PRAZO,-6.0,,OK
2025032316583386,,2025-04-10,10,2025-04-20,INTERMUNICIPAL,REGULAR,72.543.978/0001-00,GUERINO SEISCENTO TRANSPORTES S/A,GUERINO SEISCENTO TRANSPORTES S/A,,Tupã,Piracicaba,GRATUIDADE DE ESTUDANTE,REGULAR,2025-04-17,-3.0,NO PRAZO,-3.0,TC3,OK
2025040911120265,,2025-04-11,10,2025-04-21,INTERMUNICIPAL,,,,,,Sales,Olímpia,TRANSPORTE CLANDESTINO,FISCALIZAÇÃO,2025-04-14,-7.0,NO PRAZO,-7.0,,OK
2025040915373871,,2025-04-11,10,2025-04-21,INTERMUNICIPAL,,,,,,,Barueri,TRANSPORTE CLANDESTINO,FISCALIZAÇÃO,2025-04-29,8.0,ATRASADO,8.0,,OK
2025040308493983,,2025-04-11,10,2025-04-21,INTERMUNICIPAL,REGULAR,45.992.724/0001-05,RAPIDO LUXO CAMPINAS LTDA,RAPIDO LUXO CAMPINAS LTDA,RAPIDO CAMPINAS,Jundiaí,Itupeva,ADIANTAMENTO/ATRASO DE VEÍCULO,FISCALIZAÇÃO,2025-04-14,-7.0,NO PRAZO,-7.0,,OK
2025040309074371,,2025-04-11,20,2025-05-01,INTERMUNICIPAL,REGULAR,45.992.724/0001-05,RAPIDO LUXO CAMPINAS LTDA,RAPIDO LUXO CAMPINAS LTDA,RAPIDO CAMPINAS,Cabreúva,Jundiaí,ADIANTAMENTO/ATRASO DE VEÍCULO,FISCALIZAÇÃO,2025-05-05,4.0,ATRASADO,4.0,,OK
2025032417582875,,2025-04-11,10,2025-04-21,INTERMUNICIPAL,REGULAR,43.257.658/0001-96,AUTO VIAÇÃO OURO VERDE LTDA,AUTO VIAÇÃO OURO VERDE LTDA,,Sumaré,São Paulo,ADIANTAMENTO/ATRASO DE VEÍCULO,FISCALIZAÇÃO,2025-04-11,-10.0,NO PRAZO,-10.0,,OK
2025040814021334,,2025-04-11,10,2025-04-21,INTERMUNICIPAL,REGULAR,45.992.724/0001-05,RAPIDO LUXO CAMPINAS LTDA,RAPIDO LUXO CAMPINAS LTDA,RAPIDO CAMPINAS,Jundiaí,,SUGESTÃO,REGULAR,2025-04-11,-10.0,NO PRAZO,-10.0,TC1,OK
2025032920294678,,2025-04-14,10,2025-04-24,INTERMUNICIPAL,FRETAMENTO,47.939.199/0001-81,VB TRANSPORTES/LIRABUS ,HELIO APARECIDO BRAGA 06885710857 - ME,TRANSPORTE,Indaiatuba,São Paulo,SUPERLOTAÇÃO DE ÔNIBUS,FISCALIZAÇÃO,2025-04-22,-2.0,NO PRAZO,-2.0,,OK
2025033019475217,,2025-04-14,20,2025-05-04,INTERMUNICIPAL,REGULAR,44.944.577/0001-27,VIAÇÃO SÃO BENTO LTDA,VIAÇÃO SÃO BENTO LTDA,,Serra Azul,Ribeirão Preto,SUPERLOTAÇÃO DE ÔNIBUS,FISCALIZAÇÃO,2025-04-25,-9.0,NO PRAZO,-9.0,,OK
2025033115250063,,2025-04-14,10,2025-04-24,INTERMUNICIPAL,REGULAR,72.543.978/0001-00,GUERINO SEISCENTO TRANSPORTES S/A,GUERINO SEISCENTO TRANSPORTES S/A,,Dracena,,MUDANÇA DE TABELA DE HORÁRIO,REGULAR,2025-04-22,-2.0,NO PRAZO,-2.0,TC3,OK
2025032518593752,,2025-04-14,10,2025-04-24,INTERMUNICIPAL,,,,,,,Barueri,TRANSPORTE CLANDESTINO,FISCALIZAÇÃO,2025-04-14,-10.0,NO PRAZO,-10.0,,OK
2025040118061372,,2025-04-14,10,2025-04-24,INTERMUNICIPAL,REGULAR,45.992.724/0001-05,RAPIDO LUXO CAMPINAS LTDA,RAPIDO LUXO CAMPINAS LTDA,RAPIDO CAMPINAS,Jundiaí,Itupeva,MÁ CONDIÇÃO DE VEÍCULO,FISCALIZAÇÃO,2025-04-22,-2.0,NO PRAZO,-2.0,,OK
2025033119320148,,2025-04-14,10,2025-04-24,INTERMUNICIPAL,REGULAR,45.992.724/0001-05,RAPIDO LUXO CAMPINAS LTDA,RAPIDO LUXO CAMPINAS LTDA,RAPIDO CAMPINAS,Jundiaí,Itupeva,ADIANTAMENTO/ATRASO DE VEÍCULO,FISCALIZAÇÃO,2025-04-22,-2.0,NO PRAZO,-2.0,,OK
2025040207385772,,2025-04-14,10,2025-04-24,INTERMUNICIPAL,REGULAR,45.992.724/0001-05,RAPIDO LUXO CAMPINAS LTDA,RAPIDO LUXO CAMPINAS LTDA,RAPIDO CAMPINAS,Jundiaí,Itupeva,ADIANTAMENTO/ATRASO DE VEÍCULO,FISCALIZAÇÃO,2025-04-14,-10.0,NO PRAZO,-10.0,,OK
2025040309250582,,2025-04-14,10,2025-04-24,INTERMUNICIPAL,REGULAR,45.992.724/0001-05,RAPIDO LUXO CAMPINAS LTDA,RAPIDO LUXO CAMPINAS LTDA,RAPIDO CAMPINAS,Várzea Paulista,Jundiaí,MÁ CONDIÇÃO DE VEÍCULO,FISCALIZAÇÃO,2025-04-14,-10.0,NO PRAZO,-10.0,,OK
2025041016005666,,2025-04-14,10,2025-04-24,INTERMUNICIPAL,,,,,,,Barueri,TRANSPORTE CLANDESTINO,FISCALIZAÇÃO,2025-04-29,5.0,ATRASADO,5.0,,OK
2025040209055511,,2025-04-14,10,2025-04-24,INTERMUNICIPAL,REGULAR,45.992.724/0001-05,RAPIDO LUXO CAMPINAS LTDA,RAPIDO LUXO CAMPINAS LTDA,RAPIDO CAMPINAS,Jundiaí,Itupeva,ADIANTAMENTO/ATRASO DE VEÍCULO,FISCALIZAÇÃO,2025-04-14,-10.0,NO PRAZO,-10.0,,OK
2025033107143345,,2025-04-14,10,2025-04-24,INTERMUNICIPAL,FRETAMENTO,47.939.199/0001-81,VB TRANSPORTES/LIRABUS,HELIO APARECIDO BRAGA 06885710857 - ME,TRANSPORTE,Osasco,Rio Claro,MUDANÇA DE TABELA DE HORÁRIO,REGULAR,2025-04-23,-1.0,NO PRAZO,-1.0,TC1,OK
2025040317073562,,2025-04-15,10,2025-04-25,INTERMUNICIPAL,REGULAR,72.543.978/0001-00,GUERINO SEISCENTO TRANSPORTES S/A,GUERINO SEISCENTO TRANSPORTES S/A,,Assis,Tupã,MUDANÇA DE TABELA DE HORÁRIO,REGULAR,2025-04-24,-1.0,NO PRAZO,-1.0,TC3,OK
2025040108481171,,2025-04-15,20,2025-05-05,INTERMUNICIPAL,REGULAR,01.339.438/0001-61,AUTO ÔNIBUS DEL OESTE LTDA - EPP,AUTO ÔNIBUS DEL OESTE LTDA - EPP,,Pitangueiras,Ribeirão Preto,ADIANTAMENTO/ATRASO DE VEÍCULO,FISCALIZAÇÃO,2025-04-25,-10.0,NO PRAZO,-10.0,,OK
2025040316583655,,2025-04-15,10,2025-04-25,INTERMUNICIPAL,REGULAR,72.543.978/0001-00,GUERINO SEISCENTO TRANSPORTES S/A,GUERINO SEISCENTO TRANSPORTES S/A,,Assis,Tupã,MUDANÇA DE TABELA DE HORÁRIO,REGULAR,2025-04-24,-1.0,NO PRAZO,-1.0,TC3,OK
2025041416230872,,2025-04-16,10,2025-04-26,INTERMUNICIPAL,,,,,,Valparaíso,Araçatuba,TRANSPORTE CLANDESTINO,FISCALIZAÇÃO,2025-04-25,-1.0,NO PRAZO,-1.0,,OK
2025041510554756,,2025-04-17,25,2025-05-12,INTERMUNICIPAL,,,,,,São João da Boa Vista,,TRANSPORTE CLANDESTINO,FISCALIZAÇÃO,2025-05-08,-4.0,NO PRAZO,-4.0,,OK
2025032922452711,,2025-04-17,10,2025-04-27,INTERMUNICIPAL,REGULAR,52.771.516/0001-33,VIAÇÃO SANTA CRUZ LTDA,VIAÇÃO SANTA CRUZ LTDA,,São Paulo,Campinas,GRATUIDADE DE ESTUDANTE,REGULAR,2025-04-25,-2.0,NO PRAZO,-2.0,TC1,OK
2025041512490729,,2025-04-17,25,2025-05-12,INTERMUNICIPAL,,,,,,Mococa,Casa Branca,TRANSPORTE CLANDESTINO,FISCALIZAÇÃO,2025-05-09,-3.0,NO PRAZO,-3.0,,OK
2025041516111396,,2025-04-17,10,2025-04-27,INTERMUNICIPAL,,,,,,Serrana,Santos,TRANSPORTE CLANDESTINO,FISCALIZAÇÃO,2025-04-22,-5.0,NO PRAZO,-5.0,,OK
2025041511105987,,2025-04-17,25,2025-05-12,INTERMUNICIPAL,FRETAMENTO,,MS VANS,,,São João da Boa Vista,,TRANSPORTE CLANDESTINO,FISCALIZAÇÃO,2025-05-07,-5.0,NO PRAZO,-5.0,,OK
2025041520473135,,2025-04-17,25,2025-05-12,INTERMUNICIPAL,,,,,,Pitangueiras,,TRANSPORTE CLANDESTINO,FISCALIZAÇÃO,2025-05-07,-5.0,NO PRAZO,-5.0,,OK
2025041710012225,,2025-04-22,10,2025-05-02,INTERMUNICIPAL,FRETAMENTO,,POLONITUR/SOL TURISMO,,,São Paulo,Catanduva,TRANSPORTE CLANDESTINO,FISCALIZAÇÃO,2025-04-23,-9.0,NO PRAZO,-9.0,,OK
2025041709570773,,2025-04-22,10,2025-05-02,INTERMUNICIPAL,FRETAMENTO,47.939.199/0001-81,ENZO TRANSPORTES,HELIO APARECIDO BRAGA 06885710857 - ME,TRANSPORTE,São José do Rio Preto,,TRANSPORTE CLANDESTINO,FISCALIZAÇÃO,2025-05-05,3.0,ATRASADO,3.0,,OK
2025040220555036,,2025-04-22,10,2025-05-02,INTERMUNICIPAL,REGULAR,56.927.163/0003-30,VIAÇÃO DANUBIO AZUL LTDA,VIAÇÃO DANUBIO AZUL LTDA,,,,PRESTAÇÃO DE SERVIÇO DA EMPRESA,REGULAR,2025-04-25,-7.0,NO PRAZO,-7.0,TC1,OK
2025040311192748,,2025-04-22,10,2025-05-02,INTERMUNICIPAL,REGULAR,45.605.755/0001-58,AUTO VIAÇÃO BRAGANCA LTDA,AUTO VIAÇÃO BRAGANCA LTDA,,Bragança Paulista,Atibaia,SUPERLOTAÇÃO DE ÔNIBUS,FISCALIZAÇÃO,2025-04-29,-3.0,NO PRAZO,-3.0,,OK
2025040413570698,,2025-04-22,10,2025-05-02,INTERMUNICIPAL,REGULAR,60.896.248/0001-04,VALLESUL TRANSPORTES E TURISMO LTDA,VALLESUL TRANSPORTES E TURISMO LTDA,,Eldorado,Sete Barras,MUDANÇA DE TABELA DE HORÁRIO,FISCALIZAÇÃO,2025-04-23,-9.0,NO PRAZO,-9.0,,OK
2025040816251386,,2025-04-22,10,2025-05-02,INTERMUNICIPAL,REGULAR,53.418.976/0001-45,AVOA DE CANDIDO MOTA LTDA - EPP,AVOA DE CANDIDO MOTA LTDA - EPP,,Assis,Bauru,ADIANTAMENTO/ATRASO DE VEÍCULO,REGULAR,2025-04-29,-3.0,NO PRAZO,-3.0,TC3,OK
2025040715230026,,2025-04-23,10,2025-05-03,INTERMUNICIPAL,REGULAR,44.944.577/0001-27,VIAÇÃO SÃO BENTO LTDA,VIAÇÃO SÃO BENTO LTDA,,Ribeirão Preto,Altinópolis,MÁ CONDUTA DO MOTORISTA,REGULAR,2025-04-29,-4.0,NO PRAZO,-4.0,TC1,OK
2025040717430915,,2025-04-23,10,2025-05-03,INTERMUNICIPAL,REGULAR,45.605.755/0001-58,AUTO VIAÇÃO BRAGANCA LTDA,AUTO VIAÇÃO BRAGANCA LTDA,,Bragança Paulista,Atibaia,ADIANTAMENTO/ATRASO DE VEÍCULO,FISCALIZAÇÃO,2025-04-29,-4.0,NO PRAZO,-4.0,,OK
2025040911484993,,2025-04-23,10,2025-05-03,INTERMUNICIPAL,REGULAR,72.543.978/0001-00,GUERINO SEISCENTO TRANSPORTES S/A,GUERINO SEISCENTO TRANSPORTES S/A,,Assis,,MUDANÇA DE TABELA DE HORÁRIO,REGULAR,2025-04-30,-3.0,NO PRAZO,-3.0,TC3,OK
2025040814535923,,2025-04-23,10,2025-05-03,INTERMUNICIPAL,REGULAR,07.022.473/0001-39,RAPIDO FENIX VIAÇÃO LTDA,RAPIDO FENIX VIAÇÃO LTDA,,Atibaia,São Paulo,ADIANTAMENTO/ATRASO DE VEÍCULO,FISCALIZAÇÃO,2025-04-25,-8.0,NO PRAZO,-8.0,,OK
2025040814572975,,2025-04-23,10,2025-05-03,INTERMUNICIPAL,REGULAR,61.563.557/0001-25,EMPRESA DE ÔNIBUS PASSARO MARRON S/A,EMPRESA DE ÔNIBUS PASSARO MARRON S/A,PASSARO MARRON,São Paulo,Jacareí,MUDANÇA DE ITINERÁRIO,REGULAR,2025-04-29,-4.0,NO PRAZO,-4.0,TC5,OK
2025021810101663,,2025-04-24,10,2025-05-04,INTERMUNICIPAL,REGULAR,01.339.438/0001-61,AUTO ÔNIBUS DEL OESTE LTDA - EPP,AUTO ÔNIBUS DEL OESTE LTDA - EPP,,,São Simão,TRANSPORTE CLANDESTINO,FISCALIZAÇÃO,2025-04-25,-9.0,NO PRAZO,-9.0,,OK
2025032809301522,,2025-04-24,10,2025-05-04,INTERMUNICIPAL,REGULAR,45.992.724/0001-05,RAPIDO LUXO CAMPINAS LTDA,RAPIDO LUXO CAMPINAS LTDA,RAPIDO CAMPINAS,Itupeva,Jundiaí,MÁ CONDUTA DE FUNCIONÁRIOS,FISCALIZAÇÃO,2025-04-29,-5.0,NO PRAZO,-5.0,,OK
2025041510010927,,2025-04-24,10,2025-05-04,INTERMUNICIPAL,REGULAR,61.084.018/0001-03,VIAÇÃO COMETA S/A,VIAÇÃO COMETA S/A,COMETA,Ribeirão Preto,Santos,PRESTAÇÃO DE SERVIÇO DA EMPRESA,REGULAR,2025-04-24,-10.0,NO PRAZO,-10.0,TC5,OK
2025042111270537,,2025-04-25,10,2025-05-05,INTERMUNICIPAL,,,,,,Ilha Comprida,Registro,MÁ CONDIÇÃO DE VEÍCULO,FISCALIZAÇÃO,2025-04-25,-10.0,NO PRAZO,-10.0,,OK
2025042111294889,,2025-04-25,10,2025-05-05,INTERMUNICIPAL,,,,,,Ilha Comprida,Registro,MÁ CONDIÇÃO DE VEÍCULO,FISCALIZAÇÃO,2025-04-25,-10.0,NO PRAZO,-10.0,,OK
2025041016443771,,2025-04-25,10,2025-05-05,INTERMUNICIPAL,REGULAR,45.992.724/0001-05,RAPIDO LUXO CAMPINAS LTDA,RAPIDO LUXO CAMPINAS LTDA,RAPIDO CAMPINAS,Jundiaí,Franco da Rocha,ADIANTAMENTO/ATRASO DE VEÍCULO,FISCALIZAÇÃO,2025-04-29,-6.0,NO PRAZO,-6.0,,OK
2025041509053445,,2025-04-28,10,2025-05-08,INTERMUNICIPAL,REGULAR,01.339.438/0001-61,AUTO ÔNIBUS DEL OESTE LTDA - EPP,AUTO ÔNIBUS DEL OESTE LTDA - EPP,,Porto Ferreira,Ribeirão Preto,PRESTAÇÃO DE SERVIÇO DA EMPRESA,REGULAR,2025-04-30,-8.0,NO PRAZO,-8.0,,OK
2025041516255231,,2025-04-28,10,2025-05-08,INTERMUNICIPAL,REGULAR,45.992.724/0001-05,RAPIDO LUXO CAMPINAS LTDA,RAPIDO LUXO CAMPINAS LTDA,RAPIDO CAMPINAS,Jundiaí,,MÁ CONDUTA DO MOTORISTA,REGULAR,2025-04-29,-9.0,NO PRAZO,-9.0,TC1,OK
2025041121035577,,2025-04-28,10,2025-05-08,INTERMUNICIPAL,REGULAR,07.022.473/0001-39,RAPIDO FENIX VIAÇÃO LTDA,RAPIDO FENIX VIAÇÃO LTDA,,São Paulo,Águas de Lindóia,ADIANTAMENTO/ATRASO DE VEÍCULO,FISCALIZAÇÃO,2025-04-29,-9.0,NO PRAZO,-9.0,,OK
2025041121022113,,2025-04-28,10,2025-05-08,INTERMUNICIPAL,REGULAR,07.022.473/0001-39,RAPIDO FENIX VIAÇÃO LTDA,RAPIDO FENIX VIAÇÃO LTDA,,São Paulo,Águas de Lindóia,ADIANTAMENTO/ATRASO DE VEÍCULO,FISCALIZAÇÃO,2025-04-29,-9.0,NO PRAZO,-9.0,,OK
2025041121004597,,2025-04-28,10,2025-05-08,INTERMUNICIPAL,REGULAR,07.022.473/0001-39,RAPIDO FENIX VIAÇÃO LTDA,RAPIDO FENIX VIAÇÃO LTDA,,São Paulo,Águas de Lindóia,ADIANTAMENTO/ATRASO DE VEÍCULO,FISCALIZAÇÃO,2025-04-29,-9.0,NO PRAZO,-9.0,,OK
2025040715230026,,2025-04-28,10,2025-05-08,INTERMUNICIPAL,REGULAR,44.944.577/0001-27,VIAÇÃO SÃO BENTO LTDA,VIAÇÃO SÃO BENTO LTDA,,Altinópolis,Ribeirão Preto,MÁ CONDUTA DO MOTORISTA,REGULAR,2025-04-29,-9.0,NO PRAZO,-9.0,TC1,OK
2025041507390135,,2025-04-28,10,2025-05-08,INTERMUNICIPAL,REGULAR,44.944.577/0001-27,VIAÇÃO SÃO BENTO LTDA,VIAÇÃO SÃO BENTO LTDA,,Ribeirão Preto,Barrinha,ADIANTAMENTO/ATRASO DE VEÍCULO,FISCALIZAÇÃO,2025-05-06,-2.0,NO PRAZO,-2.0,,OK
2025041406224679,,2025-04-29,10,2025-05-09,INTERMUNICIPAL,REGULAR,45.992.724/0001-05,RAPIDO LUXO CAMPINAS LTDA,RAPIDO LUXO CAMPINAS LTDA,RAPIDO CAMPINAS,,Jundiaí,ADIANTAMENTO/ATRASO DE VEÍCULO,FISCALIZAÇÃO,2025-04-29,-10.0,NO PRAZO,-10.0,,OK
2025041409422869,,2025-04-29,10,2025-05-09,INTERMUNICIPAL,REGULAR,45.992.724/0001-05,RAPIDO LUXO CAMPINAS LTDA,RAPIDO LUXO CAMPINAS LTDA,RAPIDO CAMPINAS,Campinas,Itupeva,ADIANTAMENTO/ATRASO DE VEÍCULO,FISCALIZAÇÃO,2025-04-29,-10.0,NO PRAZO,-10.0,,OK
2025041614512417,,2025-04-29,10,2025-05-09,INTERMUNICIPAL,REGULAR,75.156.265/0001-82,TRANSPEN-TRANSPORTE COLETIVO E ENCOMENDAS LTDA,TRANSPEN-TRANSPORTE COLETIVO E ENCOMENDAS LTDA,,São Paulo,,ADIANTAMENTO/ATRASO DE VEÍCULO,FISCALIZAÇÃO,2025-04-29,-10.0,NO PRAZO,-10.0,,OK
2025041115310940,,2025-04-29,10,2025-05-09,INTERMUNICIPAL,REGULAR,43.004.159/0001-97,EXPRESSO ADAMANTINA LTDA,EXPRESSO ADAMANTINA LTDA,,Araçatuba,Ilha Solteira,MUDANÇA DE TABELA DE HORÁRIO,REGULAR,2025-05-06,-3.0,NO PRAZO,-3.0,TC3,OK
2025041607125344,,2025-04-29,10,2025-05-09,INTERMUNICIPAL,REGULAR,01.339.438/0001-61,AUTO ÔNIBUS DEL OESTE LTDA - EPP,AUTO ÔNIBUS DEL OESTE LTDA - EPP,,Ribeirão Preto,Jaboticabal,ADIANTAMENTO/ATRASO DE VEÍCULO,FISCALIZAÇÃO,2025-05-06,-3.0,NO PRAZO,-3.0,,OK
2025041507324057,,2025-04-29,10,2025-05-09,INTERMUNICIPAL,REGULAR,44.944.577/0001-27,VIAÇÃO SÃO BENTO LTDA,VIAÇÃO SÃO BENTO LTDA,,Ribeirão Preto,Barrinha,SUPERLOTAÇÃO DE ÔNIBUS,FISCALIZAÇÃO,2025-05-06,-3.0,NO PRAZO,-3.0,,OK
2025041507211365,,2025-04-29,10,2025-05-09,INTERMUNICIPAL,REGULAR,44.944.577/0001-27,VIAÇÃO SÃO BENTO LTDA,VIAÇÃO SÃO BENTO LTDA,,Ribeirão Preto,Barrinha,SUPERLOTAÇÃO DE ÔNIBUS,FISCALIZAÇÃO,2025-05-06,-3.0,NO PRAZO,-3.0,,OK
2025041506284769,,2025-04-29,10,2025-05-09,INTERMUNICIPAL,REGULAR,54.380.399/0001-02,VIAÇÃO ITAQUERI LTDA,VIAÇÃO ITAQUERI LTDA,,Águas de São Pedro,Piracicaba,ADIANTAMENTO/ATRASO DE VEÍCULO,FISCALIZAÇÃO,2025-04-30,-9.0,NO PRAZO,-9.0,,OK
2025041417274038,,2025-04-29,10,2025-05-09,INTERMUNICIPAL,REGULAR,45.992.724/0001-05,RAPIDO LUXO CAMPINAS LTDA,RAPIDO LUXO CAMPINAS LTDA,RAPIDO CAMPINAS,Jundiaí,Indaiatuba,ADIANTAMENTO/ATRASO DE VEÍCULO,FISCALIZAÇÃO,2025-04-30,-9.0,NO PRAZO,-9.0,,OK
2025042408400133,,2025-04-29,10,2025-05-09,INTERMUNICIPAL,REGULAR,01.339.438/0001-61,AUTO ÔNIBUS DEL OESTE LTDA - EPP,AUTO ÔNIBUS DEL OESTE LTDA - EPP,,Ribeirão Preto,Bebedouro,MÁ CONDIÇÃO DE VEÍCULO,FISCALIZAÇÃO,2025-04-30,-9.0,NO PRAZO,-9.0,,OK
2025042507161828,,2025-04-29,29,2025-05-28,INTERMUNICIPAL,REGULAR,45.992.724/0001-05,RAPIDO LUXO CAMPINAS LTDA,RAPIDO LUXO CAMPINAS LTDA,RAPIDO CAMPINAS,Campo Limpo Paulista,Jundiaí,TRANSPORTE CLANDESTINO,FISCALIZAÇÃO,2025-05-28,0.0,NO PRAZO,0.0,,OK
2025042118013397,,2025-05-05,20,2025-05-25,INTERMUNICIPAL,FRETAMENTO,13.137.073/0001-71,PAULISTA LOCAÇÕES DE VEICULOS DE PIRACICABA LTDA,B.H.R. LOCAÇÕES DE VEÍCULOS LTDA-ME,BHR LOCADORA,,,MÁ CONDUTA DO MOTORISTA,FRETAMENTO,2025-05-23,-2.0,NO PRAZO,-2.0,,OK
2025041515462257,,2025-05-05,10,2025-05-15,INTERMUNICIPAL,REGULAR,45.992.724/0001-05,RAPIDO LUXO CAMPINAS LTDA,RAPIDO LUXO CAMPINAS LTDA,RAPIDO CAMPINAS,Campo Limpo Paulista,,BENEFÍCIO DO ESTUDANTE,REGULAR,2025-05-07,-8.0,NO PRAZO,-8.0,TC1,OK
2025041900593489,,2025-05-05,10,2025-05-15,INTERMUNICIPAL,FRETAMENTO,58.565.771/0001-06,LIRABUS,VIAÇÃO LIRA LTDA,LIRABUSS,Indaiatuba,São Paulo,MÁ CONDIÇÃO DE VEÍCULO,FISCALIZAÇÃO,2025-05-13,-2.0,NO PRAZO,-2.0,,OK
2025041818082382,,2025-05-05,10,2025-05-15,INTERMUNICIPAL,REGULAR,54.360.623/0001-02,VIAÇÃO PIRACICABANA S/A,VIAÇÃO PIRACICABANA S/A,PIRACICABANA,Bauru,São Manuel,ADIANTAMENTO/ATRASO DE VEÍCULO,REGULAR,2025-05-15,0.0,NO PRAZO,0.0,TC3,OK
2025042913355445,,2025-05-05,10,2025-05-15,INTERMUNICIPAL,,,,,,,,INFORMAÇÕES SOBRE A ARTESP/DPL,DPL-COORDENADORIA,2025-05-07,-8.0,NO PRAZO,-8.0,,OK
2025040621424461,,2025-05-06,10,2025-05-16,INTERMUNICIPAL,REGULAR,47.987.425/0001-08,CRISTALENSE TRANSPORTES E TURISMO LTDA,CRISTALENSE TRANSPORTES E TURISMO LTDA,,Franca,Restinga,MUDANÇA DE TABELA DE HORÁRIO,REGULAR,2025-05-07,-9.0,NO PRAZO,-9.0,TC1,OK
2025042210043924,,2025-05-06,10,2025-05-16,INTERMUNICIPAL,REGULAR,44.944.577/0001-27,VIAÇÃO SÃO BENTO LTDA,VIAÇÃO SÃO BENTO LTDA,,Franca,Ribeirão Preto,REEMBOLSO DE PASSAGEM ,REGULAR,2025-05-09,-7.0,NO PRAZO,-7.0,TC1,OK
2025042800474210,,2025-05-06,10,2025-05-16,INTERMUNICIPAL,REGULAR,45.992.724/0001-05,RAPIDO LUXO CAMPINAS LTDA,RAPIDO LUXO CAMPINAS LTDA,RAPIDO CAMPINAS,Franco da Rocha,Jundiaí,MÁ CONDIÇÃO DE VEÍCULO,REGULAR,2025-05-07,-9.0,NO PRAZO,-9.0,TC1,OK
2025042907083517,,2025-05-06,10,2025-05-16,INTERMUNICIPAL,REGULAR,45.992.724/0001-05,RAPIDO LUXO CAMPINAS LTDA,RAPIDO LUXO CAMPINAS LTDA,RAPIDO CAMPINAS,Jundiaí,,ADIANTAMENTO/ATRASO DE VEÍCULO,FISCALIZAÇÃO,2025-05-15,-1.0,NO PRAZO,-1.0,,OK
2025042908410341,,2025-05-06,10,2025-05-16,INTERMUNICIPAL,REGULAR,45.992.724/0001-05,RAPIDO LUXO CAMPINAS LTDA,RAPIDO LUXO CAMPINAS LTDA,RAPIDO CAMPINAS,Jundiaí,Itupeva,ADIANTAMENTO/ATRASO DE VEÍCULO,FISCALIZAÇÃO,2025-05-06,-10.0,NO PRAZO,-10.0,,OK
2025042509495183,,2025-05-06,10,2025-05-16,INTERMUNICIPAL,REGULAR,61.084.000/0001-01,ULTRA S/A - TRANSPORTES INTERURBANOS,ULTRA S/A - TRANSPORTES INTERURBANOS,ULTRA,Bertioga,São Paulo,ADIANTAMENTO/ATRASO DE VEÍCULO,FISCALIZAÇÃO,2025-05-07,-9.0,NO PRAZO,-9.0,,OK
2025050217423074,,2025-05-07,10,2025-05-17,INTERMUNICIPAL,REGULAR,60.896.248/0001-04,VALLESUL TRANSPORTES E TURISMO LTDA,VALLESUL TRANSPORTES E TURISMO LTDA,,Ilha Comprida,Registro,TRANSPORTE CLANDESTINO,FISCALIZAÇÃO,2025-05-16,-1.0,NO PRAZO,-1.0,,OK
2025042414344015,,2025-05-08,10,2025-05-18,INTERMUNICIPAL,REGULAR,45.605.755/0001-58,AUTO VIAÇÃO BRAGANCA LTDA,AUTO VIAÇÃO BRAGANCA LTDA,,Águas de Lindóia,Socorro,MUDANÇA DE TABELA DE HORÁRIO,REGULAR,2025-05-13,-5.0,NO PRAZO,-5.0,TC1,OK
2025050612110564,,2025-05-09,10,2025-05-19,INTERMUNICIPAL,,,,,,Ilha Comprida,Registro,TRANSPORTE CLANDESTINO,FISCALIZAÇÃO,2025-05-16,-3.0,NO PRAZO,-3.0,,OK
2025050811320250,,2025-05-13,10,2025-05-23,INTERMUNICIPAL,,,,,,,,SOLICITAÇÃO FRETAMENTO,FRETAMENTO,2025-05-27,4.0,ATRASADO,4.0,,OK
2025050813434245,,2025-05-13,10,2025-05-23,INTERMUNICIPAL,,,,,,Ilha Comprida,Registro,TRANSPORTE CLANDESTINO,FISCALIZAÇÃO,2025-05-16,-7.0,NO PRAZO,-7.0,,OK
2025043017095246,,2025-05-13,10,2025-05-23,INTERMUNICIPAL,REGULAR,56.927.163/0003-30,VIAÇÃO DANUBIO AZUL LTDA,VIAÇÃO DANUBIO AZUL LTDA,,Araraquara,Jaboticabal,ADIANTAMENTO/ATRASO DE VEÍCULO,REGULAR,2025-05-22,-1.0,NO PRAZO,-1.0,TC4,OK
2025042416274834,,2025-05-13,10,2025-05-23,INTERMUNICIPAL,REGULAR,56.927.163/0003-30,VIAÇÃO DANUBIO AZUL LTDA,VIAÇÃO DANUBIO AZUL LTDA,,Cotia,,ADIANTAMENTO/ATRASO DE VEÍCULO,FISCALIZAÇÃO,2025-05-21,-2.0,NO PRAZO,-2.0,,OK
2025042820132196,,2025-05-13,10,2025-05-23,INTERMUNICIPAL,REGULAR,61.084.018/0001-03,VIAÇÃO COMETA S/A,VIAÇÃO COMETA S/A,COMETA,Sorocaba,São Paulo,PRESTAÇÃO DE SERVIÇO DA EMPRESA,REGULAR,2025-05-16,-7.0,NO PRAZO,-7.0,TC2,OK
2025050607542284,,2025-05-13,10,2025-05-23,INTERMUNICIPAL,REGULAR,61.084.018/0001-03,VIAÇÃO COMETA S/A,VIAÇÃO COMETA S/A,COMETA,São Paulo,Sorocaba,PRESTAÇÃO DE SERVIÇO DA EMPRESA,REGULAR,2025-05-16,-7.0,NO PRAZO,-7.0,TC2,OK
2025050715065567,,2025-05-13,10,2025-05-23,INTERMUNICIPAL,REGULAR,56.927.163/0003-30,VIAÇÃO DANUBIO AZUL LTDA,VIAÇÃO DANUBIO AZUL LTDA,,Araraquara,Matão,MUDANÇA DE TABELA DE HORÁRIO,REGULAR,2025-05-22,-1.0,NO PRAZO,-1.0,TC4,OK
2025050619512036,,2025-05-13,10,2025-05-23,INTERMUNICIPAL,REGULAR,45.992.724/0001-05,RAPIDO LUXO CAMPINAS LTDA,RAPIDO LUXO CAMPINAS LTDA,RAPIDO CAMPINAS,Jundiaí,Campinas,ADIANTAMENTO/ATRASO DE VEÍCULO,FISCALIZAÇÃO,2025-05-22,-1.0,NO PRAZO,-1.0,,OK
2025050714044767,,2025-05-13,10,2025-05-23,INTERMUNICIPAL,REGULAR,45.992.724/0001-05,RAPIDO LUXO CAMPINAS LTDA,RAPIDO LUXO CAMPINAS LTDA,RAPIDO CAMPINAS,Campo Limpo Paulista,,ADIANTAMENTO/ATRASO DE VEÍCULO,FISCALIZAÇÃO,2025-05-26,3.0,ATRASADO,3.0,,OK
2025043010592747,,2025-05-15,10,2025-05-25,INTERMUNICIPAL,REGULAR,58.565.771/0001-06,VIAÇÃO LIRA LTDA,VIAÇÃO LIRA LTDA,LIRABUSS,São Paulo,Vinhedo,PRESTAÇÃO DE SERVIÇO DA EMPRESA,REGULAR,2025-05-16,-9.0,NO PRAZO,-9.0,TC1,OK
2025051010320856,,2025-05-15,10,2025-05-25,INTERMUNICIPAL,REGULAR,61.563.557/0001-25,EMPRESA DE ÔNIBUS PASSARO MARRON S/A,EMPRESA DE ÔNIBUS PASSARO MARRON S/A,PASSARO MARRON,Bertioga,São Paulo,MUDANÇA DE TABELA DE HORÁRIO,REGULAR,2025-05-22,-3.0,NO PRAZO,-3.0,TC5,OK
2025050514043445,,2025-05-15,10,2025-05-25,INTERMUNICIPAL,REGULAR,72.543.978/0001-00,GUERINO SEISCENTO TRANSPORTES S/A,GUERINO SEISCENTO TRANSPORTES S/A,,Assis,,MUDANÇA DE TABELA DE HORÁRIO,REGULAR,2025-05-22,-3.0,NO PRAZO,-3.0,TC3,OK
2025042219573487,,2025-05-16,10,2025-05-26,INTERMUNICIPAL,REGULAR,81.159.857/0001-50,EMPRESA PRINCESA DO NORTE S/A,EMPRESA PRINCESA DO NORTE S/A,,São Paulo,,MÁ CONDIÇÃO DE VEÍCULO,FISCALIZAÇÃO,2025-05-22,-4.0,NO PRAZO,-4.0,,OK
2025050715194819,,2025-05-16,10,2025-05-26,INTERMUNICIPAL,REGULAR,47.063.342/0001-14,VIAÇÃO LUWASA LTDA,VIAÇÃO LUWASA LTDA,,,,,REGULAR,2025-05-21,-5.0,NO PRAZO,-5.0,TC4,OK
2025042618011344,,2025-05-16,10,2025-05-26,INTERMUNICIPAL,REGULAR,54.360.623/0001-02,VIAÇÃO PIRACICABANA S/A,VIAÇÃO PIRACICABANA S/A,PIRACICABANA,São Paulo,Peruíbe,GRATUIDADE DE IDOSOS,REGULAR,2025-05-20,-6.0,NO PRAZO,-6.0,TC5,OK
2025042610155226,,2025-05-16,10,2025-05-26,INTERMUNICIPAL,REGULAR,54.360.623/0001-02,VIAÇÃO PIRACICABANA S/A,VIAÇÃO PIRACICABANA S/A,PIRACICABANA,São Paulo,Praia Grande,MÁ CONDIÇÃO DE VEÍCULO,FISCALIZAÇÃO,2025-05-26,0.0,NO PRAZO,0.0,,OK
2025042520594142,,2025-05-16,10,2025-05-26,INTERMUNICIPAL,REGULAR,07.022.473/0001-39,RAPIDO FENIX VIAÇÃO LTDA,RAPIDO FENIX VIAÇÃO LTDA,,São Paulo,Águas de Lindóia,ADIANTAMENTO/ATRASO DE VEÍCULO,FISCALIZAÇÃO,2025-05-27,1.0,ATRASADO,1.0,,OK
2025042518390440,,2025-05-16,10,2025-05-26,INTERMUNICIPAL,REGULAR,01.339.438/0001-61,AUTO ÔNIBUS DEL OESTE LTDA - EPP,AUTO ÔNIBUS DEL OESTE LTDA - EPP,,Ribeirão Preto,Jaboticabal,ADIANTAMENTO/ATRASO DE VEÍCULO,FISCALIZAÇÃO,2025-05-23,-3.0,NO PRAZO,-3.0,,OK
2025051300130240,,2025-05-16,10,2025-05-26,INTERMUNICIPAL,,,,,,Registro,Iguape,TRANSPORTE CLANDESTINO,FISCALIZAÇÃO,2025-05-16,-10.0,NO PRAZO,-10.0,,OK
2025050510163829,,2025-05-19,10,2025-05-29,INTERMUNICIPAL,REGULAR,44.993.632/0001-79,EMPRESAS REUNIDAS PAULISTA DE TRANSPORTES LTDA,EMPRESAS REUNIDAS PAULISTA DE TRANSPORTES LTDA,,São Paulo,Araçatuba,MÁ CONDIÇÃO DE VEÍCULO,FISCALIZAÇÃO,2025-06-02,4.0,ATRASADO,4.0,,OK
2025042914323037,,2025-05-19,10,2025-05-29,INTERMUNICIPAL,REGULAR,54.360.623/0001-02,VIAÇÃO PIRACICABANA S/A,VIAÇÃO PIRACICABANA S/A,PIRACICABANA,Américo Brasiliense,Araraquara,MÁ CONDIÇÃO DE VEÍCULO,FISCALIZAÇÃO,2025-05-29,0.0,NO PRAZO,0.0,,OK
2025050820571819,,2025-05-19,10,2025-05-29,INTERMUNICIPAL,REGULAR,01.339.438/0001-61,AUTO ÔNIBUS DEL OESTE LTDA - EPP,AUTO ÔNIBUS DEL OESTE LTDA - EPP,,Ribeirão Preto,Bebedouro,SUPERLOTAÇÃO DE ÔNIBUS,FISCALIZAÇÃO,2025-05-29,0.0,NO PRAZO,0.0,,OK
2025050812442925,,2025-05-19,10,2025-05-29,INTERMUNICIPAL,REGULAR,01.339.438/0001-61,AUTO ÔNIBUS DEL OESTE LTDA - EPP,AUTO ÔNIBUS DEL OESTE LTDA - EPP,,São José do Rio Pardo,Caconde,MUDANÇA DE TABELA DE HORÁRIO,REGULAR,2025-05-29,0.0,NO PRAZO,0.0,,OK
2025042507254763,,2025-05-19,10,2025-05-29,INTERMUNICIPAL,REGULAR,01.339.438/0001-61,AUTO ÔNIBUS DEL OESTE LTDA - EPP,AUTO ÔNIBUS DEL OESTE LTDA - EPP,,Porto Ferreira,,BENEFÍCIO DO ESTUDANTE,REGULAR,2025-05-20,-9.0,NO PRAZO,-9.0,,OK
2025050909423471,,2025-05-19,10,2025-05-29,INTERMUNICIPAL,REGULAR,51.663.680/0003-26,VIAÇÃO PARATY LTDA,VIAÇÃO PARATY LTDA,,Matão,Taquaritinga,MÁ CONDIÇÃO DE VEÍCULO,FISCALIZAÇÃO,2025-06-02,4.0,ATRASADO,4.0,,OK
2025050619095280,,2025-05-20,10,2025-05-30,INTERMUNICIPAL,REGULAR,46.887.139/0001-08,EXPRESSO AMARELINHO LTDA,EXPRESSO AMARELINHO LTDA,EXPRESSO AMARELINHO LTDA,Sorocaba,Itapetininga,MÁ CONDIÇÃO DE VEÍCULO,FISCALIZAÇÃO,2025-06-02,3.0,ATRASADO,3.0,,OK
2025050611280710,,2025-05-20,10,2025-05-30,INTERMUNICIPAL,REGULAR,45.992.724/0001-05,RAPIDO LUXO CAMPINAS LTDA,RAPIDO LUXO CAMPINAS LTDA,RAPIDO CAMPINAS,Jundiaí,Franco da Rocha,ADIANTAMENTO/ATRASO DE VEÍCULO,FISCALIZAÇÃO,2025-05-23,-7.0,NO PRAZO,-7.0,,OK
2025050515005364,,2025-05-20,10,2025-05-30,INTERMUNICIPAL,REGULAR,52.014.610/0001-48,JODI ITAPEVA TRANSPORTES LTDA,JODI ITAPEVA TRANSPORTES LTDA,,Itapeva,Apiaí,MÁ CONDIÇÃO DE VEÍCULO,FISCALIZAÇÃO,2025-06-11,12.0,ATRASADO,12.0,,OK
2025051312484723,,2025-05-20,10,2025-05-30,INTERMUNICIPAL,REGULAR,50.479.476/0001-25,VIAÇÃO JACAREI LTDA,VIAÇÃO JACAREI LTDA,JACAREI,Mogi das Cruzes,Jacareí,MUDANÇA DE TABELA DE HORÁRIO,REGULAR,2025-06-02,3.0,ATRASADO,3.0,,OK
2025050908100725,,2025-05-20,10,2025-05-30,INTERMUNICIPAL,REGULAR,54.049.754/0001-65,VIAÇÃO VALE DO TIETE LTDA,VIAÇÃO VALE DO TIETE LTDA,VALE DO TIETE,Cerquilho,,MÁ CONDUTA DO MOTORISTA,REGULAR,2025-05-21,-9.0,NO PRAZO,-9.0,,OK
2025051513221520,,2025-05-21,10,2025-05-31,INTERMUNICIPAL,REGULAR,13.245.713/0001-67,VIASOL TRANSPORTES RODOVIÁRIOS LTDA.,VIASOL TRANSPORTES RODOVIÁRIOS LTDA.,,Ribeirão Preto,Limeira,ADIANTAMENTO/ATRASO DE VEÍCULO,FISCALIZAÇÃO,2025-05-29,-2.0,NO PRAZO,-2.0,,OK
2025051010320856,,2025-05-21,10,2025-05-31,INTERMUNICIPAL,REGULAR,61.084.000/0001-01,ULTRA S/A - TRANSPORTES INTERURBANOS,ULTRA S/A - TRANSPORTES INTERURBANOS,ULTRA,Bertioga,São Paulo,MUDANÇA DE TABELA DE HORÁRIO,REGULAR,2025-05-22,-9.0,NO PRAZO,-9.0,,OK
2025051708592425,,2025-05-23,10,2025-06-02,INTERMUNICIPAL,REGULAR,43.377.936/0001-49,JANDAIA TRANSPORTES E TURISMO LTDA,JANDAIA TRANSPORTES E TURISMO LTDA,,Taciba,Presidente Prudente,ADIANTAMENTO/ATRASO DE VEÍCULO,FISCALIZAÇÃO,2025-06-06,4.0,ATRASADO,4.0,,OK
2025042307140598,,2025-05-23,10,2025-06-02,INTERMUNICIPAL,REGULAR,52.014.610/0001-48,JODI ITAPEVA TRANSPORTES LTDA,JODI ITAPEVA TRANSPORTES LTDA,,Nova Campina,Itapeva,MUDANÇA DE TABELA DE HORÁRIO,REGULAR,2025-06-03,1.0,ATRASADO,1.0,,OK
2025050712113645,,2025-05-23,10,2025-06-02,INTERMUNICIPAL,REGULAR,44.944.577/0001-27,VIAÇÃO SÃO BENTO LTDA,VIAÇÃO SÃO BENTO LTDA,,Batatais,Ribeirão Preto,ADIANTAMENTO/ATRASO DE VEÍCULO,FISCALIZAÇÃO,2025-06-06,4.0,ATRASADO,4.0,,OK
2025050715240395,,2025-05-23,29,2025-06-21,INTERMUNICIPAL,,,,,,,,MUDANÇA DE TABELA DE HORÁRIO,REGULAR,2025-06-11,-10.0,ATRASADO,-10.0,,OK
2025050716301524,,2025-05-23,10,2025-06-02,INTERMUNICIPAL,REGULAR,07.022.473/0001-39,RAPIDO FENIX VIAÇÃO LTDA,RAPIDO FENIX VIAÇÃO LTDA,,Amparo,Jaguariúna,ADIANTAMENTO/ATRASO DE VEÍCULO,FISCALIZAÇÃO,2025-06-02,0.0,NO PRAZO,0.0,,OK
2025042408293059,,2025-05-26,10,2025-06-05,INTERMUNICIPAL,REGULAR,68.260.371/0001-46,RAPIDO SUMARE LTDA,RAPIDO SUMARE LTDA,RAPIDO SUMARE,São Paulo,Sumaré,ADIANTAMENTO/ATRASO DE VEÍCULO,FISCALIZAÇÃO,2025-06-09,4.0,ATRASADO,4.0,,OK
2025042417475259,,2025-05-26,26,2025-06-21,INTERMUNICIPAL,REGULAR,01.339.438/0001-61,AUTO ÔNIBUS DEL OESTE LTDA - EPP,AUTO ÔNIBUS DEL OESTE LTDA - EPP,,Ribeirão Preto,Cravinhos,BENEFÍCIO DO ESTUDANTE,REGULAR,2025-06-23,2.0,ATRASADO,2.0,TC1,OK
2025050809510017,,2025-05-26,10,2025-06-05,INTERMUNICIPAL,REGULAR,01.339.438/0001-61,AUTO ÔNIBUS DEL OESTE LTDA - EPP,AUTO ÔNIBUS DEL OESTE LTDA - EPP,,Ribeirão Preto,Jaboticabal,SUPERLOTAÇÃO DE ÔNIBUS,FISCALIZAÇÃO,2025-06-05,0.0,NO PRAZO,0.0,,OK
2025050909422339,,2025-05-26,10,2025-06-05,INTERMUNICIPAL,REGULAR,44.944.577/0001-27,VIAÇÃO SÃO BENTO LTDA,VIAÇÃO SÃO BENTO LTDA,,Barrinha,Sertãozinho,SUPERLOTAÇÃO DE ÔNIBUS,FISCALIZAÇÃO,2025-06-05,0.0,NO PRAZO,0.0,,OK
2025051717483174,,2025-05-26,10,2025-06-05,INTERMUNICIPAL,REGULAR,54.360.623/0001-02,VIAÇÃO PIRACICABANA S/A,VIAÇÃO PIRACICABANA S/A,PIRACICABANA,São Paulo,Praia Grande,PRESTAÇÃO DE SERVIÇO DA EMPRESA,REGULAR,2025-05-30,-6.0,NO PRAZO,-6.0,,OK
2025052120071658,,2025-05-26,10,2025-06-05,INTERMUNICIPAL,,,,,,Sorocaba,,PRESTAÇÃO DE SERVIÇO DA EMPRESA,REGULAR,2025-06-10,5.0,ATRASADO,5.0,,OK
2025052201314698,,2025-05-26,10,2025-06-05,INTERMUNICIPAL,,,,,,Sorocaba,,PRESTAÇÃO DE SERVIÇO DA EMPRESA,REGULAR,2025-06-03,-2.0,NO PRAZO,-2.0,,OK
2025052209445384,,2025-05-27,10,2025-06-06,INTERMUNICIPAL,REGULAR,43.257.658/0001-96,AUTO VIAÇÃO OURO VERDE LTDA,AUTO VIAÇÃO OURO VERDE LTDA,,São Paulo,Sumaré,ADIANTAMENTO/ATRASO DE VEÍCULO,FISCALIZAÇÃO,2025-06-04,-2.0,NO PRAZO,-2.0,,OK
2025051117313842,,2025-05-28,10,2025-06-07,INTERMUNICIPAL,REGULAR,55.334.262/0001-84,EMPRESA DE TRANSPORTES ANDORINHA S/A,EMPRESA DE TRANSPORTES ANDORINHA S/A,,,Presidente Prudente,MUDANÇA DE TABELA DE HORÁRIO,REGULAR,2025-05-30,-8.0,NO PRAZO,-8.0,,OK
2025050809043739,,2025-05-28,10,2025-06-07,INTERMUNICIPAL,REGULAR,52.014.610/0001-48,JODI ITAPEVA TRANSPORTES LTDA,JODI ITAPEVA TRANSPORTES LTDA,,Itapeva,Apiaí,MÁ CONDIÇÃO DE VEÍCULO,FISCALIZAÇÃO,2025-06-03,-4.0,NO PRAZO,-4.0,,OK
2025051209164542,,2025-05-28,10,2025-06-07,INTERMUNICIPAL,REGULAR,45.992.724/0001-05,RAPIDO LUXO CAMPINAS LTDA,RAPIDO LUXO CAMPINAS LTDA,RAPIDO CAMPINAS,Itupeva,Jundiaí,ADIANTAMENTO/ATRASO DE VEÍCULO,FISCALIZAÇÃO,2025-06-03,-4.0,NO PRAZO,-4.0,,OK
2025052008003894, ,2025-05-28,10,2025-06-07,INTERMUNICIPAL,REGULAR,45.992.724/0001-05,RAPIDO LUXO CAMPINAS LTDA,RAPIDO LUXO CAMPINAS LTDA,RAPIDO CAMPINAS,Jundiaí,Campo Limpo Paulista,ADIANTAMENTO/ATRASO DE VEÍCULO,FISCALIZAÇÃO,2025-06-09,2.0,ATRASADO,2.0,,OK
2025052115254285,,2025-05-28,10,2025-06-07,INTERMUNICIPAL,REGULAR,45.992.724/0001-05,RAPIDO LUXO CAMPINAS LTDA,RAPIDO LUXO CAMPINAS LTDA,RAPIDO CAMPINAS,Jundiaí,Cajamar,MÁ CONDIÇÃO DE VEÍCULO,FISCALIZAÇÃO,2025-06-05,-2.0,NO PRAZO,-2.0,,OK
2025052117284856,,2025-05-28,10,2025-06-07,INTERMUNICIPAL,REGULAR,45.992.724/0001-05,RAPIDO LUXO CAMPINAS LTDA,RAPIDO LUXO CAMPINAS LTDA,RAPIDO CAMPINAS,Itupeva,Jundiaí,ADIANTAMENTO/ATRASO DE VEÍCULO,FISCALIZAÇÃO,2025-06-03,-4.0,NO PRAZO,-4.0,,OK
2025052117333897,,2025-05-28,10,2025-06-07,INTERMUNICIPAL,REGULAR,45.992.724/0001-05,RAPIDO LUXO CAMPINAS LTDA,RAPIDO LUXO CAMPINAS LTDA,RAPIDO CAMPINAS,Jundiaí,Itupeva,ADIANTAMENTO/ATRASO DE VEÍCULO,FISCALIZAÇÃO,2025-06-03,-4.0,NO PRAZO,-4.0,,OK
2025052408433867,,2025-05-29,10,2025-06-08,INTERMUNICIPAL,REGULAR,43.377.936/0001-49,JANDAIA TRANSPORTES E TURISMO LTDA,JANDAIA TRANSPORTES E TURISMO LTDA,,Regente Feijó,Presidente Prudente,ADIANTAMENTO/ATRASO DE VEÍCULO,FISCALIZAÇÃO,2025-06-06,-2.0,NO PRAZO,-2.0,,OK
2025051209120317,,2025-05-29,10,2025-06-08,INTERMUNICIPAL,REGULAR,54.360.623/0001-02,VIAÇÃO PIRACICABANA S/A,VIAÇÃO PIRACICABANA S/A,PIRACICABANA,Nova Odessa,São Paulo,ADIANTAMENTO/ATRASO DE VEÍCULO,FISCALIZAÇÃO,2025-06-09,1.0,ATRASADO,1.0,,OK
2025042508293031,,2025-05-30,22,2025-06-21,INTERMUNICIPAL,REGULAR,60.896.248/0001-04,VALLESUL TRANSPORTES E TURISMO LTDA,VALLESUL TRANSPORTES E TURISMO LTDA,,Ilha Comprida,Registro,BILHETE DE PASSAGEM,REGULAR,2025-06-16,-5.0,ATRASADO,-5.0,TC5,OK
2025051210235513,,2025-05-30,22,2025-06-21,INTERMUNICIPAL,REGULAR,01.339.438/0001-61,AUTO ÔNIBUS DEL OESTE LTDA - EPP,AUTO ÔNIBUS DEL OESTE LTDA - EPP,,Barretos,Bebedouro,MUDANÇA DE TABELA DE HORÁRIO,REGULAR,2025-06-18,-3.0,ATRASADO,-3.0,TC4,OK
2025051308192024,,2025-06-02,10,2025-06-12,INTERMUNICIPAL,REGULAR,44.508.430/0001-94,VIAÇÃO ATIBAIA SÃO PAULO LTDA,VIAÇÃO ATIBAIA SÃO PAULO LTDA,,Jarinu,Campo Limpo Paulista,MUDANÇA DE TABELA DE HORÁRIO,REGULAR,2025-06-03,-9.0,NO PRAZO,-9.0,,OK
2025052115221460,,2025-06-02,10,2025-06-12,INTERMUNICIPAL,REGULAR,45.992.724/0001-05,RAPIDO LUXO CAMPINAS LTDA,RAPIDO LUXO CAMPINAS LTDA,RAPIDO CAMPINAS,Jundiaí,Cajamar,MÁ CONDIÇÃO DE VEÍCULO,FISCALIZAÇÃO,2025-06-05,-7.0,NO PRAZO,-7.0,,OK
2025052717521429,,2025-06-02,10,2025-06-12,INTERMUNICIPAL,,,,,,Francisco Morato,Jundiaí,TRANSPORTE CLANDESTINO,FISCALIZAÇÃO,2025-06-12,0.0,NO PRAZO,0.0,,OK
2025042307140598,,2025-06-02,10,2025-06-12,INTERMUNICIPAL,REGULAR,52.014.610/0001-48,JODI ITAPEVA TRANSPORTES LTDA,JODI ITAPEVA TRANSPORTES LTDA,,Nova Campina,Itapeva,ADIANTAMENTO/ATRASO DE VEÍCULO,FISCALIZAÇÃO,2025-06-03,-9.0,NO PRAZO,-9.0,,OK
2025051415243777,,2025-06-02,10,2025-06-12,INTERMUNICIPAL,REGULAR,61.563.557/0001-25,EMPRESA DE ÔNIBUS PASSARO MARRON S/A,EMPRESA DE ÔNIBUS PASSARO MARRON S/A,PASSARO MARRON,Jacareí,São Paulo,MÁ CONDUTA DO MOTORISTA,FISCALIZAÇÃO,2025-06-04,-8.0,NO PRAZO,-8.0,,OK
2025042507161828,,2025-06-03,10,2025-06-13,INTERMUNICIPAL,REGULAR,45.992.724/0001-05,RAPIDO LUXO CAMPINAS LTDA,RAPIDO LUXO CAMPINAS LTDA,RAPIDO CAMPINAS,Campo Limpo Paulista,Jundiaí,MÁ CONDIÇÃO DE VEÍCULO,FISCALIZAÇÃO,2025-06-04,-9.0,NO PRAZO,-9.0,,OK
2025052610073841,,2025-06-03,10,2025-06-13,INTERMUNICIPAL,REGULAR,45.992.724/0001-05,RAPIDO LUXO CAMPINAS LTDA,RAPIDO LUXO CAMPINAS LTDA,RAPIDO CAMPINAS,,Jundiaí,ADIANTAMENTO/ATRASO DE VEÍCULO,FISCALIZAÇÃO,2025-06-04,-9.0,NO PRAZO,-9.0,,OK
2025052717435641,,2025-06-03,25,2025-06-28,INTERMUNICIPAL,,,,,,Clementina,Americana,TRANSPORTE CLANDESTINO,FISCALIZAÇÃO,2025-06-23,-5.0,NO PRAZO,-5.0,,OK
2025052609501851,,2025-06-03,10,2025-06-13,INTERMUNICIPAL,REGULAR,45.992.724/0001-05,RAPIDO LUXO CAMPINAS LTDA,RAPIDO LUXO CAMPINAS LTDA,RAPIDO CAMPINAS,Cabreúva,Jundiaí,SUPERLOTAÇÃO DE ÔNIBUS,FISCALIZAÇÃO,2025-06-12,-1.0,NO PRAZO,-1.0,,OK
2025052015304717,,2025-06-03,10,2025-06-13,INTERMUNICIPAL,,,,,,Pariquera-Açu,,TRANSPORTE CLANDESTINO,FISCALIZAÇÃO,2025-06-04,-9.0,NO PRAZO,-9.0,,OK
2025051606255174,,2025-06-03,10,2025-06-13,INTERMUNICIPAL,,,,,,Icém,São José do Rio Preto,TRANSPORTE CLANDESTINO,FISCALIZAÇÃO,2025-06-17,4.0,ATRASADO,4.0,,OK
2025052412551180,,2025-06-04,10,2025-06-14,INTERMUNICIPAL,REGULAR,44.508.430/0001-94,VIAÇÃO ATIBAIA SÃO PAULO LTDA,VIAÇÃO ATIBAIA SÃO PAULO LTDA,,Atibaia,São Paulo,MUDANÇA DE ITINERÁRIO,OUVIDORIA LOCAL,2025-06-05,-9.0,NO PRAZO,-9.0,,OK
2025051613464557,,2025-06-04,10,2025-06-14,INTERMUNICIPAL,REGULAR,54.360.623/0001-02,VIAÇÃO PIRACICABANA S/A,VIAÇÃO PIRACICABANA S/A,PIRACICABANA,Praia Grande,São Paulo,MUDANÇA DE TABELA DE HORÁRIO,REGULAR,2025-06-17,3.0,ATRASADO,3.0,TC5,OK
2025052706384569,,2025-06-04,10,2025-06-14,INTERMUNICIPAL,REGULAR,61.563.557/0001-25,EMPRESA DE ÔNIBUS PASSARO MARRON S/A,EMPRESA DE ÔNIBUS PASSARO MARRON S/A,PASSARO MARRON,Jacareí,São Paulo,PRESTAÇÃO DE SERVIÇO DA EMPRESA,OUVIDORIA LOCAL,2025-06-05,-9.0,NO PRAZO,-9.0,,OK
2025051610463847,,2025-06-04,10,2025-06-14,INTERMUNICIPAL,REGULAR,54.360.623/0001-02,VIAÇÃO PIRACICABANA S/A,VIAÇÃO PIRACICABANA S/A,PIRACICABANA,Campinas,,COMPRA DE PASSAGEM,REGULAR,2025-06-09,-5.0,NO PRAZO,-5.0,TC1,OK
2025052309331671,,2025-06-04,10,2025-06-14,INTERMUNICIPAL,REGULAR,61.084.018/0001-03,VIAÇÃO COMETA S/A,VIAÇÃO COMETA S/A,COMETA,Santos,Guarulhos,MUDANÇA DE TABELA DE HORÁRIO,OUVIDORIA LOCAL,2025-06-04,-10.0,NO PRAZO,-10.0,,OK
2025060208584237,,2025-06-05,10,2025-06-15,INTERMUNICIPAL,,,,,,,,,FRETAMENTO,2025-06-11,-4.0,NO PRAZO,-4.0,,OK
2025051916043047,,2025-06-05,14,2025-06-19,INTERMUNICIPAL,REGULAR,45.215.365/0001-71,EXPRESSO CIDADE NATUREZA TRANSPORTE LTDA,EXPRESSO CIDADE NATUREZA TRANSPORTE LTDA,,Mogi das Cruzes,São José dos Campos,MUDANÇA DE TABELA DE HORÁRIO,REGULAR,2025-06-09,-10.0,NO PRAZO,-10.0,TC5,OK
2025051917460139,,2025-06-05,10,2025-06-15,INTERMUNICIPAL,REGULAR,44.944.577/0001-27,VIAÇÃO SÃO BENTO LTDA,VIAÇÃO SÃO BENTO LTDA,,Ribeirão Preto,,BENEFÍCIO DO ESTUDANTE,REGULAR,2025-06-06,-9.0,NO PRAZO,-9.0,TC1,OK
2025051122090892,,2025-06-09,10,2025-06-19,INTERMUNICIPAL,REGULAR,01.339.438/0001-61,AUTO ÔNIBUS DEL OESTE LTDA - EPP,AUTO ÔNIBUS DEL OESTE LTDA - EPP,,Bebedouro,Ribeirão Preto,SUPERLOTAÇÃO DE ÔNIBUS,FISCALIZAÇÃO,2025-06-24,5.0,ATRASADO,5.0,,OK
2025053011510129,,2025-06-09,10,2025-06-19,INTERMUNICIPAL,REGULAR,54.360.623/0001-02,VIAÇÃO PIRACICABANA S/A,VIAÇÃO PIRACICABANA S/A,PIRACICABANA,Bauru,Agudos,ADIANTAMENTO/ATRASO DE VEÍCULO,FISCALIZAÇÃO,2025-06-13,-6.0,NO PRAZO,-6.0,,OK
2025060519282963,,2025-06-10,10,2025-06-20,INTERMUNICIPAL,,,,,,,,SOLICITAÇÃO DE INFORMAÇÃO,FRETAMENTO,2025-06-10,-10.0,NO PRAZO,-10.0,,OK
2025052617493995,,2025-06-10,10,2025-06-20,INTERMUNICIPAL,REGULAR,61.563.557/0001-25,EMPRESA DE ÔNIBUS PASSARO MARRON S/A,EMPRESA DE ÔNIBUS PASSARO MARRON S/A,PASSARO MARRON,Guaratinguetá,Taubaté,MÁ CONDUTA DE FUNCIONÁRIOS,FISCALIZAÇÃO,2025-06-11,-9.0,NO PRAZO,-9.0,,OK
2025052615543568,,2025-06-10,10,2025-06-20,INTERMUNICIPAL,REGULAR,61.563.557/0001-25,EMPRESA DE ÔNIBUS PASSARO MARRON S/A,EMPRESA DE ÔNIBUS PASSARO MARRON S/A,PASSARO MARRON,São José dos Campos,Guarulhos,PRESTAÇÃO DE SERVIÇO DA EMPRESA,REGULAR,2025-06-10,-10.0,NO PRAZO,-10.0,TC5,OK
2025060611410160,,2025-06-10,10,2025-06-20,INTERMUNICIPAL,,,,,,Praia Grande,São Paulo,SOLICITAÇÃO DE INFORMAÇÃO,OUVIDORIA LOCAL,2025-06-11,-9.0,NO PRAZO,-9.0,,OK
2025052815370116,,2025-06-11,10,2025-06-21,INTERMUNICIPAL,REGULAR,01.339.438/0001-61,AUTO ÔNIBUS DEL OESTE LTDA - EPP,AUTO ÔNIBUS DEL OESTE LTDA - EPP,,Barrinha,,BENEFÍCIO DO ESTUDANTE,REGULAR,2025-06-23,2.0,ATRASADO,2.0,TC1,OK
2025052714430586,,2025-06-11,10,2025-06-21,INTERMUNICIPAL,REGULAR,07.022.473/0001-39,RAPIDO FENIX VIAÇÃO LTDA,RAPIDO FENIX VIAÇÃO LTDA,,Itatiba,Jundiaí,ADIANTAMENTO/ATRASO DE VEÍCULO,FISCALIZAÇÃO,2025-06-18,-3.0,NO PRAZO,-3.0,,OK
2025052110272896,,2025-06-11,25,2025-07-06,INTERMUNICIPAL,,,,,,São Joaquim da Barra,Olímpia,TRANSPORTE CLANDESTINO,FISCALIZAÇÃO,2025-06-26,-10.0,ATRASADO,-10.0,,OK
2025052110433837,,2025-06-11,25,2025-07-06,INTERMUNICIPAL,,,,,,São Joaquim da Barra,Olímpia,TRANSPORTE CLANDESTINO,FISCALIZAÇÃO,2025-07-07,1.0,ATRASADO,1.0,,OK
2025060911574126,,2025-06-12,10,2025-06-22,INTERMUNICIPAL,REGULAR,45.992.724/0001-05,RAPIDO LUXO CAMPINAS LTDA,RAPIDO LUXO CAMPINAS LTDA,RAPIDO CAMPINAS,Jundiaí,Campo Limpo Paulista,ADIANTAMENTO/ATRASO DE VEÍCULO,FISCALIZAÇÃO,2025-06-26,4.0,ATRASADO,4.0,,OK
2025052810013413,,2025-06-13,10,2025-06-23,INTERMUNICIPAL,,,,,,,,MÁ CONDIÇÃO DE VEÍCULO,FISCALIZAÇÃO,2025-06-27,4.0,ATRASADO,4.0,,OK
2025052809012895,,2025-06-13,20,2025-07-03,INTERMUNICIPAL,REGULAR,45.992.724/0001-05,RAPIDO LUXO CAMPINAS LTDA,RAPIDO LUXO CAMPINAS LTDA,RAPIDO CAMPINAS,,Jundiaí,MÁ CONDUTA DO MOTORISTA,REGULAR,2025-06-25,-8.0,NO PRAZO,-8.0,TC1,OK
2025060214155260,,2025-06-13,10,2025-06-23,INTERMUNICIPAL,REGULAR,44.508.430/0001-94,VIAÇÃO ATIBAIA SÃO PAULO LTDA,VIAÇÃO ATIBAIA SÃO PAULO LTDA,,Atibaia,Jarinu,MUDANÇA DE TABELA DE HORÁRIO,REGULAR,2025-06-16,-7.0,NO PRAZO,-7.0,TC1,OK
2025053018001744, ,2025-06-16,10,2025-06-26,INTERMUNICIPAL,REGULAR,44.944.577/0001-27,VIAÇÃO SÃO BENTO LTDA,VIAÇÃO SÃO BENTO LTDA,,Batatais,,BENEFÍCIO DO ESTUDANTE,REGULAR,2025-06-23,-3.0,NO PRAZO,-3.0,TC1,OK
2025060211384257,,2025-06-17,10,2025-06-27,INTERMUNICIPAL,REGULAR,44.944.577/0001-27,VIAÇÃO SÃO BENTO LTDA,VIAÇÃO SÃO BENTO LTDA,,Ribeirão Preto,,BENEFÍCIO DO ESTUDANTE,REGULAR,2025-06-18,-9.0,NO PRAZO,-9.0,TC1,OK
2025060709074354,,2025-06-18,20,2025-07-08,INTERMUNICIPAL,REGULAR,43.377.936/0001-49,JANDAIA TRANSPORTES E TURISMO LTDA,JANDAIA TRANSPORTES E TURISMO LTDA,,Regente Feijó,Presidente Prudente,ADIANTAMENTO/ATRASO DE VEÍCULO,FISCALIZAÇÃO,2025-07-07,-1.0,NO PRAZO,-1.0,,OK
2025061709084540,,2025-06-23,25,2025-07-18,INTERMUNICIPAL,,,,,,São Paulo,Bauru,TRANSPORTE CLANDESTINO,FISCALIZAÇÃO,2025-07-02,-16.0,NO PRAZO,-16.0,,OK
2025060410423387,,2025-06-23,10,2025-07-03,INTERMUNICIPAL,REGULAR,01.339.438/0001-61,AUTO ÔNIBUS DEL OESTE LTDA - EPP,AUTO ÔNIBUS DEL OESTE LTDA - EPP,,Ribeirão Preto,Jaboticabal,SUPERLOTAÇÃO DE ÔNIBUS,FISCALIZAÇÃO,2025-07-01,-2.0,NO PRAZO,-2.0,,OK
2025061607300539,,2025-06-23,10,2025-07-03,INTERMUNICIPAL,REGULAR,54.360.623/0001-02,VIAÇÃO PIRACICABANA S/A,VIAÇÃO PIRACICABANA S/A,PIRACICABANA,Bauru,Agudos,ADIANTAMENTO/ATRASO DE VEÍCULO,FISCALIZAÇÃO,2025-07-03,0.0,NO PRAZO,0.0,,OK
2025061209240465,,2025-06-23,10,2025-07-03,INTERMUNICIPAL,REGULAR,72.543.978/0001-00,GUERINO SEISCENTO TRANSPORTES S/A,GUERINO SEISCENTO TRANSPORTES S/A,,Lins,,COBRANÇA DE PASSAGEM,REGULAR,2025-07-01,-2.0,NO PRAZO,-2.0,TC3,OK
2025060511281729,,2025-06-24,10,2025-07-04,INTERMUNICIPAL,REGULAR,44.944.577/0001-27,VIAÇÃO SÃO BENTO LTDA,VIAÇÃO SÃO BENTO LTDA,,Barrinha,,PRESTAÇÃO DE SERVIÇO DA EMPRESA,REGULAR,2025-06-30,-4.0,NO PRAZO,-4.0,TC1,OK
2025060708463187,,2025-06-24,10,2025-07-04,INTERMUNICIPAL,REGULAR,43.377.936/0001-49,JANDAIA TRANSPORTES E TURISMO LTDA,JANDAIA TRANSPORTES E TURISMO LTDA,,Regente Feijó,Presidente Prudente,ADIANTAMENTO/ATRASO DE VEÍCULO,FISCALIZAÇÃO,2025-07-07,3.0,ATRASADO,3.0,,OK
2025060713320978,,2025-06-24,10,2025-07-04,INTERMUNICIPAL,REGULAR,60.896.248/0001-04,VALLESUL TRANSPORTES E TURISMO LTDA,VALLESUL TRANSPORTES E TURISMO LTDA,,Registro,Miracatu,MÁ CONDIÇÃO DE VEÍCULO,FISCALIZAÇÃO,2025-06-24,-10.0,NO PRAZO,-10.0,,OK
2025061615572694,,2025-06-24,10,2025-07-04,INTERMUNICIPAL,REGULAR,51.663.680/0003-26,VIAÇÃO PARATY LTDA,VIAÇÃO PARATY LTDA,,Limeira,Mogi Mirim,MÁ CONDIÇÃO DE VEÍCULO,FISCALIZAÇÃO,2025-06-27,-7.0,NO PRAZO,-7.0,,OK
2025060918053739,,2025-06-25,10,2025-07-05,INTERMUNICIPAL,REGULAR,45.992.724/0001-05,RAPIDO LUXO CAMPINAS LTDA,RAPIDO LUXO CAMPINAS LTDA,RAPIDO CAMPINAS,Campo Limpo Paulista,Jundiaí,ADIANTAMENTO/ATRASO DE VEÍCULO,FISCALIZAÇÃO,2025-06-26,-9.0,NO PRAZO,-9.0,,OK
2025061006512190,,2025-06-25,10,2025-07-05,INTERMUNICIPAL,REGULAR,45.992.724/0001-05,RAPIDO LUXO CAMPINAS LTDA,RAPIDO LUXO CAMPINAS LTDA,RAPIDO CAMPINAS,Itupeva,Jundiaí,ADIANTAMENTO/ATRASO DE VEÍCULO,FISCALIZAÇÃO,2025-07-03,-2.0,NO PRAZO,-2.0,,OK
2025061006562116,,2025-06-25,10,2025-07-05,INTERMUNICIPAL,,,,,,Araraquara,Américo Brasiliense,ADIANTAMENTO/ATRASO DE VEÍCULO,FISCALIZAÇÃO,2025-07-01,-4.0,NO PRAZO,-4.0,,OK
2025061011035950,,2025-06-25,10,2025-07-05,INTERMUNICIPAL,FRETAMENTO,47.939.199/0001-81,VB TRANSPORTES/LIRA,HELIO APARECIDO BRAGA 06885710857 - ME,TRANSPORTE,Limeira,,MÁ CONDUTA DO MOTORISTA,REGULAR,2025-07-02,-3.0,NO PRAZO,-3.0,TC1,OK
2025061016390587,,2025-06-25,10,2025-07-05,INTERMUNICIPAL,REGULAR,45.992.724/0001-05,RAPIDO LUXO CAMPINAS LTDA,RAPIDO LUXO CAMPINAS LTDA,RAPIDO CAMPINAS,Jundiaí,Franco da Rocha,ADIANTAMENTO/ATRASO DE VEÍCULO,FISCALIZAÇÃO,2025-06-30,-5.0,NO PRAZO,-5.0,,OK
2025062512112088,,2025-06-26,11,2025-07-07,INTERMUNICIPAL,,,,,,Lins,Getulina,MÁ CONDIÇÃO DE VEÍCULO,FISCALIZAÇÃO,2025-06-27,-10.0,NO PRAZO,-10.0,,OK
2025061121465743,,2025-06-26,11,2025-07-07,INTERMUNICIPAL,REGULAR,45.992.724/0001-05,RAPIDO LUXO CAMPINAS LTDA,RAPIDO LUXO CAMPINAS LTDA,RAPIDO CAMPINAS,Jundiaí,Cabreúva,SUPERLOTAÇÃO DE ÔNIBUS,FISCALIZAÇÃO,2025-07-07,0.0,NO PRAZO,0.0,,OK
2025061110550841,,2025-06-26,11,2025-07-07,INTERMUNICIPAL,REGULAR,45.992.724/0001-05,RAPIDO LUXO CAMPINAS LTDA,RAPIDO LUXO CAMPINAS LTDA,RAPIDO CAMPINAS,Cabreúva,Jundiaí,SUPERLOTAÇÃO DE ÔNIBUS,FISCALIZAÇÃO,2025-07-10,3.0,ATRASADO,3.0,,OK
2025061121261150,,2025-06-26,11,2025-07-07,INTERMUNICIPAL,REGULAR,45.992.724/0001-05,RAPIDO LUXO CAMPINAS LTDA,RAPIDO LUXO CAMPINAS LTDA,RAPIDO CAMPINAS,Jundiaí,Cabreúva,SUPERLOTAÇÃO DE ÔNIBUS,FISCALIZAÇÃO,2025-06-27,-10.0,NO PRAZO,-10.0,,OK
2025061209150132,,2025-06-26,11,2025-07-07,INTERMUNICIPAL,REGULAR,45.992.724/0001-05,RAPIDO LUXO CAMPINAS LTDA,RAPIDO LUXO CAMPINAS LTDA,RAPIDO CAMPINAS,Cabreúva,Jundiaí,ADIANTAMENTO/ATRASO DE VEÍCULO,FISCALIZAÇÃO,2025-06-27,-10.0,NO PRAZO,-10.0,,OK
2025061611234791,,2025-06-26,11,2025-07-07,INTERMUNICIPAL,REGULAR,45.992.724/0001-05,RAPIDO LUXO CAMPINAS LTDA,RAPIDO LUXO CAMPINAS LTDA,RAPIDO CAMPINAS,Cabreúva,Jundiaí,ADIANTAMENTO/ATRASO DE VEÍCULO,FISCALIZAÇÃO,2025-07-10,3.0,ATRASADO,3.0,,OK
2025061615423547,,2025-06-26,11,2025-07-07,INTERMUNICIPAL,REGULAR,45.992.724/0001-05,RAPIDO LUXO CAMPINAS LTDA,RAPIDO LUXO CAMPINAS LTDA,RAPIDO CAMPINAS,Cabreúva,Jundiaí,SUPERLOTAÇÃO DE ÔNIBUS,FISCALIZAÇÃO,2025-07-10,3.0,ATRASADO,3.0,,OK
2025062016303765,,2025-06-26,11,2025-07-07,INTERMUNICIPAL,REGULAR,45.992.724/0001-05,RAPIDO LUXO CAMPINAS LTDA,RAPIDO LUXO CAMPINAS LTDA,RAPIDO CAMPINAS,Cajamar,Jundiaí,MUDANÇA DE TABELA DE HORÁRIO,REGULAR,2025-06-27,-10.0,NO PRAZO,-10.0,TC1,OK
2025062616042979,,2025-06-27,25,2025-07-22,INTERMUNICIPAL,REGULAR,75.156.265/0001-82,TRANSPEN-TRANSPORTE COLETIVO E ENCOMENDAS LTDA,TRANSPEN-TRANSPORTE COLETIVO E ENCOMENDAS LTDA,,São Paulo,,PRESTAÇÃO DE SERVIÇO DA EMPRESA,FISCALIZAÇÃO,2025-07-03,-19.0,NO PRAZO,-19.0,,OK
2025062708193063,,2025-06-27,25,2025-07-22,INTERMUNICIPAL,,,,,,Piracicaba,Campinas,TRANSPORTE CLANDESTINO,FISCALIZAÇÃO,2025-07-14,-8.0,NO PRAZO,-8.0,,OK
2025061113521131,,2025-06-30,10,2025-07-10,INTERMUNICIPAL,REGULAR,61.084.018/0001-03,VIAÇÃO COMETA S/A,VIAÇÃO COMETA S/A,COMETA,São Paulo,São José do Rio Preto,ACESSIBILIDADE,REGULAR,2025-07-07,-3.0,NO PRAZO,-3.0,TC4,OK
2025061719063448,,2025-06-30,10,2025-07-10,INTERMUNICIPAL,REGULAR,54.360.623/0001-02,VIAÇÃO PIRACICABANA S/A,VIAÇÃO PIRACICABANA S/A,PIRACICABANA,Bauru,Arealva,MÁ CONDIÇÃO DE VEÍCULO,FISCALIZAÇÃO,2025-07-03,-7.0,NO PRAZO,-7.0,,OK
2025061710573123,,2025-06-30,10,2025-07-10,INTERMUNICIPAL,REGULAR,54.360.623/0001-02,VIAÇÃO PIRACICABANA S/A,VIAÇÃO PIRACICABANA S/A,PIRACICABANA,Bauru,Arealva,MÁ CONDIÇÃO DE VEÍCULO,FISCALIZAÇÃO,2025-07-03,-7.0,NO PRAZO,-7.0,,OK
2025062412444960,,2025-06-30,10,2025-07-10,INTERMUNICIPAL,REGULAR,61.563.557/0001-25,EMPRESA DE ÔNIBUS PASSARO MARRON S/A,EMPRESA DE ÔNIBUS PASSARO MARRON S/A,PASSARO MARRON,Caraguatatuba,São Paulo,GRATUIDADE DE IDOSOS,REGULAR,2025-06-30,-10.0,NO PRAZO,-10.0,TC5,OK
2025063013491662,,2025-06-30,10,2025-07-10,INTERMUNICIPAL,REGULAR,45.856.523/0001-72,TRANSPORTADORA SÃO PEDRO LTDA,TRANSPORTADORA SÃO PEDRO LTDA,,,,TRANSPORTE CLANDESTINO,FISCALIZAÇÃO,2025-07-01,-9.0,NO PRAZO,-9.0,,OK
2025063016410044,,2025-07-01,25,2025-07-26,INTERMUNICIPAL,,,,,,Poloni,São José do Rio Preto,TRANSPORTE CLANDESTINO,FISCALIZAÇÃO,2025-07-07,-19.0,NO PRAZO,-19.0,,OK
2025063016475778,,2025-07-01,10,2025-07-11,INTERMUNICIPAL,,,,,,Poloni,Mirassol,TRANSPORTE CLANDESTINO,FISCALIZAÇÃO,2025-07-10,-1.0,NO PRAZO,-1.0,,OK
2025063019102616,,2025-07-02,10,2025-07-12,INTERMUNICIPAL,REGULAR,59.965.038/0001-41,EXPRESSO ITAMARATI S/A,EXPRESSO ITAMARATI S/A,,Buritama,,MUDANÇA DE TABELA DE HORÁRIO,REGULAR,2025-07-11,-1.0,NO PRAZO,-1.0,TC4,OK
2025062408281310,,2025-07-02,10,2025-07-12,INTERMUNICIPAL,REGULAR,53.418.976/0001-45,AVOA DE CANDIDO MOTA LTDA - EPP,AVOA DE CANDIDO MOTA LTDA - EPP,,Macatuba,,MUDANÇA DE TABELA DE HORÁRIO,REGULAR,2025-07-11,-1.0,NO PRAZO,-1.0,TC3,OK
2025062511333930,,2025-07-03,10,2025-07-13,INTERMUNICIPAL,FRETAMENTO,59.965.038/0001-41,ITAMARATI/LUWASA,EXPRESSO ITAMARATI S/A,,,,MUDANÇA DE TABELA DE HORÁRIO,REGULAR,2025-07-11,-2.0,NO PRAZO,-2.0,TC4,OK
2025070214225259,,2025-07-03,25,2025-07-28,INTERMUNICIPAL,REGULAR,46.917.472/0001-04,PEVÊ-TUR TRANSPORTES E TURISMO LTDA,PEVÊ-TUR TRANSPORTES E TURISMO LTDA,,Presidente Prudente,Bauru,TRANSPORTE CLANDESTINO,FISCALIZAÇÃO,2025-07-28,0.0,NO PRAZO,0.0,,OK
2025062511541631,,2025-07-03,10,2025-07-13,INTERMUNICIPAL,FRETAMENTO,59.965.038/0001-41,ITAMARATI/LUWASA/PARATY/CRUZ,EXPRESSO ITAMARATI S/A,,,,MUDANÇA DE TABELA DE HORÁRIO,REGULAR,2025-07-11,-2.0,NO PRAZO,-2.0,TC4,OK
2025061016024451,,2025-07-07,10,2025-07-17,INTERMUNICIPAL,REGULAR,45.992.724/0001-05,RAPIDO LUXO CAMPINAS LTDA,RAPIDO LUXO CAMPINAS LTDA,RAPIDO CAMPINAS,Cabreúva,Jundiaí,ADIANTAMENTO/ATRASO DE VEÍCULO,FISCALIZAÇÃO,2025-07-07,-10.0,NO PRAZO,-10.0,,OK
2025070110291374,,2025-07-07,10,2025-07-17,INTERMUNICIPAL,REGULAR,45.992.724/0001-05,RAPIDO LUXO CAMPINAS LTDA,RAPIDO LUXO CAMPINAS LTDA,RAPIDO CAMPINAS,Campo Limpo Paulista,Jundiaí,MÁ CONDIÇÃO DE VEÍCULO,FISCALIZAÇÃO,2025-07-07,-10.0,NO PRAZO,-10.0,,OK
2025070400410397,,2025-07-07,10,2025-07-17,INTERMUNICIPAL,REGULAR,01.339.438/0001-61,AUTO ÔNIBUS DEL OESTE LTDA - EPP,AUTO ÔNIBUS DEL OESTE LTDA - EPP,,Sertãozinho,Ribeirão Preto,SUPERLOTAÇÃO DE ÔNIBUS,FISCALIZAÇÃO,2025-07-08,-9.0,NO PRAZO,-9.0,,OK
2025061218131715,,2025-07-07,10,2025-07-17,INTERMUNICIPAL,REGULAR,44.993.632/0001-79,EMPRESAS REUNIDAS PAULISTA DE TRANSPORTES LTDA,EMPRESAS REUNIDAS PAULISTA DE TRANSPORTES LTDA,,Birigui,Piracicaba,PRESTAÇÃO DE SERVIÇO DA EMPRESA,REGULAR,2025-07-14,-3.0,NO PRAZO,-3.0,TC3,OK
2025062412310142,,2025-07-07,10,2025-07-17,INTERMUNICIPAL,REGULAR,44.944.577/0001-27,VIAÇÃO SÃO BENTO LTDA,VIAÇÃO SÃO BENTO LTDA,,Ribeirão Preto,,PRESTAÇÃO DE SERVIÇO DA EMPRESA,REGULAR,2025-07-10,-7.0,NO PRAZO,-7.0,TC1,OK
2025062520195333,,2025-07-07,10,2025-07-17,INTERMUNICIPAL,REGULAR,07.022.473/0001-39,RAPIDO FENIX VIAÇÃO LTDA,RAPIDO FENIX VIAÇÃO LTDA,,Campinas,Bragança Paulista,PRESTAÇÃO DE SERVIÇO DA EMPRESA,REGULAR,2025-07-11,-6.0,NO PRAZO,-6.0,TC1,OK
2025070222495294,,2025-07-07,10,2025-07-17,INTERMUNICIPAL,REGULAR,51.663.680/0003-26,VIAÇÃO PARATY LTDA,VIAÇÃO PARATY LTDA,,Matão,Araraquara,PRESTAÇÃO DE SERVIÇO DA EMPRESA,REGULAR,2025-07-15,-2.0,NO PRAZO,-2.0,TC4,OK
2025062511541631,,2025-07-07,10,2025-07-17,INTERMUNICIPAL,REGULAR,47.063.342/0001-14,VIAÇÃO LUWASA LTDA,VIAÇÃO LUWASA LTDA,,,,MUDANÇA DE TABELA DE HORÁRIO,REGULAR,2025-07-11,-6.0,NO PRAZO,-6.0,TC4,OK
2025070615161638,,2025-07-07,10,2025-07-17,INTERMUNICIPAL,REGULAR,01.339.438/0001-61,AUTO ÔNIBUS DEL OESTE LTDA - EPP,AUTO ÔNIBUS DEL OESTE LTDA - EPP,,Ribeirão Preto,Cravinhos,MÁ CONDIÇÃO DE VEÍCULO,FISCALIZAÇÃO,2025-07-08,-9.0,NO PRAZO,-9.0,,OK
2025061709552976,,2025-07-07,10,2025-07-17,INTERMUNICIPAL,REGULAR,66.473.554/0002-03,VIAÇÃO GUAXUPE LTDA,VIAÇÃO GUAXUPE LTDA,,Aguaí,São João da Boa Vista,MUDANÇA DE TABELA DE HORÁRIO,REGULAR,2025-07-11,-6.0,NO PRAZO,-6.0,TC1,OK
2025070112245423,,2025-07-07,10,2025-07-17,INTERMUNICIPAL,REGULAR,45.605.755/0001-58,AUTO VIAÇÃO BRAGANCA LTDA,AUTO VIAÇÃO BRAGANCA LTDA,,Atibaia,Bragança Paulista,SUPERLOTAÇÃO DE ÔNIBUS,FISCALIZAÇÃO,2025-07-17,0.0,NO PRAZO,0.0,,OK
2025062611125814,,2025-07-07,10,2025-07-17,INTERMUNICIPAL,REGULAR,66.473.554/0002-03,VIAÇÃO GUAXUPE LTDA,VIAÇÃO GUAXUPE LTDA,,Aguaí,São João da Boa Vista,MUDANÇA DE TABELA DE HORÁRIO,REGULAR,2025-07-11,-6.0,NO PRAZO,-6.0,TC1,OK
2025063016080365,,2025-07-08,10,2025-07-18,INTERMUNICIPAL,REGULAR,59.965.038/0001-41,EXPRESSO ITAMARATI S/A,EXPRESSO ITAMARATI S/A,,São José do Rio Preto,Buritama,MUDANÇA DE TABELA DE HORÁRIO,REGULAR,2025-07-15,-3.0,NO PRAZO,-3.0,TC4,OK
2025070712083986,,2025-07-08,10,2025-07-18,INTERMUNICIPAL,,,,,,Registro,Cajati,SUPERLOTAÇÃO DE ÔNIBUS,FISCALIZAÇÃO,2025-07-16,-2.0,NO PRAZO,-2.0,,OK
2025070407402185,,2025-07-10,20,2025-07-30,INTERMUNICIPAL,REGULAR,72.543.978/0001-00,GUERINO SEISCENTO TRANSPORTES S/A,GUERINO SEISCENTO TRANSPORTES S/A,,Osvaldo Cruz,,ADIANTAMENTO/ATRASO DE VEÍCULO,FISCALIZAÇÃO,2025-07-30,0.0,NO PRAZO,0.0,,OK
2025070809272350,,2025-07-10,10,2025-07-20,INTERMUNICIPAL,REGULAR,61.084.018/0001-03,VIAÇÃO COMETA S/A,VIAÇÃO COMETA S/A,COMETA,São Paulo,Franca,PRESTAÇÃO DE SERVIÇO DA EMPRESA,REGULAR,2025-07-11,-9.0,NO PRAZO,-9.0,TC1,OK
2025070914054244,,2025-07-11,25,2025-08-05,INTERMUNICIPAL,,,,,,Américo Brasiliense,,TRANSPORTE CLANDESTINO,FRETAMENTO,2025-08-06,1.0,ATRASADO,1.0,,OK
2025070518304538,,2025-07-14,10,2025-07-24,INTERMUNICIPAL,REGULAR,59.965.038/0001-41,EXPRESSO ITAMARATI S/A,EXPRESSO ITAMARATI S/A,,Buritama,São José do Rio Preto,MUDANÇA DE TABELA DE HORÁRIO,REGULAR,2025-07-15,-9.0,NO PRAZO,-9.0,TC4,OK
2025061019455464,,2025-07-16,10,2025-07-26,INTERMUNICIPAL,REGULAR,75.156.265/0001-82,TRANSPEN-TRANSPORTE COLETIVO E ENCOMENDAS LTDA,TRANSPEN-TRANSPORTE COLETIVO E ENCOMENDAS LTDA,,Itapetininga,Itapeva,ADIANTAMENTO/ATRASO DE VEÍCULO,FISCALIZAÇÃO,2025-07-16,-10.0,NO PRAZO,-10.0,,OK
2025070811581034,,2025-07-16,20,2025-08-05,INTERMUNICIPAL,REGULAR,53.418.976/0001-45,AVOA DE CANDIDO MOTA LTDA - EPP,AVOA DE CANDIDO MOTA LTDA - EPP,,Bauru,Piratininga,ADIANTAMENTO/ATRASO DE VEÍCULO,FISCALIZAÇÃO,2025-08-11,6.0,ATRASADO,6.0,,OK
2025071011460190,,2025-07-17,10,2025-07-27,INTERMUNICIPAL,REGULAR,61.084.018/0001-03,VIAÇÃO COMETA S/A,VIAÇÃO COMETA S/A,COMETA,Santos,,MUDANÇA DE TABELA DE HORÁRIO,REGULAR,2025-07-21,-6.0,NO PRAZO,-6.0,TC5,OK
2025071117193493,,2025-07-18,40,2025-08-27,INTERMUNICIPAL,FRETAMENTO,,PAVINC,,,Piracicaba,Americana,TRANSPORTE CLANDESTINO,FISCALIZAÇÃO,2025-08-22,-5.0,NO PRAZO,-5.0,,OK
2025070714014691,,2025-07-18,10,2025-07-28,INTERMUNICIPAL,REGULAR,44.993.632/0001-79,EMPRESAS REUNIDAS PAULISTA DE TRANSPORTES LTDA,EMPRESAS REUNIDAS PAULISTA DE TRANSPORTES LTDA,,Lavínia,,MUDANÇA DE TABELA DE HORÁRIO,REGULAR,2025-07-24,-4.0,NO PRAZO,-4.0,,OK
2025071508472570,,2025-07-18,10,2025-07-28,INTERMUNICIPAL,REGULAR,45.605.755/0001-58,AUTO VIAÇÃO BRAGANCA LTDA,AUTO VIAÇÃO BRAGANCA LTDA,,Atibaia,Bragança Paulista,SUPERLOTAÇÃO DE ÔNIBUS,FISCALIZAÇÃO,2025-07-18,-10.0,NO PRAZO,-10.0,,OK
2025071613372195,,2025-07-18,10,2025-07-28,INTERMUNICIPAL,REGULAR,61.563.557/0001-25,EMPRESA DE ÔNIBUS PASSARO MARRON S/A,EMPRESA DE ÔNIBUS PASSARO MARRON S/A,PASSARO MARRON,Ubatuba,São Paulo,TRANSPORTE CLANDESTINO,FISCALIZAÇÃO,2025-07-24,-4.0,NO PRAZO,-4.0,,OK
2025070716263248,,2025-07-18,10,2025-07-28,INTERMUNICIPAL,REGULAR,44.944.577/0001-27,VIAÇÃO SÃO BENTO LTDA,VIAÇÃO SÃO BENTO LTDA,,Ribeirão Preto,Barrinha,PRESTAÇÃO DE SERVIÇO DA EMPRESA,REGULAR,2025-07-23,-5.0,NO PRAZO,-5.0,TC1,OK
2025071615373598,,2025-07-18,10,2025-07-28,INTERMUNICIPAL,REGULAR,45.992.724/0001-05,RAPIDO LUXO CAMPINAS LTDA,RAPIDO LUXO CAMPINAS LTDA,RAPIDO CAMPINAS,Itupeva,Campinas,MUDANÇA DE TABELA DE HORÁRIO,REGULAR,2025-07-24,-4.0,NO PRAZO,-4.0,TC1,OK
2025071715032295,,2025-07-21,10,2025-07-31,INTERMUNICIPAL,REGULAR,07.485.023/0001-82,J.C. DOS SANTOS & SANTOS TRANSPORTES LTDA - ME,J.C. DOS SANTOS & SANTOS TRANSPORTES LTDA - ME,,Barra Bonita,,SOLICITAÇÃO FRETAMENTO,FRETAMENTO,2025-07-30,-1.0,NO PRAZO,-1.0,,OK
2025071515281167,,2025-07-22,10,2025-08-01,INTERMUNICIPAL,REGULAR,21.966.029/0001-00,PORTO DE REGISTRO TRANSPORTES LTDA,PORTO DE REGISTRO TRANSPORTES LTDA,,Registro,,SUPERLOTAÇÃO DE ÔNIBUS,FISCALIZAÇÃO,2025-07-23,-9.0,NO PRAZO,-9.0,,OK
2025071716173510,,2025-07-22,25,2025-08-16,INTERMUNICIPAL,FRETAMENTO,47.939.199/0001-81,"Valter Montefusco Hereira Transportes , Gilmar dos Santos Borges Transpotes",HELIO APARECIDO BRAGA 06885710857 - ME,TRANSPORTE,Barra Bonita,Bauru,TRANSPORTE CLANDESTINO,FISCALIZAÇÃO,2025-08-08,-8.0,NO PRAZO,-8.0,,OK
2025063017494088,,2025-07-22,10,2025-08-01,INTERMUNICIPAL,FRETAMENTO,,WINNSTAL,,,,São José dos Campos,MÁ CONDUTA DE FUNCIONÁRIOS,FISCALIZAÇÃO,2025-07-25,-7.0,NO PRAZO,-7.0,,OK
2025072016272292,,2025-07-23,25,2025-08-17,INTERMUNICIPAL,,,,,,São Sebastião,,TRANSPORTE CLANDESTINO,FISCALIZAÇÃO,2025-08-26,9.0,NO PRAZO,9.0,,OK
2025072016342565,,2025-07-23,25,2025-08-17,INTERMUNICIPAL,,,,,,São Sebastião,,TRANSPORTE CLANDESTINO,FISCALIZAÇÃO,2025-08-26,9.0,NO PRAZO,9.0,,OK
2025070422293488,,2025-07-23,10,2025-08-02,INTERMUNICIPAL,REGULAR,55.334.262/0001-84,EMPRESA DE TRANSPORTES ANDORINHA S/A,EMPRESA DE TRANSPORTES ANDORINHA S/A,,,,COMPRA DE PASSAGEM,REGULAR,2025-07-29,-4.0,NO PRAZO,-4.0,TC3,OK
2025072121022469,,2025-07-24,10,2025-08-03,INTERMUNICIPAL,REGULAR,51.663.680/0003-26,VIAÇÃO PARATY LTDA,VIAÇÃO PARATY LTDA,,Jaú,,MÁ CONDIÇÃO DE VEÍCULO,FISCALIZAÇÃO,2025-08-04,1.0,ATRASADO,1.0,,OK
2025071123072916,,2025-07-25,10,2025-08-04,METROPOLITANO,REGULAR,08.390.180/0001-77,INTERVIAS,CONSÓRCIO INTERVIAS,INTERVIAS,Vargem Grande do Sul,Cotia,MUDANÇA DE TABELA DE HORÁRIO,FISCALIZAÇÃO,2025-07-29,-6.0,NO PRAZO,-6.0,SP,OK
2025071415311075,,2025-07-25,14,2025-08-08,METROPOLITANO,REGULAR,08.390.180/0001-77,INTERVIAS,CONSÓRCIO INTERVIAS,INTERVIAS,São Paulo,,SUPERLOTAÇÃO DE ÔNIBUS,FISCALIZAÇÃO,2025-08-07,-1.0,NO PRAZO,-1.0,SP,OK
2025071113274297,,2025-07-25,14,2025-08-08,METROPOLITANO,REGULAR,61.563.557/0001-25,PASSARO MARRON,EMPRESA DE ÔNIBUS PASSARO MARRON S/A,PASSARO MARRON,São José dos Campos,Cruzeiro,MÁ CONDIÇÃO DE VEÍCULO,FISCALIZAÇÃO,2025-08-04,-4.0,NO PRAZO,-4.0,VP,OK
2025071114310275,,2025-07-25,14,2025-08-08,METROPOLITANO,REGULAR,61.563.557/0001-25,PASSARO MARRON,EMPRESA DE ÔNIBUS PASSARO MARRON S/A,PASSARO MARRON,São José dos Campos,Cruzeiro,MÁ CONDIÇÃO DE VEÍCULO,FISCALIZAÇÃO,2025-08-04,-4.0,NO PRAZO,-4.0,VP,OK
2025071513070839,,2025-07-25,10,2025-08-04,METROPOLITANO,REGULAR,08.419.802/0001-42,ANHANGUERA,CONSÓRCIO ANHANGUERA,ANHANGUERA,São Paulo,Cajamar,MUDANÇA DE TABELA DE HORÁRIO,REGULAR,2025-07-29,-6.0,NO PRAZO,-6.0,PLANEJAMENTO,OK
2025071513163630,,2025-07-25,10,2025-08-04,METROPOLITANO,REGULAR,08.419.802/0001-42,ANHANGUERA,CONSÓRCIO ANHANGUERA,ANHANGUERA,Osasco,Carapicuíba,MUDANÇA DE TABELA DE HORÁRIO,REGULAR,2025-07-29,-6.0,NO PRAZO,-6.0,PLANEJAMNETO,OK
2025071517395284,,2025-07-25,10,2025-08-04,METROPOLITANO,REGULAR,08.419.802/0001-42,ANHANGUERA,CONSÓRCIO ANHANGUERA,ANHANGUERA,Osasco,Carapicuíba,MÁ CONDIÇÃO DE VEÍCULO,FISCALIZAÇÃO,2025-07-29,-6.0,NO PRAZO,-6.0,SP,OK
2025071616172489,,2025-07-25,10,2025-08-04,METROPOLITANO,REGULAR,46.887.139/0001-08,EXPRESSO AMARELINHO,EXPRESSO AMARELINHO LTDA,EXPRESSO AMARELINHO LTDA,Sorocaba,Porto Feliz,MUDANÇA DE TABELA DE HORÁRIO,REGULAR,2025-07-29,-6.0,NO PRAZO,-6.0,PLANEJAMNETO,OK
2025071619334039,,2025-07-25,14,2025-08-08,METROPOLITANO,REGULAR,08.351.253/0001-11,INTERNORTE,CONSÓRCIO INTERNORTE DE TRANSPORTES,INTERNORTE,Guarulhos,,MÁ CONDIÇÃO DE VEÍCULO,FISCALIZAÇÃO,2025-08-12,4.0,ATRASADO,4.0,INSPEÇÃO,OK
2025071615123459,,2025-07-25,10,2025-08-04,METROPOLITANO,REGULAR,08.419.802/0001-42,ANHANGUERA,CONSÓRCIO ANHANGUERA,ANHANGUERA,Carapicuíba,Osasco,MÁ CONDIÇÃO DE VEÍCULO,FISCALIZAÇÃO,2025-07-29,-6.0,NO PRAZO,-6.0,SP,OK
2025072216340937,,2025-07-25,14,2025-08-08,METROPOLITANO,REGULAR,08.351.253/0001-11,INTERNORTE,CONSÓRCIO INTERNORTE DE TRANSPORTES,INTERNORTE,Arujá,Guarulhos,PRESTAÇÃO DE SERVIÇO DA EMPRESA,REGULAR,2025-08-06,-2.0,NO PRAZO,-2.0,PLANEJAMNETO,OK
2025072113081552,,2025-07-25,10,2025-08-04,METROPOLITANO,REGULAR,61.563.557/0001-25,PASSARO MARRON,EMPRESA DE ÔNIBUS PASSARO MARRON S/A,PASSARO MARRON,São José dos Campos,São José dos Campos,SUPERLOTAÇÃO DE ÔNIBUS,FISCALIZAÇÃO,2025-08-04,0.0,NO PRAZO,0.0,VP,OK
2025071814584242,,2025-07-25,10,2025-08-04,METROPOLITANO,FRETAMENTO,05.810.412/0001-00,Sacrarium Indústria e Comércio de Velas Ltda,SACRARIUM INDUSTRIA E COMERCIO DE VELAS LTDA,SACRARIUM INDUSTRIA E COM,,,SOLICITAÇÃO FRETAMENTO,FRETAMENTO,2025-07-30,-5.0,NO PRAZO,-5.0,,OK
2025071814511737,,2025-07-25,10,2025-08-04,METROPOLITANO,REGULAR,08.419.802/0001-42,ANHANGUERA,CONSÓRCIO ANHANGUERA,ANHANGUERA,Osasco,,MUDANÇA DE ITINERÁRIO,REGULAR,2025-07-25,-10.0,NO PRAZO,-10.0,PLANEJAMNETO,OK
2025072211485150,,2025-07-28,25,2025-08-22,INTERMUNICIPAL,,,,,,Barrinha,Ribeirão Preto,TRANSPORTE CLANDESTINO,FISCALIZAÇÃO,2025-08-07,-15.0,NO PRAZO,-15.0,,OK
2025052717521429,,2025-07-28,25,2025-08-22,INTERMUNICIPAL,,,,,,Francisco Morato,Jundiaí,TRANSPORTE CLANDESTINO,FISCALIZAÇÃO,2025-08-08,-14.0,NO PRAZO,-14.0,,OK
2025072314055234,,2025-07-28,10,2025-08-07,INTERMUNICIPAL,,,,,,,,SOLICITAÇÃO DE INFORMAÇÃO,OUVIDORIA LOCAL,2025-07-28,-10.0,NO PRAZO,-10.0,,OK
2025072314222519,,2025-07-29,10,2025-08-08,METROPOLITANO,REGULAR,08.390.180/0001-77,INTERVIAS,CONSÓRCIO INTERVIAS,INTERVIAS,Embu-Guaçu,São Paulo,MUDANÇA DE TABELA DE HORÁRIO,REGULAR,2025-07-30,-9.0,NO PRAZO,-9.0,PLANEJAMNETO,OK
2025060717573956,,2025-07-29,10,2025-08-08,METROPOLITANO,REGULAR,08.351.253/0001-11,INTERNORTE,CONSÓRCIO INTERNORTE DE TRANSPORTES,INTERNORTE,Arujá,Guarulhos,PRESTAÇÃO DE SERVIÇO DA EMPRESA,REGULAR,2025-08-06,-2.0,NO PRAZO,-2.0,PLANEJAMNETO,OK
2025072419582085,,2025-07-29,25,2025-08-23,METROPOLITANO,REGULAR,,,,,São Paulo,São Paulo,MÁ CONDUTA DE FUNCIONÁRIOS,FISCALIZAÇÃO,2025-08-28,5.0,ATRASADO,5.0,RTO,OK
2025063015431466,,2025-07-29,10,2025-08-08,INTERMUNICIPAL,REGULAR,07.022.473/0001-39,RAPIDO FENIX VIAÇÃO LTDA,RAPIDO FENIX VIAÇÃO LTDA,,Bragança Paulista,Campinas,MÁ CONDIÇÃO DE VEÍCULO,FISCALIZAÇÃO,2025-08-04,-4.0,NO PRAZO,-4.0,,OK
2025063008184985,,2025-07-29,10,2025-08-08,INTERMUNICIPAL,REGULAR,66.473.554/0002-03,VIAÇÃO GUAXUPE LTDA,VIAÇÃO GUAXUPE LTDA,,Aguaí,São João da Boa Vista,MUDANÇA DE TABELA DE HORÁRIO,REGULAR,2025-07-30,-9.0,NO PRAZO,-9.0,TC1,OK
2025072508023374,,2025-07-29,10,2025-08-08,INTERMUNICIPAL,,,,,,Jaci,Mirassol,TRANSPORTE CLANDESTINO,FISCALIZAÇÃO,2025-07-29,-10.0,NO PRAZO,-10.0,,OK
2025072309393830,,2025-07-30,10,2025-08-09,INTERMUNICIPAL,REGULAR,44.508.430/0001-94,VIAÇÃO ATIBAIA SÃO PAULO LTDA,VIAÇÃO ATIBAIA SÃO PAULO LTDA,,Atibaia,,SUPERLOTAÇÃO DE ÔNIBUS,FISCALIZAÇÃO,2025-08-05,-4.0,NO PRAZO,-4.0,,OK
2025070716024818,,2025-07-30,10,2025-08-09,INTERMUNICIPAL,REGULAR,45.992.724/0001-05,RAPIDO LUXO CAMPINAS LTDA,RAPIDO LUXO CAMPINAS LTDA,RAPIDO CAMPINAS,Jundiaí,,PRESTAÇÃO DE SERVIÇO DA EMPRESA,REGULAR,2025-08-04,-5.0,NO PRAZO,-5.0,TC1,OK
2025072908464918,,2025-08-01,10,2025-08-11,METROPOLITANO,REGULAR,08.419.802/0001-42,ANHANGUERA,CONSÓRCIO ANHANGUERA,ANHANGUERA,Pirapora do Bom Jesus,Barueri,MUDANÇA DE TABELA DE HORÁRIO,REGULAR,2025-08-04,-7.0,NO PRAZO,-7.0,PLANEJAMNETO,OK
2025071420133586,,2025-08-01,10,2025-08-11,METROPOLITANO,REGULAR,08.419.802/0001-42,ANHANGUERA,CONSÓRCIO ANHANGUERA,ANHANGUERA,Osasco,São Bernardo do Campo,MUDANÇA DE TABELA DE HORÁRIO,REGULAR,2025-08-05,-6.0,NO PRAZO,-6.0,PLANEJAMNETO,OK
2025071419430157,,2025-08-01,10,2025-08-11,METROPOLITANO,REGULAR,08.390.180/0001-77,INTERVIAS,CONSÓRCIO INTERVIAS,INTERVIAS,Embu das Artes,São Paulo,MUDANÇA DE ITINERÁRIO,REGULAR,2025-08-05,-6.0,NO PRAZO,-6.0,PLANEJAMNETO,OK
2025071310390946,,2025-08-01,10,2025-08-11,METROPOLITANO,REGULAR,,,,,,,COMPETÊNCIA DE OUTRA ÀREA,,,-45880.0,NO PRAZO,-45880.0,,OK
2025072915334426,,2025-08-01,10,2025-08-11,INTERMUNICIPAL,REGULAR,01.339.438/0001-61,AUTO ÔNIBUS DEL OESTE LTDA - EPP,AUTO ÔNIBUS DEL OESTE LTDA - EPP,,Ribeirão Preto,Sertãozinho,MÁ CONDUTA DE FUNCIONÁRIOS,FISCALIZAÇÃO,2025-08-06,-5.0,NO PRAZO,-5.0,,OK
2025072406072395,,2025-08-01,10,2025-08-11,INTERMUNICIPAL,REGULAR,61.084.018/0001-03,VIAÇÃO COMETA S/A,VIAÇÃO COMETA S/A,COMETA,Sorocaba,São Paulo,PRESTAÇÃO DE SERVIÇO DA EMPRESA,REGULAR,2025-08-05,-6.0,NO PRAZO,-6.0,TC2,OK
2025071814271567,,2025-08-01,14,2025-08-15,INTERMUNICIPAL,REGULAR,61.084.018/0001-03,VIAÇÃO COMETA S/A,VIAÇÃO COMETA S/A,COMETA,,,MUDANÇA DE TABELA DE HORÁRIO,REGULAR,2025-08-05,-10.0,NO PRAZO,-10.0,TC5,OK
2025072521122223,,2025-08-01,10,2025-08-11,INTERMUNICIPAL,REGULAR,44.508.430/0001-94,VIAÇÃO ATIBAIA SÃO PAULO LTDA,VIAÇÃO ATIBAIA SÃO PAULO LTDA,,Atibaia,São Paulo,ADIANTAMENTO/ATRASO DE VEÍCULO,FISCALIZAÇÃO,2025-08-11,0.0,NO PRAZO,0.0,,OK
2025073012165353,,2025-08-04,25,2025-08-29,METROPOLITANO,REGULAR,,,,,,,TRANSPORTE CLANDESTINO,FISCALIZAÇÃO,2025-09-11,13.0,ATRASADO,13.0,RTO,OK
2025073111014330,,2025-08-04,10,2025-08-14,METROPOLITANO,REGULAR,08.351.253/0001-11,INTERNORTE,CONSÓRCIO INTERNORTE DE TRANSPORTES,INTERNORTE,Guarulhos,São Paulo,MUDANÇA DE TABELA DE HORÁRIO,REGULAR,2025-08-05,-9.0,NO PRAZO,-9.0,PLANEJAMNETO,OK
2025072420202631,,2025-08-05,25,2025-08-30,METROPOLITANO,REGULAR,,,,,São Paulo,São Paulo,MÁ CONDUTA DO MOTORISTA,FISCALIZAÇÃO,2025-09-22,23.0,ATRASADO,23.0,RTO,OK
2025071512305818,,2025-08-05,25,2025-08-30,METROPOLITANO,FRETAMENTO,35.977.159/0001-45,PANINI,PANINI TRANSPORTES E TURISMO LTDA - ME,PANINI TRANSPORTES E TURI,Valinhos,,MÁ CONDIÇÃO DE VEÍCULO,FISCALIZAÇÃO,2025-08-28,-2.0,NO PRAZO,-2.0,INSPEÇÃO,OK
2025073117145223,,2025-08-05,10,2025-08-15,METROPOLITANO,REGULAR,42.752.322/0001-37,ETCO TURISMO,ETCO EMPRESA DE TRANSPORTE COLETIVO LTDA - ME,ETCO TRANSPORTES,,,MULTA,OUVIDORIA LOCAL,2025-08-05,-10.0,NO PRAZO,-10.0,DP,OK
2025070317140888,,2025-08-05,25,2025-08-30,METROPOLITANO,REGULAR,,,,,Jacareí,São José dos Campos,TRANSPORTE CLANDESTINO,FISCALIZAÇÃO,2025-09-03,4.0,ATRASADO,4.0,VP,OK
2025070518031065,,2025-08-05,25,2025-08-30,METROPOLITANO,REGULAR,,,,,Guarulhos,São Paulo,TRANSPORTE CLANDESTINO,FISCALIZAÇÃO,2025-09-11,12.0,ATRASADO,12.0,RTO,OK
2025073118552789,,2025-08-05,24,2025-08-29,METROPOLITANO,REGULAR,61.563.557/0001-25,PASSARO MARRON,EMPRESA DE ÔNIBUS PASSARO MARRON S/A,PASSARO MARRON,,,BENEFÍCIO DO ESTUDANTE,REGULAR,2025-08-28,-1.0,NO PRAZO,-1.0,VP,OK
2025072815170844,,2025-08-05,10,2025-08-15,INTERMUNICIPAL,REGULAR,45.605.755/0001-58,AUTO VIAÇÃO BRAGANCA LTDA,AUTO VIAÇÃO BRAGANCA LTDA,,Bragança Paulista,Pedra Bela,MUDANÇA DE TABELA DE HORÁRIO,REGULAR,2025-08-06,-9.0,NO PRAZO,-9.0,TC1,OK
2025072323491775,,2025-08-05,10,2025-08-15,INTERMUNICIPAL,REGULAR,45.605.755/0001-58,AUTO VIAÇÃO BRAGANCA LTDA,AUTO VIAÇÃO BRAGANCA LTDA,,Bragança Paulista,Pedra Bela,MUDANÇA DE TABELA DE HORÁRIO,REGULAR,2025-08-07,-8.0,NO PRAZO,-8.0,TC1,OK
2025080119563682,,2025-08-06,10,2025-08-16,METROPOLITANO,REGULAR,08.419.802/0001-42,ANHANGUERA,CONSÓRCIO ANHANGUERA,ANHANGUERA,Osasco,São Paulo,SUPERLOTAÇÃO DE ÔNIBUS,FISCALIZAÇÃO,2025-08-12,-4.0,NO PRAZO,-4.0,SP,OK
2025080200553945,,2025-08-06,10,2025-08-16,METROPOLITANO,REGULAR,08.390.180/0001-77,INTERVIAS,CONSÓRCIO INTERVIAS,INTERVIAS,Vargem Grande do Sul,Cotia,MUDANÇA DE TABELA DE HORÁRIO,REGULAR,2025-08-07,-9.0,NO PRAZO,-9.0,PLANEJAMNETO,OK
2025080303595233,,2025-08-06,10,2025-08-16,METROPOLITANO,REGULAR,08.419.802/0001-42,ANHANGUERA,CONSÓRCIO ANHANGUERA,ANHANGUERA,Carapicuíba,Barueri,MUDANÇA DE TABELA DE HORÁRIO,REGULAR,2025-08-06,-10.0,NO PRAZO,-10.0,PLANEJAMNETO,OK
2025080416265652,,2025-08-06,10,2025-08-16,METROPOLITANO,REGULAR,46.887.139/0001-08,EXPRESSO AMARELINHO,EXPRESSO AMARELINHO LTDA,EXPRESSO AMARELINHO LTDA,Itapetininga,Sorocaba,SUPERLOTAÇÃO DE ÔNIBUS,FISCALIZAÇÃO,2025-08-18,2.0,ATRASADO,2.0,SB,OK
2025070716300054,,2025-08-07,10,2025-08-17,INTERMUNICIPAL,REGULAR,45.992.724/0001-05,RAPIDO LUXO CAMPINAS LTDA,RAPIDO LUXO CAMPINAS LTDA,RAPIDO CAMPINAS,Cajamar,Jundiaí,PRESTAÇÃO DE SERVIÇO DA EMPRESA,FISCALIZAÇÃO,2025-08-15,-2.0,NO PRAZO,-2.0,,OK
2025070708250065,,2025-08-07,10,2025-08-17,INTERMUNICIPAL,REGULAR,45.992.724/0001-05,RAPIDO LUXO CAMPINAS LTDA,RAPIDO LUXO CAMPINAS LTDA,RAPIDO CAMPINAS,Cabreúva,Jundiaí,ADIANTAMENTO/ATRASO DE VEÍCULO,FISCALIZAÇÃO,2025-08-20,3.0,ATRASADO,3.0,,OK
2025070615130933,,2025-08-07,10,2025-08-17,INTERMUNICIPAL,REGULAR,01.339.438/0001-61,AUTO ÔNIBUS DEL OESTE LTDA - EPP,AUTO ÔNIBUS DEL OESTE LTDA - EPP,,Ribeirão Preto,Cravinhos,SUPERLOTAÇÃO DE ÔNIBUS,FISCALIZAÇÃO,2025-08-11,-6.0,NO PRAZO,-6.0,,OK
2025070523593561,,2025-08-07,10,2025-08-17,INTERMUNICIPAL,FRETAMENTO,,PRIMAR/BUSER,,,São José do Rio Preto,,PRESTAÇÃO DE SERVIÇO DA EMPRESA,REGULAR,2025-08-14,-3.0,NO PRAZO,-3.0,TC2,OK
2025080414141377,,2025-08-07,10,2025-08-17,INTERMUNICIPAL,REGULAR,07.485.023/0001-82,J.C. DOS SANTOS & SANTOS TRANSPORTES LTDA - ME,J.C. DOS SANTOS & SANTOS TRANSPORTES LTDA - ME,,Pariquera-Açu,Registro,MÁ CONDUTA DO MOTORISTA,REGULAR,2025-08-08,-9.0,NO PRAZO,-9.0,TC5,OK
2025080617080114,,2025-08-08,20,2025-08-28,METROPOLITANO,REGULAR,08.390.180/0001-77,INTERVIAS,CONSÓRCIO INTERVIAS,INTERVIAS,São Paulo,Cotia,ADIANTAMENTO/ATRASO DE VEÍCULO,FISCALIZAÇÃO,2025-08-26,-2.0,NO PRAZO,-2.0,SP,OK
2025080618032831,,2025-08-08,20,2025-08-28,METROPOLITANO,REGULAR,08.390.180/0001-77,INTERVIAS,CONSÓRCIO INTERVIAS,INTERVIAS,Embu-Guaçu,Itapecerica da Serra,ADIANTAMENTO/ATRASO DE VEÍCULO,FISCALIZAÇÃO,2025-08-26,-2.0,NO PRAZO,-2.0,SP,OK
2025080423073981,,2025-08-08,25,2025-09-02,INTERMUNICIPAL,REGULAR,53.418.976/0001-45,AVOA DE CANDIDO MOTA LTDA - EPP,AVOA DE CANDIDO MOTA LTDA - EPP,,,,TRANSPORTE CLANDESTINO,FISCALIZAÇÃO,2025-08-08,-25.0,NO PRAZO,-25.0,,OK
2025080515044634,,2025-08-11,25,2025-09-05,INTERMUNICIPAL,REGULAR,44.993.632/0001-79,EMPRESAS REUNIDAS PAULISTA DE TRANSPORTES LTDA,EMPRESAS REUNIDAS PAULISTA DE TRANSPORTES LTDA,,,,TRANSPORTE CLANDESTINO,FISCALIZAÇÃO,2025-08-18,-18.0,NO PRAZO,-18.0,,OK
2025080517122718,,2025-08-11,10,2025-08-21,INTERMUNICIPAL,FRETAMENTO,45.007.937/0001-27,Viação Princesa e Expresso de Prata,EXPRESSO DE PRATA LTDA,,,,SOLICITAÇÃO DE INFORMAÇÃO,REGULAR,2025-08-18,-3.0,NO PRAZO,-3.0,TC3,OK
2025071807362218,,2025-08-11,10,2025-08-21,INTERMUNICIPAL,REGULAR,45.605.755/0001-58,AUTO VIAÇÃO BRAGANCA LTDA,AUTO VIAÇÃO BRAGANCA LTDA,,Atibaia,Bragança Paulista,SUPERLOTAÇÃO DE ÔNIBUS,FISCALIZAÇÃO,2025-08-21,0.0,NO PRAZO,0.0,,OK
2025072211453556,,2025-08-11,10,2025-08-21,INTERMUNICIPAL,REGULAR,56.927.163/0003-30,VIAÇÃO DANUBIO AZUL LTDA,VIAÇÃO DANUBIO AZUL LTDA,,Porto Ferreira,Pirassununga,GRATUIDADE DE IDOSOS,REGULAR,2025-08-11,-10.0,NO PRAZO,-10.0,TC1,OK
2025072813430930,,2025-08-11,10,2025-08-21,INTERMUNICIPAL,REGULAR,44.944.577/0001-27,VIAÇÃO SÃO BENTO LTDA,VIAÇÃO SÃO BENTO LTDA,,Ribeirão Preto,Franca,PRESTAÇÃO DE SERVIÇO DA EMPRESA,REGULAR,2025-08-11,-10.0,NO PRAZO,-10.0,TC1,OK
2025072103040051,,2025-08-11,10,2025-08-21,INTERMUNICIPAL,REGULAR,54.360.623/0001-02,VIAÇÃO PIRACICABANA S/A,VIAÇÃO PIRACICABANA S/A,PIRACICABANA,,,PRESTAÇÃO DE SERVIÇO DA EMPRESA,REGULAR,2025-08-20,-1.0,NO PRAZO,-1.0,TC3,OK
2025080609300053,,2025-08-11,25,2025-09-05,INTERMUNICIPAL,FRETAMENTO,47.939.199/0001-81,XAVIER & NEVESTRANSPORTES LTDA ME,HELIO APARECIDO BRAGA 06885710857 - ME,TRANSPORTE,,,TRANSPORTE CLANDESTINO,FISCALIZAÇÃO,2025-08-18,-18.0,NO PRAZO,-18.0,,OK
2025080609375578,,2025-08-11,25,2025-09-05,INTERMUNICIPAL,FRETAMENTO,07.859.290/0001-72,BRISA BUS LOCADORA DE VEÍCULOS LTDA ME,FLASH BUS LOCADORA DE VEICULOS LTDA - ME,FLASH BUS LOCADORA DE VEI,,,TRANSPORTE CLANDESTINO,FISCALIZAÇÃO,2025-08-21,-15.0,NO PRAZO,-15.0,,OK
2025080609515626,,2025-08-11,25,2025-09-05,INTERMUNICIPAL,FRETAMENTO,47.939.199/0001-81,PIONEIRA TRANSPORTES E LOGISTICA EIRELI,HELIO APARECIDO BRAGA 06885710857 - ME,TRANSPORTE,,,TRANSPORTE CLANDESTINO,FISCALIZAÇÃO,2025-08-29,-7.0,NO PRAZO,-7.0,,OK
2025080610022679,,2025-08-11,25,2025-09-05,INTERMUNICIPAL,FRETAMENTO,,PRIMAR NAVEGAÇÕES E TURISMO LTDA EPP,,,,,TRANSPORTE CLANDESTINO,FISCALIZAÇÃO,2025-08-11,-25.0,NO PRAZO,-25.0,,OK
2025080610174926,,2025-08-11,25,2025-09-05,INTERMUNICIPAL,FRETAMENTO,07.859.290/0001-72,BRISA BUS LOCADORA DE VEÍCULOS LTDA ME,FLASH BUS LOCADORA DE VEICULOS LTDA - ME,FLASH BUS LOCADORA DE VEI,,,TRANSPORTE CLANDESTINO,FISCALIZAÇÃO,2025-08-12,-24.0,NO PRAZO,-24.0,,OK
2025080610115174,,2025-08-11,25,2025-09-05,INTERMUNICIPAL,FRETAMENTO,,BARIRI AGENCIA DE VIAGENS LTDA,,,,,TRANSPORTE CLANDESTINO,FISCALIZAÇÃO,2025-08-18,-18.0,NO PRAZO,-18.0,,OK
2025080610224938,,2025-08-11,10,2025-08-21,INTERMUNICIPAL,,,,,,Junqueirópolis,Dracena,MUDANÇA DE TABELA DE HORÁRIO,REGULAR,2025-08-18,-3.0,NO PRAZO,-3.0,,OK
2025072018421128,,2025-08-11,10,2025-08-21,INTERMUNICIPAL,REGULAR,45.992.724/0001-05,RAPIDO LUXO CAMPINAS LTDA,RAPIDO LUXO CAMPINAS LTDA,RAPIDO CAMPINAS,Cajamar,Jundiaí,ADIANTAMENTO/ATRASO DE VEÍCULO,FISCALIZAÇÃO,2025-08-19,-2.0,NO PRAZO,-2.0,,OK
2025071719182747,,2025-08-11,10,2025-08-21,INTERMUNICIPAL,REGULAR,45.992.724/0001-05,RAPIDO LUXO CAMPINAS LTDA,RAPIDO LUXO CAMPINAS LTDA,RAPIDO CAMPINAS,,Jundiaí,MUDANÇA DE ITINERÁRIO,REGULAR,2025-08-11,-10.0,NO PRAZO,-10.0,TC1,OK
2025071318041026,,2025-08-11,10,2025-08-21,INTERMUNICIPAL,FRETAMENTO,58.565.771/0001-06,LIRABUS,VIAÇÃO LIRA LTDA,LIRABUSS,Boituva,Campinas,ADIANTAMENTO/ATRASO DE VEÍCULO,FISCALIZAÇÃO,2025-08-19,-2.0,NO PRAZO,-2.0,,OK
2025072208090494,,2025-08-11,25,2025-09-05,INTERMUNICIPAL,REGULAR,45.992.724/0001-05,RAPIDO LUXO CAMPINAS LTDA,RAPIDO LUXO CAMPINAS LTDA,RAPIDO CAMPINAS,Jundiaí,São Paulo,ADIANTAMENTO/ATRASO DE VEÍCULO,FISCALIZAÇÃO,2025-08-27,-9.0,NO PRAZO,-9.0,,OK
2025072212074797,,2025-08-11,10,2025-08-21,INTERMUNICIPAL,REGULAR,45.992.724/0001-05,RAPIDO LUXO CAMPINAS LTDA,RAPIDO LUXO CAMPINAS LTDA,RAPIDO CAMPINAS,,Jundiaí,PRESTAÇÃO DE SERVIÇO DA EMPRESA,FISCALIZAÇÃO,2025-08-12,-9.0,NO PRAZO,-9.0,,OK
2025080610255627,,2025-08-11,25,2025-09-05,INTERMUNICIPAL,FRETAMENTO,47.939.199/0001-81,PIONEIRA TRANSPORTES E LOGISTICA EIREL,HELIO APARECIDO BRAGA 06885710857 - ME,TRANSPORTE,,,TRANSPORTE CLANDESTINO,FISCALIZAÇÃO,2025-08-29,-7.0,NO PRAZO,-7.0,,OK
2025080616534415,,2025-08-11,25,2025-09-05,INTERMUNICIPAL,FRETAMENTO,47.939.199/0001-81,PIONEIRA TRANSPORTES E LOGISTICA EIRELI,HELIO APARECIDO BRAGA 06885710857 - ME,TRANSPORTE,,,TRANSPORTE CLANDESTINO,FISCALIZAÇÃO,2025-08-29,-7.0,NO PRAZO,-7.0,,OK
2025080616304578,,2025-08-11,25,2025-09-05,INTERMUNICIPAL,REGULAR,45.605.755/0001-58,AUTO VIAÇÃO BRAGANCA LTDA,AUTO VIAÇÃO BRAGANCA LTDA,,Bauru,São Paulo,TRANSPORTE CLANDESTINO,FISCALIZAÇÃO,2025-08-12,-24.0,NO PRAZO,-24.0,,OK
2025080616164128,,2025-08-11,25,2025-09-05,INTERMUNICIPAL,FRETAMENTO,,PRIMAR NAVEGAÇÕES E TURISMO LTDA EPP,,,,,TRANSPORTE CLANDESTINO,FISCALIZAÇÃO,2025-08-12,-24.0,NO PRAZO,-24.0,,OK
2025080611484973,,2025-08-11,25,2025-09-05,INTERMUNICIPAL,REGULAR,44.993.632/0001-79,EMPRESAS REUNIDAS PAULISTA DE TRANSPORTES LTDA,EMPRESAS REUNIDAS PAULISTA DE TRANSPORTES LTDA,,,,TRANSPORTE CLANDESTINO,FISCALIZAÇÃO,2025-08-12,-24.0,NO PRAZO,-24.0,,OK
2025080611240680,,2025-08-11,25,2025-09-05,INTERMUNICIPAL,REGULAR,44.993.632/0001-79,EMPRESAS REUNIDAS PAULISTA DE TRANSPORTES LTDA,EMPRESAS REUNIDAS PAULISTA DE TRANSPORTES LTDA,,,,TRANSPORTE CLANDESTINO,FISCALIZAÇÃO,2025-08-12,-24.0,NO PRAZO,-24.0,,OK
2025080611184210,,2025-08-11,25,2025-09-05,INTERMUNICIPAL,REGULAR,44.993.632/0001-79,EMPRESAS REUNIDAS PAULISTA DE TRANSPORTES LTDA,EMPRESAS REUNIDAS PAULISTA DE TRANSPORTES LTDA,,,,TRANSPORTE CLANDESTINO,FISCALIZAÇÃO,2025-08-29,-7.0,NO PRAZO,-7.0,,OK
2025080611105141,,2025-08-11,25,2025-09-05,INTERMUNICIPAL,REGULAR,44.993.632/0001-79,EMPRESAS REUNIDAS PAULISTA DE TRANSPORTES LTDA,EMPRESAS REUNIDAS PAULISTA DE TRANSPORTES LTDA,,,,TRANSPORTE CLANDESTINO,FISCALIZAÇÃO,2025-08-18,-18.0,NO PRAZO,-18.0,,OK
2025080611054698,,2025-08-11,25,2025-09-05,INTERMUNICIPAL,REGULAR,44.993.632/0001-79,EMPRESAS REUNIDAS PAULISTA DE TRANSPORTES LTDA,EMPRESAS REUNIDAS PAULISTA DE TRANSPORTES LTDA,,,,TRANSPORTE CLANDESTINO,FISCALIZAÇÃO,2025-08-12,-24.0,NO PRAZO,-24.0,,OK
2025080610563745,,2025-08-11,25,2025-09-05,INTERMUNICIPAL,REGULAR,44.993.632/0001-79,EMPRESAS REUNIDAS PAULISTA DE TRANSPORTES LTDA,EMPRESAS REUNIDAS PAULISTA DE TRANSPORTES LTDA,,,,TRANSPORTE CLANDESTINO,FISCALIZAÇÃO,2025-08-29,-7.0,NO PRAZO,-7.0,,OK
2025080610474782,,2025-08-11,25,2025-09-05,INTERMUNICIPAL,FRETAMENTO,,PRIMAR NAVEGAÇÕES E TURISMO LTDA EPP,,,,,TRANSPORTE CLANDESTINO,FISCALIZAÇÃO,2025-08-12,-24.0,NO PRAZO,-24.0,,OK
2025080610411176,,2025-08-11,25,2025-09-05,INTERMUNICIPAL,REGULAR,44.993.632/0001-79,EMPRESAS REUNIDAS PAULISTA DE TRANSPORTES LTDA,EMPRESAS REUNIDAS PAULISTA DE TRANSPORTES LTDA,,,,TRANSPORTE CLANDESTINO,FISCALIZAÇÃO,2025-08-12,-24.0,NO PRAZO,-24.0,,OK
2025080610305398,,2025-08-11,25,2025-09-05,INTERMUNICIPAL,REGULAR,44.993.632/0001-79,EMPRESAS REUNIDAS PAULISTA DE TRANSPORTES LTDA,EMPRESAS REUNIDAS PAULISTA DE TRANSPORTES LTDA,,,,TRANSPORTE CLANDESTINO,FISCALIZAÇÃO,2025-08-12,-24.0,NO PRAZO,-24.0,,OK
2025080611414632,,2025-08-11,25,2025-09-05,INTERMUNICIPAL,REGULAR,44.993.632/0001-79,EMPRESAS REUNIDAS PAULISTA DE TRANSPORTES LTDA,EMPRESAS REUNIDAS PAULISTA DE TRANSPORTES LTDA,,,,TRANSPORTE CLANDESTINO,FISCALIZAÇÃO,2025-08-12,-24.0,NO PRAZO,-24.0,,OK
2025080617504026,,2025-08-12,25,2025-09-06,INTERMUNICIPAL,REGULAR,44.993.632/0001-79,EMPRESAS REUNIDAS PAULISTA DE TRANSPORTES LTDA,EMPRESAS REUNIDAS PAULISTA DE TRANSPORTES LTDA,,,,TRANSPORTE CLANDESTINO,FISCALIZAÇÃO,2025-08-29,-8.0,NO PRAZO,-8.0,,OK
2025080618023024,,2025-08-12,25,2025-09-06,INTERMUNICIPAL,FRETAMENTO,,PRIMAR NAVEGAÇÕES E TURISMO LTDA,,,Mirandópolis,Andradina,TRANSPORTE CLANDESTINO,FISCALIZAÇÃO,2025-08-12,-25.0,NO PRAZO,-25.0,,OK
2025080617410544,,2025-08-12,25,2025-09-06,INTERMUNICIPAL,FRETAMENTO,07.859.290/0001-72,BRISA BUS LOCADORA DE VEÍCULOS LTDA ME,FLASH BUS LOCADORA DE VEICULOS LTDA - ME,FLASH BUS LOCADORA DE VEI,,,TRANSPORTE CLANDESTINO,FISCALIZAÇÃO,2025-08-12,-25.0,NO PRAZO,-25.0,,OK
2025080617354760,,2025-08-12,25,2025-09-06,INTERMUNICIPAL,REGULAR,44.993.632/0001-79,EMPRESAS REUNIDAS PAULISTA DE TRANSPORTES LTDA,EMPRESAS REUNIDAS PAULISTA DE TRANSPORTES LTDA,,Mirandópolis,Andradina,TRANSPORTE CLANDESTINO,FISCALIZAÇÃO,2025-08-12,-25.0,NO PRAZO,-25.0,,OK
2025080617275138,,2025-08-12,25,2025-09-06,INTERMUNICIPAL,REGULAR,44.993.632/0001-79,EMPRESAS REUNIDAS PAULISTA DE TRANSPORTES LTDA,EMPRESAS REUNIDAS PAULISTA DE TRANSPORTES LTDA,,,,TRANSPORTE CLANDESTINO,FISCALIZAÇÃO,2025-08-29,-8.0,NO PRAZO,-8.0,,OK
2025080617211575,,2025-08-12,25,2025-09-06,INTERMUNICIPAL,REGULAR,44.993.632/0001-79,EMPRESAS REUNIDAS PAULISTA DE TRANSPORTES LTDA,EMPRESAS REUNIDAS PAULISTA DE TRANSPORTES LTDA,,,,TRANSPORTE CLANDESTINO,FISCALIZAÇÃO,2025-08-12,-25.0,NO PRAZO,-25.0,,OK
2025080617140338,,2025-08-12,25,2025-09-06,INTERMUNICIPAL,REGULAR,44.993.632/0001-79,EMPRESAS REUNIDAS PAULISTA DE TRANSPORTES LTDA,EMPRESAS REUNIDAS PAULISTA DE TRANSPORTES LTDA,,Mirandópolis,Andradina,TRANSPORTE CLANDESTINO,FISCALIZAÇÃO,2025-08-12,-25.0,NO PRAZO,-25.0,,OK
2025080617041198,,2025-08-12,25,2025-09-06,INTERMUNICIPAL,REGULAR,44.993.632/0001-79,EMPRESAS REUNIDAS PAULISTA DE TRANSPORTES LTDA,EMPRESAS REUNIDAS PAULISTA DE TRANSPORTES LTDA,,,,TRANSPORTE CLANDESTINO,FISCALIZAÇÃO,2025-08-12,-25.0,NO PRAZO,-25.0,,OK
2025080616404894,,2025-08-12,25,2025-09-06,INTERMUNICIPAL,REGULAR,44.993.632/0001-79,EMPRESAS REUNIDAS PAULISTA DE TRANSPORTES LTDA,EMPRESAS REUNIDAS PAULISTA DE TRANSPORTES LTDA,,,,TRANSPORTE CLANDESTINO,FISCALIZAÇÃO,2025-08-12,-25.0,NO PRAZO,-25.0,,OK
2025080618091955,,2025-08-12,25,2025-09-06,INTERMUNICIPAL,REGULAR,44.993.632/0001-79,EMPRESAS REUNIDAS PAULISTA DE TRANSPORTES LTDA,EMPRESAS REUNIDAS PAULISTA DE TRANSPORTES LTDA,,Mirandópolis,Andradina,TRANSPORTE CLANDESTINO,FISCALIZAÇÃO,2025-08-12,-25.0,NO PRAZO,-25.0,,OK
2025080716243580,,2025-08-12,25,2025-09-06,INTERMUNICIPAL,FRETAMENTO,,BARIRI AGENCIA DE VIAGENS LTDA,,,,,TRANSPORTE CLANDESTINO,FISCALIZAÇÃO,2025-08-18,-19.0,NO PRAZO,-19.0,,OK
2025080716191471,,2025-08-12,25,2025-09-06,INTERMUNICIPAL,FRETAMENTO,47.939.199/0001-81,XAVIER & NEVESTRANSPORTES LTDA ME,HELIO APARECIDO BRAGA 06885710857 - ME,TRANSPORTE,,,TRANSPORTE CLANDESTINO,FISCALIZAÇÃO,2025-08-18,-19.0,NO PRAZO,-19.0,,OK
2025080716113779,,2025-08-12,25,2025-09-06,INTERMUNICIPAL,FRETAMENTO,07.859.290/0001-72,BRISA BUS LOCADORA DE VEÍCULOS LTDA ME,FLASH BUS LOCADORA DE VEICULOS LTDA - ME,FLASH BUS LOCADORA DE VEI,,,TRANSPORTE CLANDESTINO,FISCALIZAÇÃO,2025-08-13,-24.0,NO PRAZO,-24.0,,OK
2025071606480788,,2025-08-12,10,2025-08-22,INTERMUNICIPAL,REGULAR,45.605.755/0001-58,AUTO VIAÇÃO BRAGANCA LTDA,AUTO VIAÇÃO BRAGANCA LTDA,,Atibaia,Bragança Paulista,SUPERLOTAÇÃO DE ÔNIBUS,FISCALIZAÇÃO,2025-08-21,-1.0,NO PRAZO,-1.0,,OK
2025071605100415,,2025-08-12,10,2025-08-22,INTERMUNICIPAL,REGULAR,43.386.192/0001-29,EMPRESA DE ÔNIBUS ATILIO NATAL LTDA,EMPRESA DE ÔNIBUS ATILIO NATAL LTDA,,Piracicaba,São Paulo,ACESSIBILIDADE,REGULAR,2025-08-22,0.0,NO PRAZO,0.0,TC1,OK
2025071519065950,,2025-08-12,10,2025-08-22,INTERMUNICIPAL,REGULAR,01.339.438/0001-61,AUTO ÔNIBUS DEL OESTE LTDA - EPP,AUTO ÔNIBUS DEL OESTE LTDA - EPP,,Jaboticabal,Ribeirão Preto,PRESTAÇÃO DE SERVIÇO DA EMPRESA,REGULAR,2025-08-20,-2.0,NO PRAZO,-2.0,TC4,OK
2025071518511843,,2025-08-12,10,2025-08-22,INTERMUNICIPAL,REGULAR,01.339.438/0001-61,AUTO ÔNIBUS DEL OESTE LTDA - EPP,AUTO ÔNIBUS DEL OESTE LTDA - EPP,,Jaboticabal,Ribeirão Preto,PRESTAÇÃO DE SERVIÇO DA EMPRESA,REGULAR,2025-08-22,0.0,NO PRAZO,0.0,TC4,OK
2025071416123588,,2025-08-12,20,2025-09-01,INTERMUNICIPAL,REGULAR,01.339.438/0001-61,AUTO ÔNIBUS DEL OESTE LTDA - EPP,AUTO ÔNIBUS DEL OESTE LTDA - EPP,,Ribeirão Preto,Sertãozinho,PRESTAÇÃO DE SERVIÇO DA EMPRESA,REGULAR,2025-08-26,-6.0,NO PRAZO,-6.0,TC1,OK
2025071021364026,,2025-08-12,10,2025-08-22,INTERMUNICIPAL,REGULAR,07.022.473/0001-39,RAPIDO FENIX VIAÇÃO LTDA,RAPIDO FENIX VIAÇÃO LTDA,,Jaguariúna,São Paulo,GRATUIDADE DE IDOSOS,REGULAR,2025-08-26,4.0,ATRASADO,4.0,TC1,OK
2025080813494030,,2025-08-13,10,2025-08-23,METROPOLITANO,REGULAR,08.351.253/0001-11,INTERNORTE,CONSÓRCIO INTERNORTE DE TRANSPORTES,INTERNORTE,Guarulhos,São Paulo,MUDANÇA DE TABELA DE HORÁRIO,REGULAR,2025-08-15,-8.0,NO PRAZO,-8.0,PLANEJAMNETO,OK
2025080721464520,,2025-08-13,10,2025-08-23,METROPOLITANO,REGULAR,08.351.253/0001-11,INTERNORTE,CONSÓRCIO INTERNORTE DE TRANSPORTES,INTERNORTE,Santa Isabel,São Paulo,MÁ CONDIÇÃO DE VEÍCULO,FISCALIZAÇÃO,2025-08-20,-3.0,NO PRAZO,-3.0,INSPEÇÃO,OK
2025072103040051,,2025-08-13,10,2025-08-23,INTERMUNICIPAL,REGULAR,54.360.623/0001-02,VIAÇÃO PIRACICABANA S/A,VIAÇÃO PIRACICABANA S/A,PIRACICABANA,,,PRESTAÇÃO DE SERVIÇO DA EMPRESA,REGULAR,2025-08-20,-3.0,NO PRAZO,-3.0,TC3,OK
2025080517260985,,2025-08-13,20,2025-09-02,INTERMUNICIPAL,REGULAR,45.605.755/0001-58,AUTO VIAÇÃO BRAGANCA LTDA,AUTO VIAÇÃO BRAGANCA LTDA,,,,PRESTAÇÃO DE SERVIÇO DA EMPRESA,REGULAR,2025-08-28,-5.0,NO PRAZO,-5.0,TC1,OK
2025080116094844,,2025-08-13,10,2025-08-23,INTERMUNICIPAL,REGULAR,61.084.018/0001-03,VIAÇÃO COMETA S/A,VIAÇÃO COMETA S/A,COMETA,Praia Grande,Campinas,MÁ CONDIÇÃO DE VEÍCULO,FISCALIZAÇÃO,2025-08-20,-3.0,NO PRAZO,-3.0,,OK
2025081108014826,,2025-08-14,10,2025-08-24,METROPOLITANO,REGULAR,50.479.476/0001-25,JACAREI,VIAÇÃO JACAREI LTDA,JACAREI,São José dos Campos,Caçapava,MUDANÇA DE TABELA DE HORÁRIO,REGULAR,2025-09-10,17.0,ATRASADO,17.0,PLANEJAMNETO,OK
2025081019474385,,2025-08-14,10,2025-08-24,METROPOLITANO,REGULAR,,,,,,,MUDANÇA DE TABELA DE HORÁRIO,REGULAR,2025-08-19,-5.0,NO PRAZO,-5.0,PLANEJAMNETO,OK
2025081119444781,,2025-08-14,10,2025-08-24,METROPOLITANO,REGULAR,08.351.253/0001-11,INTERNORTE,CONSÓRCIO INTERNORTE DE TRANSPORTES,INTERNORTE,Guarulhos,São Paulo,ADIANTAMENTO/ATRASO DE VEÍCULO,FISCALIZAÇÃO,2025-08-26,2.0,ATRASADO,2.0,SP,OK
2025080814502034,,2025-08-14,20,2025-09-03,INTERMUNICIPAL,REGULAR,51.663.680/0003-26,VIAÇÃO PARATY LTDA,VIAÇÃO PARATY LTDA,,Jaú,,MÁ CONDIÇÃO DE VEÍCULO,FISCALIZAÇÃO,2025-08-29,-5.0,NO PRAZO,-5.0,,OK
2025081217244762,,2025-08-14,10,2025-08-24,INTERMUNICIPAL,REGULAR,54.360.623/0001-02,VIAÇÃO PIRACICABANA S/A,VIAÇÃO PIRACICABANA S/A,PIRACICABANA,,,MÁ CONDUTA DE FUNCIONÁRIOS,FISCALIZAÇÃO,2025-08-18,-6.0,NO PRAZO,-6.0,,OK
2025081117295070,,2025-08-15,10,2025-08-25,METROPOLITANO,REGULAR,20.336.241/0001-13,BUS +,CONSORCIO BUS +,BUS +,Sumaré,Campinas,ADIANTAMENTO/ATRASO DE VEÍCULO,FISCALIZAÇÃO,2025-08-20,-5.0,NO PRAZO,-5.0,CN,OK
2025081120283870,,2025-08-15,10,2025-08-25,METROPOLITANO,REGULAR,21.659.864/0001-90,BR MOBILIDADE,BR MOBILIDADE BAIXADA SANTISTA S.A. - SPE,BR MOBILIDADE,São Vicente,Santos,MUDANÇA DE TABELA DE HORÁRIO,REGULAR,2025-08-19,-6.0,NO PRAZO,-6.0,PLANEJAMNETO,OK
2025081108080518,,2025-08-15,10,2025-08-25,METROPOLITANO,REGULAR,50.479.476/0001-25,JACAREI,VIAÇÃO JACAREI LTDA,JACAREI,São José dos Campos,Caçapava,MUDANÇA DE TABELA DE HORÁRIO,REGULAR,2025-08-25,0.0,NO PRAZO,0.0,PLANEJAMNETO,OK
2025081209413224,,2025-08-15,10,2025-08-25,METROPOLITANO,REGULAR,08.351.253/0001-11,INTERNORTE,CONSÓRCIO INTERNORTE DE TRANSPORTES,INTERNORTE,Guarulhos,São Paulo,ADIANTAMENTO/ATRASO DE VEÍCULO,FISCALIZAÇÃO,2025-08-25,0.0,NO PRAZO,0.0,SP,OK
2025081118565912,,2025-08-15,10,2025-08-25,METROPOLITANO,REGULAR,40.181.203/0001-46,NEXTMOBILIDADE,ABC SISTEMA DE TRANSPORTE SPE S.A.,NEXTMOBILIDADE,São Bernardo do Campo,São Paulo,ADIANTAMENTO/ATRASO DE VEÍCULO,FISCALIZAÇÃO,2025-08-18,-7.0,NO PRAZO,-7.0,SP,OK
2025080412273376,,2025-08-15,10,2025-08-25,INTERMUNICIPAL,REGULAR,53.418.976/0001-45,AVOA DE CANDIDO MOTA LTDA - EPP,AVOA DE CANDIDO MOTA LTDA - EPP,,São Paulo,,PRESTAÇÃO DE SERVIÇO DA EMPRESA,REGULAR,2025-08-25,0.0,NO PRAZO,0.0,,OK
2025081410532721,,2025-08-16,10,2025-08-26,INTERMUNICIPAL,,,,,,São João da Boa Vista,,MÁ CONDUTA DE FUNCIONÁRIOS,FISCALIZAÇÃO,2025-08-18,-8.0,NO PRAZO,-8.0,,OK
2025081311215534,,2025-08-18,10,2025-08-28,METROPOLITANO,REGULAR,45.992.724/0001-05,RAPIDO CAMPINAS,RAPIDO LUXO CAMPINAS LTDA,RAPIDO CAMPINAS,Iperó,Sorocaba,ADIANTAMENTO/ATRASO DE VEÍCULO,FISCALIZAÇÃO,2025-08-22,-6.0,NO PRAZO,-6.0,SB,OK
2025081310514838,,2025-08-18,26,2025-09-13,METROPOLITANO,REGULAR,08.351.253/0001-11,INTERNORTE,CONSÓRCIO INTERNORTE DE TRANSPORTES,INTERNORTE,Arujá,São Paulo,TRANSPORTE CLANDESTINO,FISCALIZAÇÃO,2025-09-15,2.0,ATRASADO,2.0,SP,OK
2025081309485949,,2025-08-18,10,2025-08-28,METROPOLITANO,REGULAR,08.351.253/0001-11,INTERNORTE,CONSÓRCIO INTERNORTE DE TRANSPORTES,INTERNORTE,Guarulhos,São Paulo,ADIANTAMENTO/ATRASO DE VEÍCULO,FISCALIZAÇÃO,2025-08-25,-3.0,NO PRAZO,-3.0,SP,OK
2025081217100754,,2025-08-18,10,2025-08-28,METROPOLITANO,REGULAR,08.390.180/0001-77,INTERVIAS,CONSÓRCIO INTERVIAS,INTERVIAS,Itapecerica da Serra,São Paulo,SUPERLOTAÇÃO DE ÔNIBUS,FISCALIZAÇÃO,2025-08-25,-3.0,NO PRAZO,-3.0,SP,OK
2025081214464114,,2025-08-18,10,2025-08-28,METROPOLITANO,REGULAR,08.351.253/0001-11,INTERNORTE,CONSÓRCIO INTERNORTE DE TRANSPORTES,INTERNORTE,Guarulhos,São Paulo,ADIANTAMENTO/ATRASO DE VEÍCULO,FISCALIZAÇÃO,2025-08-25,-3.0,NO PRAZO,-3.0,SP,OK
2025080409362030,,2025-08-18,10,2025-08-28,INTERMUNICIPAL,REGULAR,61.084.018/0001-03,VIAÇÃO COMETA S/A,VIAÇÃO COMETA S/A,COMETA,Sorocaba,Osasco,MUDANÇA DE TABELA DE HORÁRIO,REGULAR,2025-08-25,-3.0,NO PRAZO,-3.0,TC2,OK
2025081410481316,,2025-08-19,10,2025-08-29,METROPOLITANO,REGULAR,46.014.122/0001-38,VB TRANSPORTES,VB TRANSPORTES E TURISMO LTDA,VB TRANSPORTES E TURISMO,Porto Feliz,Boituva,MUDANÇA DE TABELA DE HORÁRIO,REGULAR,2025-08-25,-4.0,NO PRAZO,-4.0,PLANEJAMNETO,OK
2025081407452017,,2025-08-19,10,2025-08-29,METROPOLITANO,REGULAR,21.659.864/0001-90,BR MOBILIDADE,BR MOBILIDADE BAIXADA SANTISTA S.A. - SPE,BR MOBILIDADE,Praia Grande,Santos,MUDANÇA DE TABELA DE HORÁRIO,REGULAR,2025-09-01,3.0,ATRASADO,3.0,PLANEJAMNETO,OK
2025081211392966,,2025-08-19,10,2025-08-29,METROPOLITANO,REGULAR,46.014.122/0001-38,VB TRANSPORTES,VB TRANSPORTES E TURISMO LTDA,VB TRANSPORTES E TURISMO,Salto,Boituva,PRESTAÇÃO DE SERVIÇO DA EMPRESA,FISCALIZAÇÃO,2025-08-26,-3.0,NO PRAZO,-3.0,SB,OK
2025081320493536,,2025-08-19,10,2025-08-29,METROPOLITANO,REGULAR,20.336.241/0001-13,BUS +,CONSORCIO BUS +,BUS +,Sumaré,Campinas,MUDANÇA DE TABELA DE HORÁRIO,REGULAR,2025-08-28,-1.0,NO PRAZO,-1.0,PLANEJAMNETO,OK
2025081508560620,,2025-08-19,17,2025-09-05,METROPOLITANO,REGULAR,,EXPRESSO ARMENIA,,,,São Paulo,TRANSPORTE CLANDESTINO,FISCALIZAÇÃO,2025-09-11,6.0,ATRASADO,6.0,RTO,OK
2025081408542492,,2025-08-19,10,2025-08-29,METROPOLITANO,REGULAR,08.351.253/0001-11,INTERNORTE,CONSÓRCIO INTERNORTE DE TRANSPORTES,INTERNORTE,Guarulhos,São Paulo,TRANSPORTE CLANDESTINO,FISCALIZAÇÃO,2025-08-28,-1.0,NO PRAZO,-1.0,SP,OK
2025080210542743,,2025-08-19,10,2025-08-29,INTERMUNICIPAL,REGULAR,54.360.623/0001-02,VIAÇÃO PIRACICABANA S/A,VIAÇÃO PIRACICABANA S/A,PIRACICABANA,,,GRATUIDADE DE IDOSOS,REGULAR,2025-08-25,-4.0,NO PRAZO,-4.0,TC5,OK
2025071808182224,,2025-08-19,10,2025-08-29,INTERMUNICIPAL,REGULAR,45.992.724/0001-05,RAPIDO LUXO CAMPINAS LTDA,RAPIDO LUXO CAMPINAS LTDA,RAPIDO CAMPINAS,Tatuí,Sorocaba,PRESTAÇÃO DE SERVIÇO DA EMPRESA,REGULAR,2025-08-26,-3.0,NO PRAZO,-3.0,TC2,OK
2025072418294680,,2025-08-19,10,2025-08-29,INTERMUNICIPAL,REGULAR,54.360.623/0001-02,VIAÇÃO PIRACICABANA S/A,VIAÇÃO PIRACICABANA S/A,PIRACICABANA,Ribeirão Preto,Limeira,PRESTAÇÃO DE SERVIÇO DA EMPRESA,REGULAR,2025-08-25,-4.0,NO PRAZO,-4.0,TC1,OK
2025080808123786,,2025-08-19,10,2025-08-29,INTERMUNICIPAL,REGULAR,45.992.724/0001-05,RAPIDO LUXO CAMPINAS LTDA,RAPIDO LUXO CAMPINAS LTDA,RAPIDO CAMPINAS,Cajamar,Jundiaí,MÁ CONDUTA DO MOTORISTA,REGULAR,2025-08-26,-3.0,NO PRAZO,-3.0,TC1,OK
2025072023341342,,2025-08-19,10,2025-08-29,INTERMUNICIPAL,REGULAR,54.360.623/0001-02,VIAÇÃO PIRACICABANA S/A,VIAÇÃO PIRACICABANA S/A,PIRACICABANA,Piracicaba,São Paulo,SOLICITAÇÃO DE INFORMAÇÃO,REGULAR,2025-08-28,-1.0,NO PRAZO,-1.0,TC1,OK
2025081417310382,,2025-08-19,10,2025-08-29,INTERMUNICIPAL,REGULAR,51.663.680/0003-26,VIAÇÃO PARATY LTDA,VIAÇÃO PARATY LTDA,,,,PRESTAÇÃO DE SERVIÇO DA EMPRESA,REGULAR,2025-08-29,0.0,NO PRAZO,0.0,TC4,OK
2025081317422824,,2025-08-20,10,2025-08-30,METROPOLITANO,REGULAR,,Localiza Rent a Car ,,,,,MULTA,FISCALIZAÇÃO,2025-08-26,-4.0,NO PRAZO,-4.0,MULTA,OK
2025081314552922,,2025-08-20,10,2025-08-30,METROPOLITANO,REGULAR,,Localiza Veículos Especiais,,,,,MULTA,FISCALIZAÇÃO,2025-08-26,-4.0,NO PRAZO,-4.0,MULTA,OK
2025081810410338,,2025-08-20,10,2025-08-30,METROPOLITANO,REGULAR,08.390.180/0001-77,INTERVIAS,CONSÓRCIO INTERVIAS,INTERVIAS,Cotia,São Paulo,ADIANTAMENTO/ATRASO DE VEÍCULO,FISCALIZAÇÃO,2025-08-26,-4.0,NO PRAZO,-4.0,SP,OK
2025081513104291,,2025-08-20,24,2025-09-13,METROPOLITANO,REGULAR,08.351.253/0001-11,INTERNORTE,CONSÓRCIO INTERNORTE DE TRANSPORTES,INTERNORTE,Guarulhos,São Paulo,MÁ CONDUTA DO MOTORISTA,FISCALIZAÇÃO,2025-09-05,-8.0,NO PRAZO,-8.0,SP,OK
2025081810550167,,2025-08-21,10,2025-08-31,METROPOLITANO,REGULAR,08.390.180/0001-77,INTERVIAS,CONSÓRCIO INTERVIAS,INTERVIAS,Cotia,Cotia,ADIANTAMENTO/ATRASO DE VEÍCULO,FISCALIZAÇÃO,2025-08-27,-4.0,NO PRAZO,-4.0,SP,OK
2025081902495359,,2025-08-21,10,2025-08-31,METROPOLITANO,REGULAR,,,,,,,SUGESTÃO,FISCALIZAÇÃO,2025-08-25,-6.0,NO PRAZO,-6.0,BS,OK
2025081909335059,,2025-08-21,10,2025-08-31,METROPOLITANO,REGULAR,08.419.802/0001-42,ANHANGUERA,CONSÓRCIO ANHANGUERA,ANHANGUERA,,,PRESTAÇÃO DE SERVIÇO DA EMPRESA,REGULAR,2025-08-25,-6.0,NO PRAZO,-6.0,PLANEJAMNETO,OK
2025081822141744,,2025-08-21,10,2025-08-31,METROPOLITANO,REGULAR,08.390.180/0001-77,INTERVIAS,CONSÓRCIO INTERVIAS,INTERVIAS,Cotia,São Paulo,MUDANÇA DE TABELA DE HORÁRIO,REGULAR,2025-08-25,-6.0,NO PRAZO,-6.0,PLANEJAMNETO,OK
2025081716432242,,2025-08-21,14,2025-09-04,METROPOLITANO,REGULAR,45.992.724/0001-05,RAPIDO CAMPINAS,RAPIDO LUXO CAMPINAS LTDA,RAPIDO CAMPINAS,Mairinque,São Roque,MUDANÇA DE TABELA DE HORÁRIO,REGULAR,2025-09-03,-1.0,NO PRAZO,-1.0,PLANEJAMNETO,OK
2025081917003028,,2025-08-21,10,2025-08-31,METROPOLITANO,REGULAR,46.014.122/0001-38,VB TRANSPORTES,VB TRANSPORTES E TURISMO LTDA,VB TRANSPORTES E TURISMO,Salto,Sorocaba,ADIANTAMENTO/ATRASO DE VEÍCULO,FISCALIZAÇÃO,2025-09-01,1.0,ATRASADO,1.0,SB,OK
2025081519373427,,2025-08-21,10,2025-08-31,INTERMUNICIPAL,REGULAR,13.245.713/0001-67,VIASOL TRANSPORTES RODOVIÁRIOS LTDA.,VIASOL TRANSPORTES RODOVIÁRIOS LTDA.,,Araras,Rio Claro,PRESTAÇÃO DE SERVIÇO DA EMPRESA,REGULAR,2025-08-28,-3.0,NO PRAZO,-3.0,TC1,OK
2025082014111779,,2025-08-21,20,2025-09-10,INTERMUNICIPAL,FRETAMENTO,,W.K FRETAMENTO,,,,,PRESTAÇÃO DE SERVIÇO DA EMPRESA,FRETAMENTO,2025-09-03,-7.0,NO PRAZO,-7.0,TC1,OK
2025082018330024,,2025-08-21,10,2025-08-31,INTERMUNICIPAL,REGULAR,01.339.438/0001-61,AUTO ÔNIBUS DEL OESTE LTDA - EPP,AUTO ÔNIBUS DEL OESTE LTDA - EPP,,Ribeirão Preto,Bebedouro,SUPERLOTAÇÃO DE ÔNIBUS,FISCALIZAÇÃO,2025-09-02,2.0,ATRASADO,2.0,,OK
2025082018305276,,2025-08-21,10,2025-08-31,INTERMUNICIPAL,REGULAR,01.339.438/0001-61,AUTO ÔNIBUS DEL OESTE LTDA - EPP,AUTO ÔNIBUS DEL OESTE LTDA - EPP,,Ribeirão Preto,Jaboticabal,SUPERLOTAÇÃO DE ÔNIBUS,FISCALIZAÇÃO,2025-09-02,2.0,ATRASADO,2.0,,OK
2025081922241829,,2025-08-21,25,2025-09-15,INTERMUNICIPAL,,,,,,Orindiúva,Paulo de Faria,TRANSPORTE CLANDESTINO,FISCALIZAÇÃO,2025-09-23,8.0,ATRASADO,8.0,,OK
2025081915050123,,2025-08-21,25,2025-09-15,INTERMUNICIPAL,,,,,,Divinolândia,São João da Boa Vista,TRANSPORTE CLANDESTINO,FISCALIZAÇÃO,2025-09-04,-11.0,NO PRAZO,-11.0,,OK
2025080620533951,,2025-08-21,10,2025-08-31,INTERMUNICIPAL,REGULAR,61.084.018/0001-03,VIAÇÃO COMETA S/A,VIAÇÃO COMETA S/A,COMETA,Sorocaba,São Paulo,ADIANTAMENTO/ATRASO DE VEÍCULO,FISCALIZAÇÃO,2025-09-04,4.0,ATRASADO,4.0,,OK
2025081209455231,,2025-08-21,10,2025-08-31,INTERMUNICIPAL,REGULAR,45.992.724/0001-05,RAPIDO LUXO CAMPINAS LTDA,RAPIDO LUXO CAMPINAS LTDA,RAPIDO CAMPINAS,Cabreúva,Jundiaí,ADIANTAMENTO/ATRASO DE VEÍCULO,FISCALIZAÇÃO,2025-08-25,-6.0,NO PRAZO,-6.0,,OK
2025081911472841,,2025-08-22,10,2025-09-01,METROPOLITANO,REGULAR,08.390.180/0001-77,INTERVIAS,CONSÓRCIO INTERVIAS,INTERVIAS,Embu das Artes,São Paulo,ADIANTAMENTO/ATRASO DE VEÍCULO,FISCALIZAÇÃO,2025-09-01,0.0,NO PRAZO,0.0,SP,OK
2025081919402144,,2025-08-22,10,2025-09-01,METROPOLITANO,REGULAR,08.351.253/0001-11,INTERNORTE,CONSÓRCIO INTERNORTE DE TRANSPORTES,INTERNORTE,Guarulhos,São Paulo,ADIANTAMENTO/ATRASO DE VEÍCULO,FISCALIZAÇÃO,2025-09-01,0.0,NO PRAZO,0.0,SP,OK
2025081117295070,,2025-08-22,10,2025-09-01,METROPOLITANO,REGULAR,20.336.241/0001-13,BUS +,CONSORCIO BUS +,BUS +,Sumaré,Campinas,ADIANTAMENTO/ATRASO DE VEÍCULO,FISCALIZAÇÃO,2025-08-20,-12.0,NO PRAZO,-12.0,CN,OK
2025081810212266,,2025-08-22,10,2025-09-01,INTERMUNICIPAL,REGULAR,72.543.978/0001-00,GUERINO SEISCENTO TRANSPORTES S/A,GUERINO SEISCENTO TRANSPORTES S/A,,Presidente Prudente,Ribeirão Preto,MUDANÇA DE TABELA DE HORÁRIO,REGULAR,2025-08-29,-3.0,NO PRAZO,-3.0,TC3,OK
2025081913502290,,2025-08-22,10,2025-09-01,INTERMUNICIPAL,REGULAR,45.992.724/0001-05,RAPIDO LUXO CAMPINAS LTDA,RAPIDO LUXO CAMPINAS LTDA,RAPIDO CAMPINAS,Itatinga,Botucatu,PRESTAÇÃO DE SERVIÇO DA EMPRESA,REGULAR,2025-09-01,0.0,NO PRAZO,0.0,TC2,OK
2025081817300663,,2025-08-22,10,2025-09-01,INTERMUNICIPAL,REGULAR,61.084.018/0001-03,VIAÇÃO COMETA S/A,VIAÇÃO COMETA S/A,COMETA,Osasco,Sorocaba,ADIANTAMENTO/ATRASO DE VEÍCULO,FISCALIZAÇÃO,2025-09-04,3.0,ATRASADO,3.0,,OK
2025081811011930,,2025-08-22,10,2025-09-01,INTERMUNICIPAL,REGULAR,07.022.473/0001-39,RAPIDO FENIX VIAÇÃO LTDA,RAPIDO FENIX VIAÇÃO LTDA,,Itatiba,Jundiaí,SUPERLOTAÇÃO DE ÔNIBUS,FISCALIZAÇÃO,2025-09-02,1.0,ATRASADO,1.0,,OK
2025081806322126,,2025-08-22,10,2025-09-01,INTERMUNICIPAL,REGULAR,01.339.438/0001-61,AUTO ÔNIBUS DEL OESTE LTDA - EPP,AUTO ÔNIBUS DEL OESTE LTDA - EPP,,Barrinha,Jaboticabal,SUPERLOTAÇÃO DE ÔNIBUS,FISCALIZAÇÃO,2025-09-02,1.0,ATRASADO,1.0,,OK
2025081017124240,,2025-08-22,10,2025-09-01,INTERMUNICIPAL,REGULAR,59.965.038/0001-41,EXPRESSO ITAMARATI S/A,EXPRESSO ITAMARATI S/A,,Olímpia,São José do Rio Preto,SUPERLOTAÇÃO DE ÔNIBUS,FISCALIZAÇÃO,2025-08-25,-7.0,NO PRAZO,-7.0,,OK
2025081217401225,,2025-08-25,10,2025-09-04,INTERMUNICIPAL,REGULAR,01.339.438/0001-61,AUTO ÔNIBUS DEL OESTE LTDA - EPP,AUTO ÔNIBUS DEL OESTE LTDA - EPP,,Barrinha,Jaboticabal,SUPERLOTAÇÃO DE ÔNIBUS,FISCALIZAÇÃO,2025-09-02,-2.0,NO PRAZO,-2.0,,OK
2025081119171315,,2025-08-25,10,2025-09-04,INTERMUNICIPAL,REGULAR,01.339.438/0001-61,AUTO ÔNIBUS DEL OESTE LTDA - EPP,AUTO ÔNIBUS DEL OESTE LTDA - EPP,,Barrinha,Jaboticabal,SUPERLOTAÇÃO DE ÔNIBUS,FISCALIZAÇÃO,2025-09-02,-2.0,NO PRAZO,-2.0,,OK
2025081117114911,,2025-08-25,10,2025-09-04,INTERMUNICIPAL,REGULAR,59.965.038/0001-41,EXPRESSO ITAMARATI S/A,EXPRESSO ITAMARATI S/A,,Palmeira d'Oeste,,PRESTAÇÃO DE SERVIÇO DA EMPRESA,REGULAR,2025-09-02,-2.0,NO PRAZO,-2.0,TC4,OK
2025081916525420,,2025-08-26,10,2025-09-05,METROPOLITANO,REGULAR,,,,,,,MULTA,FISCALIZAÇÃO,2025-08-26,-10.0,NO PRAZO,-10.0,MULTA,OK
2025072720475159,,2025-08-27,10,2025-09-06,INTERMUNICIPAL,REGULAR,44.944.577/0001-27,VIAÇÃO SÃO BENTO LTDA,VIAÇÃO SÃO BENTO LTDA,,,,PRESTAÇÃO DE SERVIÇO DA EMPRESA,REGULAR,2025-09-08,2.0,ATRASADO,2.0,TC1,OK
2025071917214251,,2025-08-27,10,2025-09-06,INTERMUNICIPAL,REGULAR,07.022.473/0001-39,RAPIDO FENIX VIAÇÃO LTDA,RAPIDO FENIX VIAÇÃO LTDA,,Campinas,Bragança Paulista,GRATUIDADE DE IDOSOS,REGULAR,2025-09-08,2.0,ATRASADO,2.0,TC1,OK
2025082122371526,,2025-08-29,20,2025-09-18,METROPOLITANO,REGULAR,08.390.180/0001-77,INTERVIAS,CONSÓRCIO INTERVIAS,INTERVIAS,Embu das Artes,São Paulo,SUPERLOTAÇÃO DE ÔNIBUS,FISCALIZAÇÃO,2025-09-16,-2.0,NO PRAZO,-2.0,SP,OK
2025082111130768,,2025-08-29,10,2025-09-08,METROPOLITANO,REGULAR,21.659.864/0001-90,BR MOBILIDADE,BR MOBILIDADE BAIXADA SANTISTA S.A. - SPE,BR MOBILIDADE,Cubatão,Santos,MUDANÇA DE TABELA DE HORÁRIO,REGULAR,2025-09-02,-6.0,NO PRAZO,-6.0,PLANEJAMNETO,OK
2025082111125798,,2025-08-29,10,2025-09-08,METROPOLITANO,REGULAR,56.775.935/0001-02,SANTA BRANCA,SANTA BRANCA TRANSPORTES LTDA,SANTA BRANCA,Santa Branca,Jacareí,MUDANÇA DE TABELA DE HORÁRIO,REGULAR,2025-09-15,7.0,ATRASADO,7.0,PLANEJAMNETO,OK
2025082511110630,,2025-08-29,20,2025-09-18,INTERMUNICIPAL,FRETAMENTO,,Primar; RGS Turismo; Brasil Bus; Levare; Grecco,,,São Paulo,,TRANSPORTE CLANDESTINO,FISCALIZAÇÃO,2025-09-12,-6.0,NO PRAZO,-6.0,,OK
2025082216395630,,2025-09-01,10,2025-09-11,METROPOLITANO,REGULAR,40.181.203/0001-46,NEXTMOBILIDADE,ABC SISTEMA DE TRANSPORTE SPE S.A.,NEXTMOBILIDADE,Santo André,São Paulo,PRESTAÇÃO DE SERVIÇO DA EMPRESA,REGULAR,2025-09-11,0.0,NO PRAZO,0.0,PLANEJAMNETO,OK
2025082515041521,,2025-09-01,10,2025-09-11,METROPOLITANO,REGULAR,20.336.241/0001-13,BUS +,CONSORCIO BUS +,BUS +,Sumaré,Campinas,ADIANTAMENTO/ATRASO DE VEÍCULO,FISCALIZAÇÃO,2025-09-10,-1.0,NO PRAZO,-1.0,CN,OK
2025082514024922,,2025-09-01,10,2025-09-11,METROPOLITANO,REGULAR,20.336.241/0001-13,BUS +,CONSORCIO BUS +,BUS +,Paulínia,Campinas,MUDANÇA DE TABELA DE HORÁRIO,REGULAR,2025-09-11,0.0,NO PRAZO,0.0,PLANEJAMNETO,OK
2025082512412528,,2025-09-01,10,2025-09-11,METROPOLITANO,REGULAR,08.419.802/0001-42,ANHANGUERA,CONSÓRCIO ANHANGUERA,ANHANGUERA,Osasco,Barueri,MUDANÇA DE TABELA DE HORÁRIO,FISCALIZAÇÃO,2025-09-09,-2.0,NO PRAZO,-2.0,SP,OK
2025082511582767,,2025-09-01,20,2025-09-21,METROPOLITANO,REGULAR,08.351.253/0001-11,INTERNORTE,CONSÓRCIO INTERNORTE DE TRANSPORTES,INTERNORTE,Guarulhos,São Paulo,GRATUIDADE DE IDOSOS,FISCALIZAÇÃO,2025-09-11,-10.0,NO PRAZO,-10.0,SP,OK
2025082510132470,,2025-09-01,10,2025-09-11,METROPOLITANO,REGULAR,08.351.253/0001-11,INTERNORTE,CONSÓRCIO INTERNORTE DE TRANSPORTES,INTERNORTE,Guarulhos,São Paulo,SUPERLOTAÇÃO DE ÔNIBUS,FISCALIZAÇÃO,2025-09-03,-8.0,NO PRAZO,-8.0,SP,OK
2025082413370263,,2025-09-01,10,2025-09-11,METROPOLITANO,REGULAR,46.887.139/0001-08,EXPRESSO AMARELINHO,EXPRESSO AMARELINHO LTDA,EXPRESSO AMARELINHO LTDA,,,MÁ CONDIÇÃO DE VEÍCULO,FISCALIZAÇÃO,2025-09-02,-9.0,NO PRAZO,-9.0,SB,OK
2025082508282440,,2025-09-01,10,2025-09-11,METROPOLITANO,REGULAR,45.992.724/0001-05,RAPIDO CAMPINAS,RAPIDO LUXO CAMPINAS LTDA,RAPIDO CAMPINAS,Mairinque,Sorocaba,ADIANTAMENTO/ATRASO DE VEÍCULO,FISCALIZAÇÃO,2025-09-10,-1.0,NO PRAZO,-1.0,SB,OK
2025082615411585,,2025-09-01,25,2025-09-26,INTERMUNICIPAL,FRETAMENTO,47.939.199/0001-81,BOLONHA TRANSPORTE,HELIO APARECIDO BRAGA 06885710857 - ME,TRANSPORTE,Pedregulho,Franca,TRANSPORTE CLANDESTINO,FISCALIZAÇÃO,2025-09-12,-14.0,NO PRAZO,-14.0,,OK
2025082508462695,,2025-09-01,24,2025-09-25,INTERMUNICIPAL,REGULAR,44.993.632/0001-79,EMPRESAS REUNIDAS PAULISTA DE TRANSPORTES LTDA,EMPRESAS REUNIDAS PAULISTA DE TRANSPORTES LTDA,,Lavínia,,SOLICITAÇÃO DE INFORMAÇÃO,DPL-COORDENADORIA,2025-09-17,-8.0,NO PRAZO,-8.0,TC3,OK
2025081716122195,,2025-09-01,24,2025-09-25,INTERMUNICIPAL,REGULAR,44.993.632/0001-79,EMPRESAS REUNIDAS PAULISTA DE TRANSPORTES LTDA,EMPRESAS REUNIDAS PAULISTA DE TRANSPORTES LTDA,,Lavínia,,SOLICITAÇÃO DE INFORMAÇÃO,DPL-COORDENADORIA,2025-09-17,-8.0,NO PRAZO,-8.0,TC3,OK
2025082710165488,,2025-09-01,25,2025-09-26,INTERMUNICIPAL,FRETAMENTO,47.939.199/0001-81,BOLONHA TRANSPORTE,HELIO APARECIDO BRAGA 06885710857 - ME,TRANSPORTE,Pedregulho,Franca,TRANSPORTE CLANDESTINO,FISCALIZAÇÃO,2025-09-12,-14.0,NO PRAZO,-14.0,,OK
2025082111290444,,2025-09-01,10,2025-09-11,INTERMUNICIPAL,REGULAR,45.605.755/0001-58,AUTO VIAÇÃO BRAGANCA LTDA,AUTO VIAÇÃO BRAGANCA LTDA,,Bragança Paulista,São Paulo,GRATUIDADE DE IDOSOS,REGULAR,2025-09-09,-2.0,NO PRAZO,-2.0,TC1,OK
2025082515405450,,2025-09-02,10,2025-09-12,METROPOLITANO,REGULAR,45.992.724/0001-05,RAPIDO CAMPINAS,RAPIDO LUXO CAMPINAS LTDA,RAPIDO CAMPINAS,Sorocaba,São Roque,MUDANÇA DE TABELA DE HORÁRIO,REGULAR,2025-09-02,-10.0,NO PRAZO,-10.0,PLANEJAMNETO,OK
2025082515481494,,2025-09-02,10,2025-09-12,METROPOLITANO,REGULAR,08.419.802/0001-42,ANHANGUERA,CONSÓRCIO ANHANGUERA,ANHANGUERA,Barueri,Cotia,MUDANÇA DE TABELA DE HORÁRIO,REGULAR,2025-09-02,-10.0,NO PRAZO,-10.0,PLANEJAMNETO,OK
2025082609181454,,2025-09-02,10,2025-09-12,METROPOLITANO,REGULAR,,VIAÇÃO RAPOSO TAVARES,,,São Paulo,Embu-Guaçu,ADIANTAMENTO/ATRASO DE VEÍCULO,FISCALIZAÇÃO,2025-09-12,0.0,NO PRAZO,0.0,SP,OK
2025082609514537,,2025-09-02,10,2025-09-12,METROPOLITANO,REGULAR,20.336.241/0001-13,BUS +,CONSORCIO BUS +,BUS +,Campinas,Hortolândia,ADIANTAMENTO/ATRASO DE VEÍCULO,FISCALIZAÇÃO,2025-09-15,3.0,ATRASADO,3.0,CN,OK
2025082613025222,,2025-09-02,10,2025-09-12,METROPOLITANO,REGULAR,08.390.180/0001-77,INTERVIAS,CONSÓRCIO INTERVIAS,INTERVIAS,Taboão da Serra,São Paulo,ADIANTAMENTO/ATRASO DE VEÍCULO,FISCALIZAÇÃO,2025-09-11,-1.0,NO PRAZO,-1.0,SP,OK
2025082613272994,,2025-09-02,10,2025-09-12,METROPOLITANO,REGULAR,45.992.724/0001-05,RAPIDO CAMPINAS,RAPIDO LUXO CAMPINAS LTDA,RAPIDO CAMPINAS,Mairinque,Sorocaba,SUPERLOTAÇÃO DE ÔNIBUS,FISCALIZAÇÃO,2025-09-10,-2.0,NO PRAZO,-2.0,SB,OK
2025082614211823,,2025-09-02,10,2025-09-12,METROPOLITANO,REGULAR,20.336.241/0001-13,BUS +,CONSORCIO BUS +,BUS +,Sumaré,Campinas,SUPERLOTAÇÃO DE ÔNIBUS,FISCALIZAÇÃO,2025-09-10,-2.0,NO PRAZO,-2.0,CN,OK
2025082616302580,,2025-09-02,10,2025-09-12,METROPOLITANO,REGULAR,08.419.802/0001-42,ANHANGUERA,CONSÓRCIO ANHANGUERA,ANHANGUERA,Barueri,Cotia,MUDANÇA DE ITINERÁRIO,REGULAR,2025-09-03,-9.0,NO PRAZO,-9.0,PLANEJAMNETO,OK
2025082707573550,,2025-09-02,10,2025-09-12,METROPOLITANO,REGULAR,50.479.476/0001-25,JACAREI,VIAÇÃO JACAREI LTDA,JACAREI,Jacareí,São José dos Campos,ADIANTAMENTO/ATRASO DE VEÍCULO,FISCALIZAÇÃO,2025-09-12,0.0,NO PRAZO,0.0,VP,OK
2025082713024688,,2025-09-02,10,2025-09-12,METROPOLITANO,REGULAR,20.336.241/0001-13,BUS +,CONSORCIO BUS +,BUS +,Hortolândia,Campinas,MÁ CONDIÇÃO DE VEÍCULO,FISCALIZAÇÃO,2025-09-03,-9.0,NO PRAZO,-9.0,CN,OK
2025082716432150,,2025-09-02,25,2025-09-27,INTERMUNICIPAL,REGULAR,12.100.775/0001-18,DAIANE GONCALVES DE LIMA LTDA,DAIANE GONCALVES DE LIMA LTDA,,Santa Cruz do Rio Pardo,Bauru,TRANSPORTE CLANDESTINO,FISCALIZAÇÃO,2025-09-17,-10.0,NO PRAZO,-10.0,,OK
2025082717190164,,2025-09-03,20,2025-09-23,METROPOLITANO,REGULAR,08.351.253/0001-11,INTERNORTE,CONSÓRCIO INTERNORTE DE TRANSPORTES,INTERNORTE,Guarulhos,São Paulo,SUPERLOTAÇÃO DE ÔNIBUS,FISCALIZAÇÃO,2025-09-16,-7.0,NO PRAZO,-7.0,SP,OK
2025082719102334,,2025-09-03,10,2025-09-13,METROPOLITANO,REGULAR,08.390.180/0001-77,INTERVIAS,CONSÓRCIO INTERVIAS,INTERVIAS,Embu das Artes,São Paulo,MÁ CONDIÇÃO DE VEÍCULO,FISCALIZAÇÃO,2025-09-12,-1.0,NO PRAZO,-1.0,INSPEÇÃO,OK
2025082721224273,,2025-09-03,25,2025-09-28,INTERMUNICIPAL,,,,,,Iguape,Registro,TRANSPORTE CLANDESTINO,FISCALIZAÇÃO,2025-09-18,-10.0,NO PRAZO,-10.0,,OK
2025082810472963,,2025-09-04,10,2025-09-14,METROPOLITANO,REGULAR,08.351.253/0001-11,INTERNORTE,CONSÓRCIO INTERNORTE DE TRANSPORTES,INTERNORTE,Arujá,Itaquaquecetuba,MUDANÇA DE TABELA DE HORÁRIO,REGULAR,2025-09-05,-9.0,NO PRAZO,-9.0,PLANEJAMNETO,OK
2025082814104172,,2025-09-04,20,2025-09-24,METROPOLITANO,REGULAR,08.390.180/0001-77,INTERVIAS,CONSÓRCIO INTERVIAS,INTERVIAS,Cotia,São Paulo,SUPERLOTAÇÃO DE ÔNIBUS,FISCALIZAÇÃO,2025-09-24,0.0,NO PRAZO,0.0,SP,OK
2025082909044732,,2025-09-04,10,2025-09-14,METROPOLITANO,REGULAR,,,,,,,MULTA,FISCALIZAÇÃO,2025-09-04,-10.0,NO PRAZO,-10.0,MULTA,OK
2025082823215463,,2025-09-04,20,2025-09-24,METROPOLITANO,REGULAR,20.336.241/0001-13,BUS +,CONSORCIO BUS +,BUS +,Artur Nogueira,Campinas,MUDANÇA DE TABELA DE HORÁRIO,REGULAR,2025-09-15,-9.0,NO PRAZO,-9.0,PLANEJAMNETO,OK
2025082823155025,,2025-09-04,10,2025-09-14,INTERMUNICIPAL,,,,,,,,COMPETÊNCIA DE OUTRA ÀREA,OUVIDORIA LOCAL,2025-09-04,-10.0,NO PRAZO,-10.0,SUTID,OK
2025090109191837,,2025-09-05,10,2025-09-15,METROPOLITANO,REGULAR,08.351.253/0001-11,INTERNORTE,CONSÓRCIO INTERNORTE DE TRANSPORTES,INTERNORTE,Santa Isabel,São Paulo,PRESTAÇÃO DE SERVIÇO DA EMPRESA,REGULAR,2025-09-08,-7.0,NO PRAZO,-7.0,PLANEJAMNETO,OK
2025090111364362,,2025-09-05,10,2025-09-15,METROPOLITANO,REGULAR,45.992.724/0001-05,RAPIDO CAMPINAS,RAPIDO LUXO CAMPINAS LTDA,RAPIDO CAMPINAS,Iperó,Sorocaba,ADIANTAMENTO/ATRASO DE VEÍCULO,FISCALIZAÇÃO,2025-09-08,-7.0,NO PRAZO,-7.0,CN,OK
2025090106410021,,2025-09-05,45,2025-10-20,INTERMUNICIPAL,,,,,,Cajamar,,TRANSPORTE CLANDESTINO,FISCALIZAÇÃO,2025-10-07,-13.0,NO PRAZO,-13.0,,OK
2025090217292822,,2025-09-09,10,2025-09-19,METROPOLITANO,REGULAR,08.419.802/0001-42,ANHANGUERA,CONSÓRCIO ANHANGUERA,ANHANGUERA,Santana de Parnaíba,São Paulo,MUDANÇA DE TABELA DE HORÁRIO,REGULAR,2025-09-09,-10.0,NO PRAZO,-10.0,PLANEJAMNETO,OK
2025090300321730,,2025-09-09,45,2025-10-24,METROPOLITANO,REGULAR,08.351.253/0001-11,INTERNORTE,CONSÓRCIO INTERNORTE DE TRANSPORTES,INTERNORTE,Guarulhos,São Paulo,TRANSPORTE CLANDESTINO,FISCALIZAÇÃO,2025-11-10,17.0,ATRASADO,17.0,RTO,OK
2025090208213868,,2025-09-09,10,2025-09-19,INTERMUNICIPAL,REGULAR,51.663.680/0003-26,VIAÇÃO PARATY LTDA,VIAÇÃO PARATY LTDA,,Jaú,,SOLICITAÇÃO DE INFORMAÇÃO,OUVIDORIA LOCAL,2025-09-09,-10.0,NO PRAZO,-10.0,,OK
2025082809564832,,2025-09-09,10,2025-09-19,INTERMUNICIPAL,REGULAR,61.084.018/0001-03,VIAÇÃO COMETA S/A,VIAÇÃO COMETA S/A,COMETA,Osasco,,MUDANÇA DE TABELA DE HORÁRIO,REGULAR,2025-09-19,0.0,NO PRAZO,0.0,TC2,OK
2025090313402194,,2025-09-10,10,2025-09-20,METROPOLITANO,REGULAR,08.419.802/0001-42,ANHANGUERA,CONSÓRCIO ANHANGUERA,ANHANGUERA,Santana de Parnaíba,São Paulo,MUDANÇA DE TABELA DE HORÁRIO,REGULAR,2025-09-11,-9.0,NO PRAZO,-9.0,PLANEJAMNETO,OK
2025081917540577,,2025-09-10,10,2025-09-20,INTERMUNICIPAL,FRETAMENTO,46.014.122/0001-38,VB TRANSPORTES E TURISMO LTDA,VB TRANSPORTES E TURISMO LTDA,VB TRANSPORTES E TURISMO,Indaiatuba,Salto,PRESTAÇÃO DE SERVIÇO DA EMPRESA,REGULAR,2025-09-11,-9.0,NO PRAZO,-9.0,TC1,OK
2025090511563558,,2025-09-10,25,2025-10-05,INTERMUNICIPAL,REGULAR,61.084.018/0001-03,VIAÇÃO COMETA S/A,VIAÇÃO COMETA S/A,COMETA,São Paulo,Sorocaba,PRESTAÇÃO DE SERVIÇO DA EMPRESA,FISCALIZAÇÃO,2025-09-10,-25.0,NO PRAZO,-25.0,,OK
2025090408532195,,2025-09-11,20,2025-10-01,METROPOLITANO,REGULAR,08.325.415/0001-47,UNILESTE,CONSÓRCIO UNILESTE,UNILESTE,Marapoama,São Paulo,SUPERLOTAÇÃO DE ÔNIBUS,FISCALIZAÇÃO,2025-09-29,-2.0,NO PRAZO,-2.0,SP,OK
2025090413050540,,2025-09-11,10,2025-09-21,METROPOLITANO,REGULAR,08.325.415/0001-47,UNILESTE,CONSÓRCIO UNILESTE,UNILESTE,Marapoama,São Paulo,ADIANTAMENTO/ATRASO DE VEÍCULO,FISCALIZAÇÃO,2025-09-17,-4.0,NO PRAZO,-4.0,SP,OK
2025090820145338,,2025-09-12,45,2025-10-27,METROPOLITANO,REGULAR,08.351.253/0001-11,INTERNORTE,CONSÓRCIO INTERNORTE DE TRANSPORTES,INTERNORTE,Guarulhos,São Paulo,TRANSPORTE CLANDESTINO,FISCALIZAÇÃO,2025-11-10,14.0,ATRASADO,14.0,RTO,OK
2025090514282278,,2025-09-12,20,2025-10-02,METROPOLITANO,REGULAR,08.351.253/0001-11,INTERNORTE,CONSÓRCIO INTERNORTE DE TRANSPORTES,INTERNORTE,Guarulhos,São Paulo,MUDANÇA DE TABELA DE HORÁRIO,REGULAR,2025-09-30,-2.0,NO PRAZO,-2.0,PLANEJAMNETO,OK
2025081921143490,,2025-09-12,10,2025-09-22,METROPOLITANO,REGULAR,08.325.415/0001-47,UNILESTE,CONSÓRCIO UNILESTE,UNILESTE,Santa Isabel,Mogi das Cruzes,ADIANTAMENTO/ATRASO DE VEÍCULO,FISCALIZAÇÃO,2025-09-17,-5.0,NO PRAZO,-5.0,SP,OK
2025082421280519,,2025-09-12,10,2025-09-22,INTERMUNICIPAL,REGULAR,59.965.038/0001-41,EXPRESSO ITAMARATI S/A,EXPRESSO ITAMARATI S/A,,Jales,,PRESTAÇÃO DE SERVIÇO DA EMPRESA,REGULAR,2025-09-22,0.0,NO PRAZO,0.0,TC4,OK
2025082616362590,,2025-09-12,10,2025-09-22,INTERMUNICIPAL,REGULAR,59.965.038/0001-41,EXPRESSO ITAMARATI S/A,EXPRESSO ITAMARATI S/A,,São José do Rio Preto,Neves Paulista,SUPERLOTAÇÃO DE ÔNIBUS,FISCALIZAÇÃO,2025-09-15,-7.0,NO PRAZO,-7.0,,OK
2025090921082546,,2025-09-15,25,2025-10-10,METROPOLITANO,REGULAR,47.530.704/0003-00,RODOVIARIO SAO JOSE,RODOVIARIO E TURISMO SAO JOSE LTDA,RODOVIARIO SAO JOSE,Cunha,Guaratinguetá,TRANSPORTE CLANDESTINO,FISCALIZAÇÃO,2025-09-23,-17.0,NO PRAZO,-17.0,VP,OK
2025090900144175,,2025-09-15,25,2025-10-10,METROPOLITANO,REGULAR,47.530.704/0003-00,RODOVIARIO SAO JOSE,RODOVIARIO E TURISMO SAO JOSE LTDA,RODOVIARIO SAO JOSE,Cunha,Guaratinguetá,TRANSPORTE CLANDESTINO,FISCALIZAÇÃO,2025-09-23,-17.0,NO PRAZO,-17.0,VP,OK
2025082010435757,,2025-09-15,10,2025-09-25,METROPOLITANO,REGULAR,40.181.203/0001-46,NEXTMOBILIDADE,ABC SISTEMA DE TRANSPORTE SPE S.A.,NEXTMOBILIDADE,Santo André,São Paulo,PRESTAÇÃO DE SERVIÇO DA EMPRESA,FISCALIZAÇÃO,2025-09-23,-2.0,NO PRAZO,-2.0,SP,OK
2025090614074611,,2025-09-15,10,2025-09-25,METROPOLITANO,REGULAR,40.181.203/0001-46,NEXTMOBILIDADE,ABC SISTEMA DE TRANSPORTE SPE S.A.,NEXTMOBILIDADE,Diadema,São Paulo,MUDANÇA DE TABELA DE HORÁRIO,REGULAR,2025-09-16,-9.0,NO PRAZO,-9.0,PLANEJAMNETO,OK
2025082016041963,,2025-09-15,20,2025-10-05,METROPOLITANO,REGULAR,,RAPOSO TAVARES,,,Cotia,São Paulo,ACESSIBILIDADE,FISCALIZAÇÃO,2025-09-22,-13.0,NO PRAZO,-13.0,INSPEÇÃO,OK
2025090619383178,,2025-09-15,10,2025-09-25,METROPOLITANO,REGULAR,20.336.241/0001-13,BUS +,CONSORCIO BUS +,BUS +,Hortolândia,Campinas,ADIANTAMENTO/ATRASO DE VEÍCULO,FISCALIZAÇÃO,2025-09-23,-2.0,NO PRAZO,-2.0,CN,OK
2025090913115984,,2025-09-15,25,2025-10-10,INTERMUNICIPAL,FRETAMENTO,,Emkresade excursão,,,Praia Grande,Jaguariúna,TRANSPORTE CLANDESTINO,FISCALIZAÇÃO,2025-09-29,-11.0,NO PRAZO,-11.0,,OK
2025090818482884,,2025-09-15,10,2025-09-25,INTERMUNICIPAL,,,,,,Amparo,Bragança Paulista,TRANSPORTE CLANDESTINO,FISCALIZAÇÃO,2025-10-03,8.0,ATRASADO,8.0,,OK
2025083115015134,,2025-09-15,10,2025-09-25,INTERMUNICIPAL,REGULAR,61.084.018/0001-03,VIAÇÃO COMETA S/A,VIAÇÃO COMETA S/A,COMETA,Santos,São Paulo,PRESTAÇÃO DE SERVIÇO DA EMPRESA,REGULAR,2025-09-16,-9.0,NO PRAZO,-9.0,TC5,OK
2025083108164523,,2025-09-15,10,2025-09-25,INTERMUNICIPAL,REGULAR,61.084.018/0001-03,VIAÇÃO COMETA S/A,VIAÇÃO COMETA S/A,COMETA,Santos,São Paulo,PRESTAÇÃO DE SERVIÇO DA EMPRESA,REGULAR,2025-09-16,-9.0,NO PRAZO,-9.0,TC5,OK
2025091014241570,,2025-09-15,25,2025-10-10,INTERMUNICIPAL,,,,,,,,TRANSPORTE CLANDESTINO,FISCALIZAÇÃO,2025-10-03,-7.0,NO PRAZO,-7.0,,OK
2025090813185935,,2025-09-16,10,2025-09-26,METROPOLITANO,REGULAR,,,,,,,SOLICITAÇÃO DE INFORMAÇÃO,FRETAMENTO,2025-09-17,-9.0,NO PRAZO,-9.0,,OK
2025090814391669,,2025-09-16,20,2025-10-06,METROPOLITANO,REGULAR,08.351.253/0001-11,INTERNORTE,CONSÓRCIO INTERNORTE DE TRANSPORTES,INTERNORTE,Guarulhos,São Paulo,ADIANTAMENTO/ATRASO DE VEÍCULO,FISCALIZAÇÃO,2025-09-30,-6.0,NO PRAZO,-6.0,SP,OK
2025090901234263,134.00032697/2025-83,2025-09-16,31,2025-10-17,METROPOLITANO,REGULAR,54.360.623/0001-02,PIRACICABANA,VIAÇÃO PIRACICABANA S/A,PIRACICABANA,Praia Grande,Itanhaém,MÁ CONDIÇÃO DE VEÍCULO,FISCALIZAÇÃO,2025-10-11,-6.0,NO PRAZO,-6.0,INSPEÇÃO,OK
2025091107133229,,2025-09-16,20,2025-10-06,METROPOLITANO,REGULAR,,,,,Itaquaquecetuba,,MUDANÇA DE TABELA DE HORÁRIO,REGULAR,2025-09-30,-6.0,NO PRAZO,-6.0,PLANEJAMNETO,OK
2025091022342176,,2025-09-16,25,2025-10-11,METROPOLITANO,REGULAR,,,,,Cunha,Guaratinguetá,TRANSPORTE CLANDESTINO,FISCALIZAÇÃO,2025-09-25,-16.0,NO PRAZO,-16.0,VP,OK
2025091021140486,,2025-09-16,10,2025-09-26,METROPOLITANO,REGULAR,,,,,Cunha,Guaratinguetá,TRANSPORTE CLANDESTINO,FISCALIZAÇÃO,2025-09-25,-1.0,NO PRAZO,-1.0,VP,OK
2025090215555970,,2025-09-16,25,2025-10-11,INTERMUNICIPAL,,,,,,Ubarana,,TRANSPORTE CLANDESTINO,FISCALIZAÇÃO,2025-09-25,-16.0,NO PRAZO,-16.0,,OK
2025090220512191,,2025-09-16,10,2025-09-26,INTERMUNICIPAL,REGULAR,61.084.018/0001-03,VIAÇÃO COMETA S/A,VIAÇÃO COMETA S/A,COMETA,São Paulo,Sorocaba,ADIANTAMENTO/ATRASO DE VEÍCULO,FISCALIZAÇÃO,2025-09-24,-2.0,NO PRAZO,-2.0,,OK
2025090210563958,,2025-09-16,20,2025-10-06,INTERMUNICIPAL,REGULAR,43.377.936/0001-49,JANDAIA TRANSPORTES E TURISMO LTDA,JANDAIA TRANSPORTES E TURISMO LTDA,,Pirapozinho,Presidente Prudente,MÁ CONDIÇÃO DE VEÍCULO,FISCALIZAÇÃO,2025-10-06,0.0,NO PRAZO,0.0,,OK
2025091107242428,,2025-09-17,20,2025-10-07,METROPOLITANO,REGULAR,08.390.180/0001-77,INTERVIAS,CONSÓRCIO INTERVIAS,INTERVIAS,Cotia,São Paulo,ADIANTAMENTO/ATRASO DE VEÍCULO,FISCALIZAÇÃO,2025-09-30,-7.0,NO PRAZO,-7.0,SP,OK
2025090710315144,,2025-09-17,10,2025-09-27,METROPOLITANO,REGULAR,03.600.298/0001-69,OPINIÃO TURISMO,OPINIAO TURISMO E TRANSPORTE COLETIVO LTDA,OPINIAO,,,MÁ CONDUTA DO MOTORISTA,FRETAMENTO,2025-09-18,-9.0,NO PRAZO,-9.0,,OK
2025091306520777,,2025-09-17,25,2025-10-12,INTERMUNICIPAL,,,,,,Presidente Venceslau,Presidente Prudente,TRANSPORTE CLANDESTINO,FISCALIZAÇÃO,2025-10-03,-9.0,NO PRAZO,-9.0,,OK
2025091216471427,,2025-09-17,25,2025-10-12,INTERMUNICIPAL,,,,,,Divinolândia,,TRANSPORTE CLANDESTINO,FISCALIZAÇÃO,2025-10-03,-9.0,NO PRAZO,-9.0,,OK
2025091213273842,,2025-09-17,25,2025-10-12,INTERMUNICIPAL,,,,,,Piraju,Ourinhos,TRANSPORTE CLANDESTINO,FISCALIZAÇÃO,2025-10-03,-9.0,NO PRAZO,-9.0,,OK
2025091207413685,,2025-09-17,10,2025-09-27,INTERMUNICIPAL,,,,,,,,SOLICITAÇÃO DE INFORMAÇÃO,FRETAMENTO,2025-09-18,-9.0,NO PRAZO,-9.0,,OK
2025082518232874,,2025-09-17,10,2025-09-27,INTERMUNICIPAL,REGULAR,51.663.680/0003-26,VIAÇÃO PARATY LTDA,VIAÇÃO PARATY LTDA,,Jaboticabal,Araraquara,MÁ CONDIÇÃO DE VEÍCULO,FISCALIZAÇÃO,2025-09-26,-1.0,NO PRAZO,-1.0,,OK
2025080614092484,,2025-09-17,10,2025-09-27,INTERMUNICIPAL,REGULAR,61.084.018/0001-03,VIAÇÃO COMETA S/A,VIAÇÃO COMETA S/A,COMETA,Santos,São Paulo,PRESTAÇÃO DE SERVIÇO DA EMPRESA,REGULAR,,-45927.0,NO PRAZO,-45927.0,TC5,OK
2025091315202218,134.00032715/2025-27,2025-09-18,20,2025-10-08,METROPOLITANO,REGULAR,08.351.253/0001-11,INTERNORTE,CONSÓRCIO INTERNORTE DE TRANSPORTES,INTERNORTE,Guarulhos,São Paulo,MUDANÇA DE ITINERÁRIO,FISCALIZAÇÃO,2025-10-02,-6.0,NO PRAZO,-6.0,SP,OK
2025091215472120,134.00032984/2025-93,2025-09-18,20,2025-10-08,METROPOLITANO,REGULAR,08.419.802/0001-42,ANHANGUERA,CONSÓRCIO ANHANGUERA,ANHANGUERA,Carapicuíba,São Paulo,MÁ CONDUTA DO MOTORISTA,FISCALIZAÇÃO,2025-10-02,-6.0,NO PRAZO,-6.0,RTO,OK
2025090914090839, 134.00032709/2025-70,2025-09-18,10,2025-09-28,INTERMUNICIPAL,,,,,,Jaboticabal,Pitangueiras,SOLICITAÇÃO DE INFORMAÇÃO,REGULAR,2025-09-22,-6.0,NO PRAZO,-6.0,TC4,OK
2025090517033312, 134.00032743/2025-44,2025-09-18,10,2025-09-28,INTERMUNICIPAL,REGULAR,61.084.018/0001-03,VIAÇÃO COMETA S/A,VIAÇÃO COMETA S/A,COMETA,Sorocaba,,MÁ CONDUTA DE FUNCIONÁRIOS,FISCALIZAÇÃO,2025-09-29,1.0,ATRASADO,1.0,,OK
2025091118085373, 134.00032973/2025-11,2025-09-18,10,2025-09-28,INTERMUNICIPAL,FRETAMENTO,32.086.471/0002-31,Otimiza Transportes e Logística Ltda,OTIMIZA TRANSPORTES E LOGISTICA LTDA,OTIMIZA TRANSPORTES II,,,CADASTRO/RENOVAÇÃO FRETAMENTO,FRETAMENTO,2025-09-25,-3.0,NO PRAZO,-3.0,,OK
2025082211204394, 134.00032975/2025-01,2025-09-18,10,2025-09-28,INTERMUNICIPAL,REGULAR,55.958.318/0001-71,RAPIDO D OESTE LTDA,RAPIDO D OESTE LTDA,,São Paulo,Guarujá,PRESTAÇÃO DE SERVIÇO DA EMPRESA,REGULAR,2025-09-26,-2.0,NO PRAZO,-2.0,TC5,OK
2025082518410912, 134.00032982/2025-02,2025-09-18,10,2025-09-28,INTERMUNICIPAL,REGULAR,61.541.405/0001-21,VIAÇÃO RAPIDO BRASIL S/A,VIAÇÃO RAPIDO BRASIL S/A,,São Paulo,Guarujá,EMBARQUE DE ANIMAL ,REGULAR,2025-09-26,-2.0,NO PRAZO,-2.0,TC5,OK
2025091508331278,134.00033074/2025-28,2025-09-19,35,2025-10-24,METROPOLITANO,REGULAR,21.659.864/0001-90,BR MOBILIDADE,BR MOBILIDADE BAIXADA SANTISTA S.A. - SPE,BR MOBILIDADE,Praia Grande,Santos,MUDANÇA DE TABELA DE HORÁRIO,REGULAR,2025-10-24,0.0,NO PRAZO,0.0,PLANEJAMNETO,OK
2025090414540443, 134.00033075/2025-72,2025-09-19,10,2025-09-29,INTERMUNICIPAL,REGULAR,54.380.399/0001-02,VIAÇÃO ITAQUERI LTDA,VIAÇÃO ITAQUERI LTDA,,Piracicaba,,MUDANÇA DE TABELA DE HORÁRIO,REGULAR,2025-09-29,0.0,NO PRAZO,0.0,PL,OK
2025091420090044, 134.00033073/2025-83,2025-09-19,10,2025-09-29,INTERMUNICIPAL,REGULAR,72.543.978/0001-00,GUERINO SEISCENTO TRANSPORTES S/A,GUERINO SEISCENTO TRANSPORTES S/A,,Queiroz,Tupã,SOLICITAÇÃO DE INFORMAÇÃO,REGULAR,2025-09-29,0.0,NO PRAZO,0.0,TC3,OK
2025090915304821, 134.00033091/2025-65,2025-09-19,25,2025-10-14,INTERMUNICIPAL,REGULAR,55.140.818/0001-00,AUTO VIAÇÃO M.M. SOUZA TURISMO LTDA,AUTO VIAÇÃO M.M. SOUZA TURISMO LTDA,,Presidente Venceslau,Presidente Prudente,TRANSPORTE CLANDESTINO,FISCALIZAÇÃO,2025-10-03,-11.0,NO PRAZO,-11.0,,OK
2025091507130125,134.00033137/2025-46,2025-09-22,10,2025-10-02,METROPOLITANO,REGULAR,46.887.139/0001-08,EXPRESSO AMARELINHO,EXPRESSO AMARELINHO LTDA,EXPRESSO AMARELINHO LTDA,,Sorocaba,MÁ CONDIÇÃO DE VEÍCULO,FISCALIZAÇÃO,2025-10-08,6.0,ATRASADO,6.0,SB,OK
2025090512273829,134.00033154/2025-83,2025-09-22,20,2025-10-12,METROPOLITANO,REGULAR,08.419.802/0001-42,ANHANGUERA,CONSÓRCIO ANHANGUERA,ANHANGUERA,São Paulo,Osasco,SUPERLOTAÇÃO DE ÔNIBUS,FISCALIZAÇÃO,2025-10-10,-2.0,NO PRAZO,-2.0,PLANEJAMNETO,OK
2025091709401942,134.00033160/2025-31,2025-09-22,10,2025-10-02,METROPOLITANO,REGULAR,45.992.724/0001-05,RAPIDO CAMPINAS,RAPIDO LUXO CAMPINAS LTDA,RAPIDO CAMPINAS,Iperó,Sorocaba,ADIANTAMENTO/ATRASO DE VEÍCULO,FISCALIZAÇÃO,2025-10-07,5.0,ATRASADO,5.0,SB,OK
2025091715323574,134.00033240/2025-96,2025-09-22,10,2025-10-02,METROPOLITANO,REGULAR,21.659.864/0001-90,BR MOBILIDADE,BR MOBILIDADE BAIXADA SANTISTA S.A. - SPE,BR MOBILIDADE,,,PRESTAÇÃO DE SERVIÇO DA EMPRESA,FISCALIZAÇÃO,2025-10-02,0.0,NO PRAZO,0.0,BS,OK
2025091816173562,134.00033242/2025-85,2025-09-22,10,2025-10-02,METROPOLITANO,REGULAR,08.390.180/0001-77,INTERVIAS,CONSÓRCIO INTERVIAS,INTERVIAS,Cotia,Cotia,ADIANTAMENTO/ATRASO DE VEÍCULO,FISCALIZAÇÃO,2025-10-02,0.0,NO PRAZO,0.0,SP,OK
2025091816125911,134.00033250/2025-21,2025-09-22,10,2025-10-02,METROPOLITANO,REGULAR,40.181.203/0001-46,NEXTMOBILIDADE,ABC SISTEMA DE TRANSPORTE SPE S.A.,NEXTMOBILIDADE,Ribeirão Pires,Santo André,MUDANÇA DE TABELA DE HORÁRIO,REGULAR,2025-09-25,-7.0,NO PRAZO,-7.0,PLANEJAMNETO,OK
2025091909351164,134.00033254/2025-18,2025-09-22,10,2025-10-02,METROPOLITANO,REGULAR,08.351.253/0001-11,INTERNORTE,CONSÓRCIO INTERNORTE DE TRANSPORTES,INTERNORTE,Guarulhos,São Paulo,PRESTAÇÃO DE SERVIÇO DA EMPRESA,REGULAR,2025-09-25,-7.0,NO PRAZO,-7.0,PLANEJAMNETO,OK
2025091808421287,134.00033261/2025-10,2025-09-22,10,2025-10-02,METROPOLITANO,REGULAR,,,,,,,MÁ CONDUTA DO MOTORISTA,FISCALIZAÇÃO,2025-10-02,0.0,NO PRAZO,0.0,RTO,OK
2025091810050752,134.00033262/2025-56,2025-09-22,10,2025-10-02,METROPOLITANO,REGULAR,,,,,,,MÁ CONDUTA DO MOTORISTA,FISCALIZAÇÃO,2025-10-02,0.0,NO PRAZO,0.0,RTO,OK
2025091511405911, 134.00033142/2025-59,2025-09-22,10,2025-10-02,INTERMUNICIPAL,REGULAR,21.966.029/0001-00,PORTO DE REGISTRO TRANSPORTES LTDA,PORTO DE REGISTRO TRANSPORTES LTDA,,Pariquera-Açu,,PRESTAÇÃO DE SERVIÇO DA EMPRESA,REGULAR,2025-09-23,-9.0,NO PRAZO,-9.0,PL,OK
2025091211074526, 134.00033164/2025-19,2025-09-22,10,2025-10-02,INTERMUNICIPAL,,,,,,,,SOLICITAÇÃO DE INFORMAÇÃO,FRETAMENTO,2025-09-29,-3.0,NO PRAZO,-3.0,,OK
2025091818440118,134.00033272/2025-91,2025-09-23,10,2025-10-03,METROPOLITANO,REGULAR,08.351.253/0001-11,INTERNORTE,CONSÓRCIO INTERNORTE DE TRANSPORTES,INTERNORTE,Guarulhos,São Paulo,MUDANÇA DE ITINERÁRIO,REGULAR,2025-09-25,-8.0,NO PRAZO,-8.0,PLANEJAMNETO,OK
2025091815594579,134.00033274/2025-81,2025-09-23,10,2025-10-03,METROPOLITANO,REGULAR,45.992.724/0001-05,RAPIDO CAMPINAS,RAPIDO LUXO CAMPINAS LTDA,RAPIDO CAMPINAS,Alumínio,São Roque,ADIANTAMENTO/ATRASO DE VEÍCULO,FISCALIZAÇÃO,2025-09-29,-4.0,NO PRAZO,-4.0,CN,OK
2025091917581346,134.00033277/2025-14,2025-09-23,10,2025-10-03,METROPOLITANO,REGULAR,08.390.180/0001-77,INTERVIAS,CONSÓRCIO INTERVIAS,INTERVIAS,Itapecerica da Serra,São Paulo,MUDANÇA DE TABELA DE HORÁRIO,REGULAR,2025-09-25,-8.0,NO PRAZO,-8.0,PLANEJAMNETO,OK
2025091920492376,134.00033281/2025-82,2025-09-23,10,2025-10-03,METROPOLITANO,REGULAR,08.351.253/0001-11,INTERNORTE,CONSÓRCIO INTERNORTE DE TRANSPORTES,INTERNORTE,Guarulhos,São Paulo,MUDANÇA DE ITINERÁRIO,REGULAR,2025-09-25,-8.0,NO PRAZO,-8.0,PLANEJAMNETO,OK
2025091814494678,134.00033285/2025-61,2025-09-23,10,2025-10-03,METROPOLITANO,REGULAR,61.563.557/0001-25,PASSARO MARRON,EMPRESA DE ÔNIBUS PASSARO MARRON S/A,PASSARO MARRON,Caçapava,Taubaté,SUPERLOTAÇÃO DE ÔNIBUS,FISCALIZAÇÃO,2025-10-03,0.0,NO PRAZO,0.0,VP,OK
2025092309235719,134.00033396/2025-77,2025-09-23,31,2025-10-24,METROPOLITANO,REGULAR,,,,,,,SOLICITAÇÃO DE INFORMAÇÃO,FISCALIZAÇÃO,2025-10-24,0.0,NO PRAZO,0.0,RTO,OK
2025091920201811,134.00033398/2025-66,2025-09-23,10,2025-10-03,METROPOLITANO,REGULAR,,,,,,,TRANSPORTE CLANDESTINO,FISCALIZAÇÃO,2025-10-02,-1.0,NO PRAZO,-1.0,RTO,OK
2025091206333628, 134.00033278/2025-69,2025-09-23,20,2025-10-13,INTERMUNICIPAL,REGULAR,61.084.018/0001-03,VIAÇÃO COMETA S/A,VIAÇÃO COMETA S/A,COMETA,Sorocaba,São Paulo,MÁ CONDIÇÃO DE VEÍCULO,FISCALIZAÇÃO,2025-10-06,-7.0,NO PRAZO,-7.0,,OK
2025091114061157, 134.00033390/2025-08,2025-09-23,10,2025-10-03,INTERMUNICIPAL,REGULAR,72.543.978/0001-00,GUERINO SEISCENTO TRANSPORTES S/A,GUERINO SEISCENTO TRANSPORTES S/A,,,,CARACTERÍSTICAS DO VEÍCULO,FRETAMENTO,2025-10-01,-2.0,NO PRAZO,-2.0,,OK
2025090508194024, 134.00033401/2025-41,2025-09-23,25,2025-10-18,INTERMUNICIPAL,,,,,,Presidente Venceslau,Presidente Prudente,TRANSPORTE CLANDESTINO,FISCALIZAÇÃO,2025-10-03,-15.0,NO PRAZO,-15.0,,OK
2025092118162767,134.00033418/2025-07,2025-09-24,30,2025-10-29,METROPOLITANO,REGULAR,46.887.139/0001-08,EXPRESSO AMARELINHO,EXPRESSO AMARELINHO LTDA,EXPRESSO AMARELINHO LTDA,Votorantim,Sorocaba,MUDANÇA DE ITINERÁRIO,REGULAR,2025-10-30,1.0,ATRASADO,1.0,GINV SUGERIU ENCAMINHAMENTO AO GPLA,OK
2025092216044443,134.00033419/2025-43,2025-09-24,10,2025-10-04,METROPOLITANO,REGULAR,08.390.180/0001-77,INTERVIAS,CONSÓRCIO INTERVIAS,INTERVIAS,Cotia,São Paulo,PRESTAÇÃO DE SERVIÇO DA EMPRESA,FISCALIZAÇÃO,2025-09-29,-5.0,NO PRAZO,-5.0,SP,OK
2025092220462146,134.00033434/2025-91,2025-09-24,10,2025-10-04,METROPOLITANO,REGULAR,,,,,São José dos Campos,Jacareí,SOLICITAÇÃO FRETAMENTO,FRETAMENTO,2025-10-03,-1.0,NO PRAZO,-1.0,,OK
2025092321111513,134.00033468/2025-86,2025-09-24,20,2025-10-14,METROPOLITANO,REGULAR,08.325.415/0001-47,UNILESTE,CONSÓRCIO UNILESTE,UNILESTE,Guararema,Mogi das Cruzes,MUDANÇA DE TABELA DE HORÁRIO,REGULAR,2025-10-07,-7.0,NO PRAZO,-7.0,PLANEJAMNETO,OK
2025092415190973,,2025-09-24,10,2025-10-04,METROPOLITANO,REGULAR,,RAPOSO TAVARES,,,Cotia,São Paulo,ACESSIBILIDADE,FISCALIZAÇÃO,2025-09-26,-8.0,NO PRAZO,-8.0,INSPEÇÃO,OK
2025092416265269,134.00033836/2025-96,2025-09-24,10,2025-10-04,METROPOLITANO,REGULAR,21.659.864/0001-90,BR MOBILIDADE,BR MOBILIDADE BAIXADA SANTISTA S.A. - SPE,BR MOBILIDADE,São Vicente,,MUDANÇA DE ITINERÁRIO,REGULAR,2025-10-06,2.0,ATRASADO,2.0,PLANEJAMNETO,OK
2025092102051161,134.00033884/2025-84,2025-09-25,20,2025-10-15,METROPOLITANO,REGULAR,08.419.802/0001-42,ANHANGUERA,CONSÓRCIO ANHANGUERA,ANHANGUERA,Carapicuíba,,MÁ CONDUTA DE FUNCIONÁRIOS,FISCALIZAÇÃO,2025-10-15,0.0,NO PRAZO,0.0,SP,OK
2025092511304271,134.00033892/2025-21,2025-09-25,20,2025-10-15,METROPOLITANO,REGULAR,72.302.409/0001-73,EXPRESSO REDENÇÃO,EXPRESSO REDENCAO TRANSPORTES E TURISMO LTDA,EXPRESSO REDENÇÃO,Ubatuba,Taubaté,BENEFÍCIO DO ESTUDANTE,FISCALIZAÇÃO,2025-10-09,-6.0,NO PRAZO,-6.0,VP,OK
2025092514120272,134.00033897/2025-53,2025-09-25,29,2025-10-24,METROPOLITANO,REGULAR,20.336.241/0001-13,BUS +,CONSORCIO BUS +,BUS +,Campinas,Hortolândia,MUDANÇA DE ITINERÁRIO,REGULAR,2025-10-22,-2.0,NO PRAZO,-2.0,PLANEJAMNETO,OK
2025092513063576,134.00033893/2025-75,2025-09-25,20,2025-10-15,METROPOLITANO,REGULAR,45.992.724/0001-05,RAPIDO CAMPINAS,RAPIDO LUXO CAMPINAS LTDA,RAPIDO CAMPINAS,Sorocaba,São Roque,MÁ CONDIÇÃO DE VEÍCULO,FISCALIZAÇÃO,2025-10-08,-7.0,NO PRAZO,-7.0,SB,OK
2025091618550395, 134.00033843/2025-98,2025-09-25,10,2025-10-05,INTERMUNICIPAL,REGULAR,61.084.018/0001-03,VIAÇÃO COMETA S/A,VIAÇÃO COMETA S/A,COMETA,Campinas,Araraquara,REEMBOLSO DE PASSAGEM ,REGULAR,2025-10-03,-2.0,NO PRAZO,-2.0,TC4,OK
2025062710035119, 134.00033874/2025-49,2025-09-25,20,2025-10-15,INTERMUNICIPAL,REGULAR,66.473.554/0002-03,VIAÇÃO GUAXUPE LTDA,VIAÇÃO GUAXUPE LTDA,,Aguaí,,MUDANÇA DE TABELA DE HORÁRIO,REGULAR,2025-10-15,0.0,NO PRAZO,0.0,TC1,OK
2025070715422473, 134.00033876/2025-38,2025-09-25,20,2025-10-15,INTERMUNICIPAL,REGULAR,07.022.473/0001-39,RAPIDO FENIX VIAÇÃO LTDA,RAPIDO FENIX VIAÇÃO LTDA,,Jundiaí,São Paulo,REEMBOLSO DE PASSAGEM ,REGULAR,2025-10-13,-2.0,NO PRAZO,-2.0,TC1,OK
2025071210151727, 134.00033878/2025-27,2025-09-25,10,2025-10-05,INTERMUNICIPAL,REGULAR,07.022.473/0001-39,RAPIDO FENIX VIAÇÃO LTDA,RAPIDO FENIX VIAÇÃO LTDA,,Águas de Lindóia,São Paulo,MÁ CONDIÇÃO DE VEÍCULO,FISCALIZAÇÃO,2025-10-06,1.0,ATRASADO,1.0,,OK
2025091713181390, 134.00033885/2025-29,2025-09-25,10,2025-10-05,INTERMUNICIPAL,REGULAR,55.334.262/0001-84,EMPRESA DE TRANSPORTES ANDORINHA S/A,EMPRESA DE TRANSPORTES ANDORINHA S/A,,Presidente Prudente,,SUPERLOTAÇÃO DE ÔNIBUS,FISCALIZAÇÃO,2025-10-06,1.0,ATRASADO,1.0,,OK
2025092513063576, 134.00033893/2025-75,2025-09-25,10,2025-10-05,INTERMUNICIPAL,REGULAR,45.992.724/0001-05,RAPIDO LUXO CAMPINAS LTDA,RAPIDO LUXO CAMPINAS LTDA,RAPIDO CAMPINAS,Sorocaba,São Roque,MÁ CONDIÇÃO DE VEÍCULO,FISCALIZAÇÃO,2025-10-07,2.0,ATRASADO,2.0,,OK
2025092217211416,134.00034027/2025-00,2025-09-26,28,2025-10-24,METROPOLITANO,REGULAR,,,,,Barueri,,MÁ CONDUTA DO MOTORISTA,FISCALIZAÇÃO,2025-10-23,-1.0,NO PRAZO,-1.0,RTO,OK
2025092309465433,134.00034030/2025-15,2025-09-26,10,2025-10-06,METROPOLITANO,REGULAR,,,,,,,SOLICITAÇÃO DE INFORMAÇÃO,FRETAMENTO,2025-09-29,-7.0,NO PRAZO,-7.0,,OK
2025090615473561, 134.00033925/2025-32,2025-09-26,20,2025-10-16,INTERMUNICIPAL,REGULAR,44.944.577/0001-27,VIAÇÃO SÃO BENTO LTDA,VIAÇÃO SÃO BENTO LTDA,,Batatais,Ribeirão Preto,MÁ CONDIÇÃO DE VEÍCULO,FISCALIZAÇÃO,2025-10-17,1.0,ATRASADO,1.0,,OK
2025092217001917, 134.00034026/2025-57,2025-09-26,20,2025-10-16,INTERMUNICIPAL,REGULAR,59.965.038/0001-41,EXPRESSO ITAMARATI S/A,EXPRESSO ITAMARATI S/A,,Araras,Rio Claro,MUDANÇA DE TABELA DE HORÁRIO,REGULAR,2025-10-13,-3.0,NO PRAZO,-3.0,PL,OK
2025092307344443,134.00034072/2025-56,2025-09-29,10,2025-10-09,METROPOLITANO,REGULAR,08.390.180/0001-77,INTERVIAS,CONSÓRCIO INTERVIAS,INTERVIAS,Embu das Artes,São Paulo,MÁ CONDIÇÃO DE VEÍCULO,FISCALIZAÇÃO,2025-10-03,-6.0,NO PRAZO,-6.0,INSPEÇÃO,OK
2025092907524985,134.00034082/2025-91,2025-09-29,10,2025-10-09,METROPOLITANO,REGULAR,08.351.253/0001-11,INTERNORTE,CONSÓRCIO INTERNORTE DE TRANSPORTES,INTERNORTE,Guarulhos,São Paulo,MUDANÇA DE ITINERÁRIO,FISCALIZAÇÃO,2025-10-01,-8.0,NO PRAZO,-8.0,SP,OK
2025092310181958,134.00034083/2025-36,2025-09-29,25,2025-10-24,METROPOLITANO,REGULAR,61.563.557/0001-25,PASSARO MARRON,EMPRESA DE ÔNIBUS PASSARO MARRON S/A,PASSARO MARRON,Pindamonhangaba,São José dos Campos,TRANSPORTE CLANDESTINO,FISCALIZAÇÃO,2025-10-07,-17.0,NO PRAZO,-17.0,VP,OK
2025092816293746,134.00034276/2025-97,2025-09-29,10,2025-10-09,METROPOLITANO,REGULAR,08.390.180/0001-77,INTERVIAS,CONSÓRCIO INTERVIAS,INTERVIAS,Taboão da Serra,São Paulo,MUDANÇA DE ITINERÁRIO,REGULAR,2025-10-03,-6.0,NO PRAZO,-6.0,PLANEJAMNETO,OK
2025092215030673, 134.00034073/2025-09,2025-09-29,10,2025-10-09,INTERMUNICIPAL,REGULAR,59.965.038/0001-41,EXPRESSO ITAMARATI S/A,EXPRESSO ITAMARATI S/A,,Araras,Rio Claro,MUDANÇA DE TABELA DE HORÁRIO,REGULAR,,-45939.0,NO PRAZO,-45939.0,PL,OK
2025092214413868, 134.00034076/2025-34,2025-09-29,10,2025-10-09,INTERMUNICIPAL,REGULAR,59.965.038/0001-41,EXPRESSO ITAMARATI S/A,EXPRESSO ITAMARATI S/A,,Araras,Rio Claro,MUDANÇA DE TABELA DE HORÁRIO,REGULAR,2025-10-01,-8.0,NO PRAZO,-8.0,PL,OK
2025092214404056, 134.00034079/2025-78,2025-09-29,10,2025-10-09,INTERMUNICIPAL,REGULAR,59.965.038/0001-41,EXPRESSO ITAMARATI S/A,EXPRESSO ITAMARATI S/A,,Araras,Rio Claro,MUDANÇA DE TABELA DE HORÁRIO,REGULAR,2025-10-01,-8.0,NO PRAZO,-8.0,PL,OK
2025092214235273, 134.00034080/2025-01,2025-09-29,10,2025-10-09,INTERMUNICIPAL,REGULAR,59.965.038/0001-41,EXPRESSO ITAMARATI S/A,EXPRESSO ITAMARATI S/A,,Araras,Rio Claro,MUDANÇA DE TABELA DE HORÁRIO,REGULAR,2025-10-01,-8.0,NO PRAZO,-8.0,PL,OK
2025092214051712, 134.00034081/2025-47,2025-09-29,10,2025-10-09,INTERMUNICIPAL,REGULAR,59.965.038/0001-41,EXPRESSO ITAMARATI S/A,EXPRESSO ITAMARATI S/A,,Araras,Rio Claro,MUDANÇA DE TABELA DE HORÁRIO,REGULAR,2025-10-01,-8.0,NO PRAZO,-8.0,PL,OK
2025091915161642, 134.00034281/2025-08,2025-09-29,10,2025-10-09,INTERMUNICIPAL,,,,,,Limeira,Americana,TRANSPORTE CLANDESTINO,FISCALIZAÇÃO,2025-10-06,-3.0,NO PRAZO,-3.0,,OK
2025080506090219,134.00034392/2025-14,2025-09-30,6,2025-10-06,METROPOLITANO,REGULAR,08.390.180/0001-77,INTERVIAS,CONSÓRCIO INTERVIAS,INTERVIAS,Embu das Artes,Taboão da Serra,MUDANÇA DE TABELA DE HORÁRIO,REGULAR,2025-10-03,-3.0,NO PRAZO,-3.0,PLANEJAMNETO,OK
2025082318061662,134.00034578/2025-65,2025-09-30,10,2025-10-10,METROPOLITANO,REGULAR,08.390.180/0001-77,INTERVIAS,CONSÓRCIO INTERVIAS,INTERVIAS,Cotia,Cotia,MÁ CONDUTA DO MOTORISTA,FISCALIZAÇÃO,2025-10-03,-7.0,NO PRAZO,-7.0,SP,OK
2025082618514995, 134.00034402/2025-11,2025-09-30,15,2025-10-15,INTERMUNICIPAL,REGULAR,45.992.724/0001-05,RAPIDO LUXO CAMPINAS LTDA,RAPIDO LUXO CAMPINAS LTDA,RAPIDO CAMPINAS,Cajamar,Franco da Rocha,SUPERLOTAÇÃO DE ÔNIBUS,FISCALIZAÇÃO,2025-10-15,0.0,NO PRAZO,0.0,,OK
2025072407410974, 134.00034514/2025-64,2025-09-30,10,2025-10-10,INTERMUNICIPAL,REGULAR,44.944.577/0001-27,VIAÇÃO SÃO BENTO LTDA,VIAÇÃO SÃO BENTO LTDA,,Serrana,Ribeirão Preto,BENEFÍCIO DO ESTUDANTE,REGULAR,2025-10-16,6.0,ATRASADO,6.0,TC1,OK
2025072823543454, 134.00034519/2025-97,2025-09-30,24,2025-10-24,INTERMUNICIPAL,REGULAR,50.479.476/0001-25,VIAÇÃO JACAREI LTDA,VIAÇÃO JACAREI LTDA,JACAREI,Jacareí,Santa Isabel,PRESTAÇÃO DE SERVIÇO DA EMPRESA,REGULAR,2025-10-29,5.0,ATRASADO,5.0,PL TC5,OK
2025062710035119, 134.00034523/2025-55,2025-09-30,10,2025-10-10,INTERMUNICIPAL,REGULAR,66.473.554/0002-03,VIAÇÃO GUAXUPE LTDA,VIAÇÃO GUAXUPE LTDA,,Aguaí,,MUDANÇA DE TABELA DE HORÁRIO,REGULAR,2025-10-16,6.0,ATRASADO,6.0,TC1,OK
2025072913152728, 134.00034526/2025-99,2025-09-30,10,2025-10-10,INTERMUNICIPAL,REGULAR,66.473.554/0002-03,VIAÇÃO GUAXUPE LTDA,VIAÇÃO GUAXUPE LTDA,,Aguaí,,MUDANÇA DE TABELA DE HORÁRIO,REGULAR,2025-10-17,7.0,ATRASADO,7.0,TC1,OK
2025073007510679, 134.00034529/2025-22,2025-09-30,17,2025-10-17,INTERMUNICIPAL,REGULAR,07.022.473/0001-39,RAPIDO FENIX VIAÇÃO LTDA,RAPIDO FENIX VIAÇÃO LTDA,,Bragança Paulista,Campinas,MÁ CONDIÇÃO DE VEÍCULO,FISCALIZAÇÃO,2025-10-17,0.0,NO PRAZO,0.0,,OK
2025073118402428, 134.00034535/2025-80,2025-09-30,10,2025-10-10,INTERMUNICIPAL,REGULAR,44.993.632/0001-79,EMPRESAS REUNIDAS PAULISTA DE TRANSPORTES LTDA,EMPRESAS REUNIDAS PAULISTA DE TRANSPORTES LTDA,,,,GRATUIDADE DE IDOSOS,REGULAR,2025-10-17,7.0,ATRASADO,7.0,TC3,OK
2025080108580365, 134.00034543/2025-26,2025-09-30,10,2025-10-10,INTERMUNICIPAL,REGULAR,68.260.371/0001-46,RAPIDO SUMARE LTDA,RAPIDO SUMARE LTDA,RAPIDO SUMARE,São Paulo,Hortolândia,GRATUIDADE DE IDOSOS,REGULAR,2025-10-16,6.0,ATRASADO,6.0,TC1,OK
2025080111261643, 134.00034551/2025-72,2025-09-30,17,2025-10-17,INTERMUNICIPAL,REGULAR,07.022.473/0001-39,RAPIDO FENIX VIAÇÃO LTDA,RAPIDO FENIX VIAÇÃO LTDA,,Amparo,Campinas,MÁ CONDIÇÃO DE VEÍCULO,FISCALIZAÇÃO,2025-10-17,0.0,NO PRAZO,0.0,,OK
2025080111291431, 134.00034553/2025-61,2025-09-30,17,2025-10-17,INTERMUNICIPAL,REGULAR,07.022.473/0001-39,RAPIDO FENIX VIAÇÃO LTDA,RAPIDO FENIX VIAÇÃO LTDA,,Amparo,Campinas,MÁ CONDIÇÃO DE VEÍCULO,FISCALIZAÇÃO,2025-10-17,0.0,NO PRAZO,0.0,,OK
2025082217151183, 134.00034584/2025-12,2025-09-30,10,2025-10-10,INTERMUNICIPAL,REGULAR,68.260.371/0001-46,RAPIDO SUMARE LTDA,RAPIDO SUMARE LTDA,RAPIDO SUMARE,São Paulo,Hortolândia,GRATUIDADE DE IDOSOS,REGULAR,2025-10-16,6.0,ATRASADO,6.0,TC1,OK
2025090909514167, 134.00034591/2025-14,2025-09-30,10,2025-10-10,INTERMUNICIPAL,REGULAR,59.965.038/0001-41,EXPRESSO ITAMARATI S/A,EXPRESSO ITAMARATI S/A,,Fernandópolis,Ribeirão Preto,PRESTAÇÃO DE SERVIÇO DA EMPRESA,REGULAR,2025-10-11,1.0,ATRASADO,1.0,TC4,OK
2025092711103883,134.00034743/2025-89,2025-10-01,10,2025-10-11,METROPOLITANO,REGULAR,40.181.203/0001-46,NEXTMOBILIDADE,ABC SISTEMA DE TRANSPORTE SPE S.A.,NEXTMOBILIDADE,São Bernardo do Campo,São Paulo,SUGESTÃO,FISCALIZAÇÃO,2025-10-13,2.0,ATRASADO,2.0,PLANEJAMNETO,OK
2025090519513915, 134.00034720/2025-74,2025-10-01,20,2025-10-21,INTERMUNICIPAL,FRETAMENTO,58.565.771/0001-06,LIRABUS,VIAÇÃO LIRA LTDA,LIRABUSS,Limeira,,PRESTAÇÃO DE SERVIÇO DA EMPRESA,REGULAR,2025-10-16,-5.0,NO PRAZO,-5.0,TC1,OK
2025092219312515, 134.00034730/2025-18,2025-10-01,10,2025-10-11,INTERMUNICIPAL,REGULAR,51.663.680/0003-26,VIAÇÃO PARATY LTDA,VIAÇÃO PARATY LTDA,,São Carlos,Itirapina,ADIANTAMENTO/ATRASO DE VEÍCULO,FISCALIZAÇÃO,2025-10-11,0.0,NO PRAZO,0.0,,OK
2025091707415115, 134.00034736/2025-87,2025-10-01,10,2025-10-11,INTERMUNICIPAL,FRETAMENTO,46.014.122/0001-38,VB TRANSPORTES E TURISMO LTDA,VB TRANSPORTES E TURISMO LTDA,VB TRANSPORTES E TURISMO,Piracicaba,Rio Claro,ADIANTAMENTO/ATRASO DE VEÍCULO,FISCALIZAÇÃO,2025-10-09,-2.0,NO PRAZO,-2.0,,OK
2025092315041444, 134.00034747/2025-67,2025-10-01,10,2025-10-11,INTERMUNICIPAL,REGULAR,13.245.713/0001-67,VIASOL TRANSPORTES RODOVIÁRIOS LTDA.,VIASOL TRANSPORTES RODOVIÁRIOS LTDA.,,Araras,Ribeirão Preto,MUDANÇA DE TABELA DE HORÁRIO,REGULAR,2025-10-13,2.0,ATRASADO,2.0,PL,OK
2025092615544566, 134.00034752/2025-70,2025-10-01,10,2025-10-11,INTERMUNICIPAL,,,,,,Presidente Prudente,Presidente Venceslau,TRANSPORTE CLANDESTINO,FISCALIZAÇÃO,2025-10-03,-8.0,NO PRAZO,-8.0,,OK
2025091811200167, 134.00034756/2025-58,2025-10-01,20,2025-10-21,INTERMUNICIPAL,REGULAR,61.084.018/0001-03,VIAÇÃO COMETA S/A,VIAÇÃO COMETA S/A,COMETA,Barueri,,MUDANÇA DE ITINERÁRIO,REGULAR,2025-10-16,-5.0,NO PRAZO,-5.0,PL,OK
2025091916191197, 134.00034767/2025-38,2025-10-01,10,2025-10-11,INTERMUNICIPAL,,,,,,,,MULTA,FISCALIZAÇÃO,2025-10-09,-2.0,NO PRAZO,-2.0,,OK
2025091807535051, 134.00034791/2025-77,2025-10-01,10,2025-10-11,INTERMUNICIPAL,REGULAR,61.084.018/0001-03,VIAÇÃO COMETA S/A,VIAÇÃO COMETA S/A,COMETA,Sorocaba,São Paulo,NÃO PARADA DO VEÍCULO NO PONTO,REGULAR,2025-10-13,2.0,ATRASADO,2.0,TC2,OK
2025100211574150,134.00035115/2025-11,2025-10-02,20,2025-10-22,METROPOLITANO,REGULAR,,,,,,,SOLICITAÇÃO DE INFORMAÇÃO,FISCALIZAÇÃO,2025-10-23,1.0,ATRASADO,1.0,RTO,OK
2025100210432717,134.00035128/2025-90,2025-10-02,20,2025-10-22,METROPOLITANO,REGULAR,45.992.724/0001-05,RAPIDO CAMPINAS,RAPIDO LUXO CAMPINAS LTDA,RAPIDO CAMPINAS,Iperó,,MÁ CONDIÇÃO DE VEÍCULO,REGULAR,2025-10-15,-7.0,NO PRAZO,-7.0,PLANEJAMNETO,OK
2025093007515062,134.00035127/2025-45,2025-10-02,10,2025-10-12,METROPOLITANO,REGULAR,08.351.253/0001-11,INTERNORTE,CONSÓRCIO INTERNORTE DE TRANSPORTES,INTERNORTE,Guarulhos,São Paulo,ADIANTAMENTO/ATRASO DE VEÍCULO,REGULAR,2025-10-09,-3.0,NO PRAZO,-3.0,PLANEJAMNETO,OK
2025082213323145, 134.00035124/2025-10,2025-10-02,10,2025-10-12,INTERMUNICIPAL,REGULAR,45.992.724/0001-05,RAPIDO LUXO CAMPINAS LTDA,RAPIDO LUXO CAMPINAS LTDA,RAPIDO CAMPINAS,Jundiaí,Itupeva,SUPERLOTAÇÃO DE ÔNIBUS,FISCALIZAÇÃO,2025-10-16,4.0,ATRASADO,4.0,,OK
2025090107263975, 134.00035123/2025-67,2025-10-02,10,2025-10-12,INTERMUNICIPAL,REGULAR,45.992.724/0001-05,RAPIDO LUXO CAMPINAS LTDA,RAPIDO LUXO CAMPINAS LTDA,RAPIDO CAMPINAS,Várzea Paulista,,ADIANTAMENTO/ATRASO DE VEÍCULO,FISCALIZAÇÃO,2025-10-15,3.0,ATRASADO,3.0,,OK
2025091019361651, 134.00035122/2025-12,2025-10-02,10,2025-10-12,INTERMUNICIPAL,REGULAR,45.992.724/0001-05,RAPIDO LUXO CAMPINAS LTDA,RAPIDO LUXO CAMPINAS LTDA,RAPIDO CAMPINAS,Jundiaí,,ADIANTAMENTO/ATRASO DE VEÍCULO,FISCALIZAÇÃO,2025-10-15,3.0,ATRASADO,3.0,,OK
2025090918025264, 134.00035121/2025-78,2025-10-02,10,2025-10-12,INTERMUNICIPAL,REGULAR,45.992.724/0001-05,RAPIDO LUXO CAMPINAS LTDA,RAPIDO LUXO CAMPINAS LTDA,RAPIDO CAMPINAS,Campo Limpo Paulista,,ADIANTAMENTO/ATRASO DE VEÍCULO,FISCALIZAÇÃO,2025-10-07,-5.0,NO PRAZO,-5.0,,OK
2025091807263417, 134.00035120/2025-23,2025-10-02,22,2025-10-24,INTERMUNICIPAL,REGULAR,45.992.724/0001-05,RAPIDO LUXO CAMPINAS LTDA,RAPIDO LUXO CAMPINAS LTDA,RAPIDO CAMPINAS,Cabreúva,Jacareí,ADIANTAMENTO/ATRASO DE VEÍCULO,FISCALIZAÇÃO,2025-10-21,-3.0,NO PRAZO,-3.0,,OK
2025091908272159, 134.00035119/2025-07,2025-10-02,10,2025-10-12,INTERMUNICIPAL,REGULAR,45.992.724/0001-05,RAPIDO LUXO CAMPINAS LTDA,RAPIDO LUXO CAMPINAS LTDA,RAPIDO CAMPINAS,Cabreúva,Jacareí,MÁ CONDIÇÃO DE VEÍCULO,FISCALIZAÇÃO,2025-10-07,-5.0,NO PRAZO,-5.0,,OK
2025091909051611, 134.00035118/2025-54,2025-10-02,10,2025-10-12,INTERMUNICIPAL,REGULAR,58.565.771/0001-06,VIAÇÃO LIRA LTDA,VIAÇÃO LIRA LTDA,LIRABUSS,Cabreúva,,ADIANTAMENTO/ATRASO DE VEÍCULO,FISCALIZAÇÃO,2025-10-07,-5.0,NO PRAZO,-5.0,,OK
2025091911135121, 134.00035117/2025-18,2025-10-02,10,2025-10-12,INTERMUNICIPAL,REGULAR,45.992.724/0001-05,RAPIDO LUXO CAMPINAS LTDA,RAPIDO LUXO CAMPINAS LTDA,RAPIDO CAMPINAS,Cabreúva,,MÁ CONDIÇÃO DE VEÍCULO,FISCALIZAÇÃO,2025-10-07,-5.0,NO PRAZO,-5.0,,OK
2025092019450712, 134.00035114/2025-76,2025-10-02,22,2025-10-24,INTERMUNICIPAL,REGULAR,61.586.160/0001-59,ELUX S.S. EXPRESSO LUXO SAO PAULO SANTOS LTDA,ELUX S.S. EXPRESSO LUXO SAO PAULO SANTOS LTDA,EXPRESSO LUXO,Santos,,TRANSPORTE CLANDESTINO,FISCALIZAÇÃO,2025-10-21,-3.0,NO PRAZO,-3.0,,OK
2025082517312957, 134.00035116/2025-65,2025-10-02,10,2025-10-12,INTERMUNICIPAL,FRETAMENTO,46.014.122/0001-38,VB TRANSPORTES E TURISMO LTDA,VB TRANSPORTES E TURISMO LTDA,VB TRANSPORTES E TURISMO,São Paulo,,GRATUIDADE DE IDOSOS,REGULAR,2025-10-06,-6.0,NO PRAZO,-6.0,TC1,OK
2025092910043592, 134.00035126/2025-09,2025-10-02,10,2025-10-12,INTERMUNICIPAL,REGULAR,13.245.713/0001-67,VIASOL TRANSPORTES RODOVIÁRIOS LTDA.,VIASOL TRANSPORTES RODOVIÁRIOS LTDA.,,Araras,Rio Claro,MUDANÇA DE TABELA DE HORÁRIO,REGULAR,2025-10-13,1.0,ATRASADO,1.0,PL,OK
2025082116305912, 134.00035125/2025-56,2025-10-02,10,2025-10-12,INTERMUNICIPAL,REGULAR,45.992.724/0001-05,RAPIDO LUXO CAMPINAS LTDA,RAPIDO LUXO CAMPINAS LTDA,RAPIDO CAMPINAS,Indaiatuba,Itupeva,MUDANÇA DE TABELA DE HORÁRIO,REGULAR,2025-10-13,1.0,ATRASADO,1.0,PL,OK
2025100208003677,134.00035131/2025-11,2025-10-03,10,2025-10-13,METROPOLITANO,REGULAR,56.775.935/0001-02,SANTA BRANCA,SANTA BRANCA TRANSPORTES LTDA,SANTA BRANCA,Santa Branca,Jacareí,ADIANTAMENTO/ATRASO DE VEÍCULO,FISCALIZAÇÃO,2025-10-09,-4.0,NO PRAZO,-4.0,VP,OK
2025100310330076,134.00035138/2025-25,2025-10-03,10,2025-10-13,METROPOLITANO,REGULAR,08.351.253/0001-11,INTERNORTE,CONSÓRCIO INTERNORTE DE TRANSPORTES,INTERNORTE,Guarulhos,São Paulo,ADIANTAMENTO/ATRASO DE VEÍCULO,FISCALIZAÇÃO,2025-10-13,0.0,NO PRAZO,0.0,SP,OK
2025100307174377,134.00035139/2025-70,2025-10-03,20,2025-10-23,METROPOLITANO,REGULAR,45.992.724/0001-05,RAPIDO CAMPINAS,RAPIDO LUXO CAMPINAS LTDA,RAPIDO CAMPINAS,Itupeva,Jundiaí,ADIANTAMENTO/ATRASO DE VEÍCULO,FISCALIZAÇÃO,2025-10-21,-2.0,NO PRAZO,-2.0,CN,OK
2025092915014285, 134.00035129/2025-34,2025-10-03,25,2025-10-28,INTERMUNICIPAL,FRETAMENTO,,SERTRAN,,,São Joaquim da Barra,,TRANSPORTE CLANDESTINO,FISCALIZAÇÃO,2025-10-17,-11.0,NO PRAZO,-11.0,,OK
2025091716570173, 134.00035130/2025-69,2025-10-03,10,2025-10-13,INTERMUNICIPAL,REGULAR,61.084.018/0001-03,VIAÇÃO COMETA S/A,VIAÇÃO COMETA S/A,COMETA,Sorocaba,São Paulo,MUDANÇA DE TABELA DE HORÁRIO,REGULAR,2025-10-13,0.0,NO PRAZO,0.0,TC2,OK
2025100211442278,134.00035509/2025-79,2025-10-06,10,2025-10-16,METROPOLITANO,REGULAR,,,,,São Paulo,,MÁ CONDUTA DO MOTORISTA,FISCALIZAÇÃO,2025-10-16,0.0,NO PRAZO,0.0,RTO,OK
2025100614051591, 134.00035552/2025-3,2025-10-06,10,2025-10-16,METROPOLITANO,REGULAR,08.325.415/0001-47,UNILESTE,CONSÓRCIO UNILESTE,UNILESTE,Salesópolis,Mogi das Cruzes,MUDANÇA DE TABELA DE HORÁRIO,REGULAR,2025-10-15,-1.0,NO PRAZO,-1.0,PLANEJAMNETO,OK
2025100615222235,134.00035819/2025-93,2025-10-06,10,2025-10-16,METROPOLITANO,REGULAR,61.563.557/0001-25,PASSARO MARRON,EMPRESA DE ÔNIBUS PASSARO MARRON S/A,PASSARO MARRON,Ubatuba,Caraguatatuba,MUDANÇA DE TABELA DE HORÁRIO,REGULAR,2025-10-15,-1.0,NO PRAZO,-1.0,PLANEJAMNETO,OK
2025092206382475,134.00035818/2025-49,2025-10-06,20,2025-10-26,METROPOLITANO,REGULAR,,,,,,,SUGESTÃO,REGULAR,2025-10-21,-5.0,NO PRAZO,-5.0,PLANEJAMNETO,OK
2025091808084761, 134.00035513/2025-37,2025-10-06,10,2025-10-16,INTERMUNICIPAL,REGULAR,44.944.577/0001-27,VIAÇÃO SÃO BENTO LTDA,VIAÇÃO SÃO BENTO LTDA,,Serrana,Ribeirão Preto,MÁ CONDIÇÃO DE VEÍCULO,FISCALIZAÇÃO,2025-10-15,-1.0,NO PRAZO,-1.0,,OK
2025092918221746, 134.00035521/2025-83,2025-10-06,10,2025-10-16,INTERMUNICIPAL,REGULAR,13.245.713/0001-67,VIASOL TRANSPORTES RODOVIÁRIOS LTDA.,VIASOL TRANSPORTES RODOVIÁRIOS LTDA.,,Araras,Rio Claro,MUDANÇA DE TABELA DE HORÁRIO,REGULAR,2025-10-16,0.0,NO PRAZO,0.0,TC1,OK
2025092208272444, 134.00035523/2025-72,2025-10-06,10,2025-10-16,INTERMUNICIPAL,REGULAR,61.084.018/0001-03,VIAÇÃO COMETA S/A,VIAÇÃO COMETA S/A,COMETA,São Paulo,São Roque,ADIANTAMENTO/ATRASO DE VEÍCULO,FISCALIZAÇÃO,2025-10-13,-3.0,NO PRAZO,-3.0,,OK
2025091418223582, 134.00035527/2025-51,2025-10-06,10,2025-10-16,INTERMUNICIPAL,REGULAR,01.339.438/0001-61,AUTO ÔNIBUS DEL OESTE LTDA - EPP,AUTO ÔNIBUS DEL OESTE LTDA - EPP,,Morro Agudo,Ribeirão Preto,MÁ CONDIÇÃO DE VEÍCULO,FISCALIZAÇÃO,2025-10-09,-7.0,NO PRAZO,-7.0,,OK
2025090907494069, 134.00035534/2025-52,2025-10-06,10,2025-10-16,INTERMUNICIPAL,REGULAR,01.339.438/0001-61,AUTO ÔNIBUS DEL OESTE LTDA - EPP,AUTO ÔNIBUS DEL OESTE LTDA - EPP,,Ribeirão Preto,Taquaritinga,MUDANÇA DE ITINERÁRIO,FISCALIZAÇÃO,2025-10-09,-7.0,NO PRAZO,-7.0,,OK
2025090907451727, 134.00035540/2025-18,2025-10-06,10,2025-10-16,INTERMUNICIPAL,REGULAR,01.339.438/0001-61,AUTO ÔNIBUS DEL OESTE LTDA - EPP,AUTO ÔNIBUS DEL OESTE LTDA - EPP,,Ribeirão Preto,Taquaritinga,MUDANÇA DE ITINERÁRIO,FISCALIZAÇÃO,2025-10-09,-7.0,NO PRAZO,-7.0,,OK
2025090907400394, 134.00035544/2025-98,2025-10-06,10,2025-10-16,INTERMUNICIPAL,REGULAR,01.339.438/0001-61,AUTO ÔNIBUS DEL OESTE LTDA - EPP,AUTO ÔNIBUS DEL OESTE LTDA - EPP,,Ribeirão Preto,Taquaritinga,MUDANÇA DE ITINERÁRIO,FISCALIZAÇÃO,2025-10-09,-7.0,NO PRAZO,-7.0,,OK
2025090907351271, 134.00035548/2025-76,2025-10-06,10,2025-10-16,INTERMUNICIPAL,REGULAR,01.339.438/0001-61,AUTO ÔNIBUS DEL OESTE LTDA - EPP,AUTO ÔNIBUS DEL OESTE LTDA - EPP,,Ribeirão Preto,Taquaritinga,MUDANÇA DE ITINERÁRIO,FISCALIZAÇÃO,2025-10-09,-7.0,NO PRAZO,-7.0,,OK
2025090907310770, 134.00035593/2025-21,2025-10-06,10,2025-10-16,INTERMUNICIPAL,REGULAR,01.339.438/0001-61,AUTO ÔNIBUS DEL OESTE LTDA - EPP,AUTO ÔNIBUS DEL OESTE LTDA - EPP,,Ribeirão Preto,Taquaritinga,MUDANÇA DE ITINERÁRIO,FISCALIZAÇÃO,2025-10-09,-7.0,NO PRAZO,-7.0,,OK
2025090907240415, 134.00035596/2025-64,2025-10-06,10,2025-10-16,INTERMUNICIPAL,REGULAR,01.339.438/0001-61,AUTO ÔNIBUS DEL OESTE LTDA - EPP,AUTO ÔNIBUS DEL OESTE LTDA - EPP,,Ribeirão Preto,Taquaritinga,MUDANÇA DE ITINERÁRIO,FISCALIZAÇÃO,2025-10-09,-7.0,NO PRAZO,-7.0,,OK
2025090907123762, 134.00035598/2025-53,2025-10-06,10,2025-10-16,INTERMUNICIPAL,REGULAR,01.339.438/0001-61,AUTO ÔNIBUS DEL OESTE LTDA - EPP,AUTO ÔNIBUS DEL OESTE LTDA - EPP,,Ribeirão Preto,Taquaritinga,MUDANÇA DE ITINERÁRIO,FISCALIZAÇÃO,2025-10-09,-7.0,NO PRAZO,-7.0,,OK
2025090907010766, 134.00035614/2025-16,2025-10-06,10,2025-10-16,INTERMUNICIPAL,REGULAR,01.339.438/0001-61,AUTO ÔNIBUS DEL OESTE LTDA - EPP,AUTO ÔNIBUS DEL OESTE LTDA - EPP,,Ribeirão Preto,Taquaritinga,MUDANÇA DE ITINERÁRIO,FISCALIZAÇÃO,2025-10-09,-7.0,NO PRAZO,-7.0,,OK
2025091007191131, 134.00035626/2025-32,2025-10-06,10,2025-10-16,INTERMUNICIPAL,REGULAR,01.339.438/0001-61,AUTO ÔNIBUS DEL OESTE LTDA - EPP,AUTO ÔNIBUS DEL OESTE LTDA - EPP,,Ribeirão Preto,Jaboticabal,ADIANTAMENTO/ATRASO DE VEÍCULO,FISCALIZAÇÃO,2025-10-09,-7.0,NO PRAZO,-7.0,,OK
2025091007160161, 134.00035635/2025-23,2025-10-06,10,2025-10-16,INTERMUNICIPAL,REGULAR,01.339.438/0001-61,AUTO ÔNIBUS DEL OESTE LTDA - EPP,AUTO ÔNIBUS DEL OESTE LTDA - EPP,,Ribeirão Preto,Taquaritinga,MUDANÇA DE ITINERÁRIO,FISCALIZAÇÃO,2025-10-09,-7.0,NO PRAZO,-7.0,,OK
2025091007172917, 134.00035646/2025-11,2025-10-06,10,2025-10-16,INTERMUNICIPAL,REGULAR,01.339.438/0001-61,AUTO ÔNIBUS DEL OESTE LTDA - EPP,AUTO ÔNIBUS DEL OESTE LTDA - EPP,,Ribeirão Preto,Jaboticabal,MUDANÇA DE ITINERÁRIO,FISCALIZAÇÃO,2025-10-09,-7.0,NO PRAZO,-7.0,,OK
2025091007151935, 134.00035656/2025-49,2025-10-06,10,2025-10-16,INTERMUNICIPAL,REGULAR,01.339.438/0001-61,AUTO ÔNIBUS DEL OESTE LTDA - EPP,AUTO ÔNIBUS DEL OESTE LTDA - EPP,,Ribeirão Preto,Taquaritinga,MUDANÇA DE ITINERÁRIO,FISCALIZAÇÃO,2025-10-09,-7.0,NO PRAZO,-7.0,,OK
2025091007123140, 134.00035715/2025-89,2025-10-06,10,2025-10-16,INTERMUNICIPAL,REGULAR,01.339.438/0001-61,AUTO ÔNIBUS DEL OESTE LTDA - EPP,AUTO ÔNIBUS DEL OESTE LTDA - EPP,,Ribeirão Preto,Taquaritinga,MUDANÇA DE ITINERÁRIO,FISCALIZAÇÃO,2025-10-09,-7.0,NO PRAZO,-7.0,,OK
2025082916075912, 134.00035829/2025-29,2025-10-06,10,2025-10-16,INTERMUNICIPAL,REGULAR,56.927.163/0003-30,VIAÇÃO DANUBIO AZUL LTDA,VIAÇÃO DANUBIO AZUL LTDA,,Bebedouro,São Paulo,PRESTAÇÃO DE SERVIÇO DA EMPRESA,REGULAR,2025-10-16,0.0,NO PRAZO,0.0,TC4,OK
2025100109522116, 134.00035833/2025-97,2025-10-06,20,2025-10-26,INTERMUNICIPAL,REGULAR,61.084.018/0001-03,VIAÇÃO COMETA S/A,VIAÇÃO COMETA S/A,COMETA,Guarulhos,Arco-Íris,PRESTAÇÃO DE SERVIÇO DA EMPRESA,REGULAR,2025-11-17,22.0,ATRASADO,22.0,PL TC5,OK
2025100117121224, 134.00035838/2025-10,2025-10-06,20,2025-10-26,INTERMUNICIPAL,REGULAR,61.084.018/0001-03,VIAÇÃO COMETA S/A,VIAÇÃO COMETA S/A,COMETA,São Paulo,Santos,ADIANTAMENTO/ATRASO DE VEÍCULO,FISCALIZAÇÃO,2025-10-24,-2.0,NO PRAZO,-2.0,,OK
2025100512084881, 134.00035846/2025-66,2025-10-06,20,2025-10-26,INTERMUNICIPAL,REGULAR,61.586.160/0001-59,ELUX S.S. EXPRESSO LUXO SAO PAULO SANTOS LTDA,ELUX S.S. EXPRESSO LUXO SAO PAULO SANTOS LTDA,EXPRESSO LUXO,Santos,São Paulo,PRESTAÇÃO DE SERVIÇO DA EMPRESA,REGULAR,2025-10-22,-4.0,NO PRAZO,-4.0,PL,OK
2025091007004161, 134.00035817/2025-02,2025-10-06,10,2025-10-16,INTERMUNICIPAL,REGULAR,01.339.438/0001-61,AUTO ÔNIBUS DEL OESTE LTDA - EPP,AUTO ÔNIBUS DEL OESTE LTDA - EPP,,Ribeirão Preto,Taquaritinga,MUDANÇA DE ITINERÁRIO,FISCALIZAÇÃO,2025-10-09,-7.0,NO PRAZO,-7.0,,OK
2025091007073575, 134.00035816/2025-50,2025-10-06,10,2025-10-16,INTERMUNICIPAL,REGULAR,01.339.438/0001-61,AUTO ÔNIBUS DEL OESTE LTDA - EPP,AUTO ÔNIBUS DEL OESTE LTDA - EPP,,Ribeirão Preto,Taquaritinga,MUDANÇA DE ITINERÁRIO,FISCALIZAÇÃO,2025-10-09,-7.0,NO PRAZO,-7.0,,OK
2025091007102910, 134.00035815/2025-13,2025-10-06,10,2025-10-16,INTERMUNICIPAL,REGULAR,01.339.438/0001-61,AUTO ÔNIBUS DEL OESTE LTDA - EPP,AUTO ÔNIBUS DEL OESTE LTDA - EPP,,Ribeirão Preto,Taquaritinga,MUDANÇA DE ITINERÁRIO,FISCALIZAÇÃO,2025-10-09,-7.0,NO PRAZO,-7.0,,OK
2025100317460239,134.00036027/2025-36,2025-10-07,10,2025-10-17,METROPOLITANO,REGULAR,,,,,Guarulhos,Guarulhos,MUDANÇA DE ITINERÁRIO,FISCALIZAÇÃO,2025-10-16,-1.0,NO PRAZO,-1.0,RTO,OK
2025100708301425,134.00036033/2025-93,2025-10-07,10,2025-10-17,METROPOLITANO,REGULAR,,,,,Porto Feliz,Boituva,MUDANÇA DE TABELA DE HORÁRIO,REGULAR,2025-10-16,-1.0,NO PRAZO,-1.0,PLANEJAMNETO,OK
2025100412164550,134.00036021/2025-69,2025-10-07,10,2025-10-17,METROPOLITANO,REGULAR,,,,,,,TRANSPORTE CLANDESTINO,FISCALIZAÇÃO,2025-10-16,-1.0,NO PRAZO,-1.0,RTO,OK
2025100313522756, 134.00035944/2025-01,2025-10-07,25,2025-11-01,INTERMUNICIPAL,REGULAR,68.260.371/0001-46,RAPIDO SUMARE LTDA,RAPIDO SUMARE LTDA,RAPIDO SUMARE,Sumaré,Hortolândia,TRANSPORTE CLANDESTINO,FISCALIZAÇÃO,2025-10-16,-16.0,NO PRAZO,-16.0,,OK
2025081020111845, 134.00035952/2025-40,2025-10-07,10,2025-10-17,INTERMUNICIPAL,REGULAR,43.257.658/0001-96,AUTO VIAÇÃO OURO VERDE LTDA,AUTO VIAÇÃO OURO VERDE LTDA,,Americana,,ADIANTAMENTO/ATRASO DE VEÍCULO,FISCALIZAÇÃO,2025-10-15,-2.0,NO PRAZO,-2.0,,OK
2025081109045054, 134.00035957/2025-72,2025-10-07,10,2025-10-17,INTERMUNICIPAL,REGULAR,66.994.450/0001-55,PLENA TRANSPORTES LTDA ME,PLENA TRANSPORTES LTDA ME,,Bariri,Jaú,MUDANÇA DE TABELA DE HORÁRIO,REGULAR,2025-10-16,-1.0,NO PRAZO,-1.0,TC3,OK
2025070715422473, 134.00035960/2025-96,2025-10-07,10,2025-10-17,INTERMUNICIPAL,REGULAR,07.022.473/0001-39,RAPIDO FENIX VIAÇÃO LTDA,RAPIDO FENIX VIAÇÃO LTDA,,Jundiaí,São Paulo,REEMBOLSO DE PASSAGEM ,REGULAR,2025-10-15,-2.0,NO PRAZO,-2.0,TC1,OK
2025100619445387, 134.00036039/2025-61,2025-10-07,10,2025-10-17,INTERMUNICIPAL,,,,,,Presidente Venceslau,Presidente Prudente,TRANSPORTE CLANDESTINO,FISCALIZAÇÃO,2025-10-09,-8.0,NO PRAZO,-8.0,,OK
2025100609303264, 134.00036050/2025-21,2025-10-07,10,2025-10-17,INTERMUNICIPAL,REGULAR,01.339.438/0001-61,AUTO ÔNIBUS DEL OESTE LTDA - EPP,AUTO ÔNIBUS DEL OESTE LTDA - EPP,,São José do Rio Preto,Ribeirão Preto,PRESTAÇÃO DE SERVIÇO DA EMPRESA,REGULAR,2025-10-16,-1.0,NO PRAZO,-1.0,TC4,OK
2025081215230155, 134.00036057/2025-42,2025-10-07,10,2025-10-17,INTERMUNICIPAL,FRETAMENTO,46.014.122/0001-38,VB TRANSPORTES E TURISMO LTDA,VB TRANSPORTES E TURISMO LTDA,VB TRANSPORTES E TURISMO,Limeira,Osasco,PRESTAÇÃO DE SERVIÇO DA EMPRESA,REGULAR,2025-10-16,-1.0,NO PRAZO,-1.0,TC1,OK
2025100307275790, 134.00036060/2025-66,2025-10-07,10,2025-10-17,INTERMUNICIPAL,FRETAMENTO,21.567.205/0001-23,BRUBUSS,BRUBUSS TRANSPORTE E TURISMO LTDA,BRUBUSS TRANSPORTES,Louveira,Campinas,MÁ CONDIÇÃO DE VEÍCULO,FISCALIZAÇÃO,2025-10-15,-2.0,NO PRAZO,-2.0,INSPEÇÃO,OK
2025100715440439, 134.00036220/2025-77,2025-10-07,10,2025-10-17,INTERMUNICIPAL,REGULAR,61.563.557/0001-25,EMPRESA DE ÔNIBUS PASSARO MARRON S/A,EMPRESA DE ÔNIBUS PASSARO MARRON S/A,PASSARO MARRON,São Sebastião,Caraguatatuba,MUDANÇA DE TABELA DE HORÁRIO,REGULAR,2025-10-15,-2.0,NO PRAZO,-2.0,PL,OK
2025100814415915, 134.00036235/2025-35,2025-10-07,20,2025-10-27,INTERMUNICIPAL,,,,,,,,SUGESTÃO,REGULAR,2025-10-23,-4.0,NO PRAZO,-4.0,PL,OK
2025093008432114, 134.00036020/2025-14,2025-10-07,10,2025-10-17,INTERMUNICIPAL,REGULAR,45.992.724/0001-05,RAPIDO LUXO CAMPINAS LTDA,RAPIDO LUXO CAMPINAS LTDA,RAPIDO CAMPINAS,Itupeva,Jundiaí,ADIANTAMENTO/ATRASO DE VEÍCULO,FISCALIZAÇÃO,2025-10-17,0.0,NO PRAZO,0.0,,OK
2025090808373380, 134.00036019/2025-90,2025-10-07,10,2025-10-17,INTERMUNICIPAL,REGULAR,01.339.438/0001-61,AUTO ÔNIBUS DEL OESTE LTDA - EPP,AUTO ÔNIBUS DEL OESTE LTDA - EPP,,Ribeirão Preto,Taquaritinga,MUDANÇA DE ITINERÁRIO,FISCALIZAÇÃO,2025-10-09,-8.0,NO PRAZO,-8.0,,OK
2025082015364082, 134.00036015/2025-10,2025-10-07,20,2025-10-27,INTERMUNICIPAL,REGULAR,07.022.473/0001-39,RAPIDO FENIX VIAÇÃO LTDA,RAPIDO FENIX VIAÇÃO LTDA,,Itatiba,Jundiaí,ADIANTAMENTO/ATRASO DE VEÍCULO,FISCALIZAÇÃO,2025-10-23,-4.0,NO PRAZO,-4.0,,OK
2025100816024520,134.00036232/2025-00,2025-10-08,20,2025-10-28,METROPOLITANO,REGULAR,61.563.557/0001-25,PASSARO MARRON,EMPRESA DE ÔNIBUS PASSARO MARRON S/A,PASSARO MARRON,Caçapava,Taubaté,SUGESTÃO,FISCALIZAÇÃO,2025-10-22,-6.0,NO PRAZO,-6.0,VP,OK
2025100721553781,134.00036238/2025-79,2025-10-08,20,2025-10-28,METROPOLITANO,REGULAR,08.419.802/0001-42,ANHANGUERA,CONSÓRCIO ANHANGUERA,ANHANGUERA,Santana de Parnaíba,Osasco,SUGESTÃO,FISCALIZAÇÃO,2025-10-23,-5.0,NO PRAZO,-5.0,INSPEÇÃO,OK
2025100815424357,134.00036233/2025-46,2025-10-08,10,2025-10-18,METROPOLITANO,REGULAR,08.351.253/0001-11,INTERNORTE,CONSÓRCIO INTERNORTE DE TRANSPORTES,INTERNORTE,Guarulhos,São Paulo,PRESTAÇÃO DE SERVIÇO DA EMPRESA,REGULAR,2025-10-15,-3.0,NO PRAZO,-3.0,PLANEJAMNETO,OK
2025100816131249,134.00036242/2025-37,2025-10-08,10,2025-10-18,METROPOLITANO,REGULAR,21.659.864/0001-90,BR MOBILIDADE,BR MOBILIDADE BAIXADA SANTISTA S.A. - SPE,BR MOBILIDADE,Praia Grande,Cubatão,MUDANÇA DE TABELA DE HORÁRIO,REGULAR,2025-10-15,-3.0,NO PRAZO,-3.0,PLANEJAMNETO,OK
2025100816274263,134.00036231/2025-57,2025-10-08,10,2025-10-18,METROPOLITANO,REGULAR,21.659.864/0001-90,BR MOBILIDADE,BR MOBILIDADE BAIXADA SANTISTA S.A. - SPE,BR MOBILIDADE,Praia Grande,Cubatão,MUDANÇA DE TABELA DE HORÁRIO,REGULAR,2025-10-15,-3.0,NO PRAZO,-3.0,PLANEJAMNETO,OK
2025100718273671,134.00036224/2025-55,2025-10-08,10,2025-10-18,METROPOLITANO,REGULAR,40.181.203/0001-46,NEXTMOBILIDADE,ABC SISTEMA DE TRANSPORTE SPE S.A.,NEXTMOBILIDADE,São Bernardo do Campo,São Paulo,MUDANÇA DE TABELA DE HORÁRIO,REGULAR,2025-10-15,-3.0,NO PRAZO,-3.0,PLANEJAMNETO,OK
2025093015261560, 134.00036223/2025-19,2025-10-08,10,2025-10-18,INTERMUNICIPAL,REGULAR,55.334.262/0001-84,EMPRESA DE TRANSPORTES ANDORINHA S/A,EMPRESA DE TRANSPORTES ANDORINHA S/A,,Presidente Prudente,Campinas,GRATUIDADE DE IDOSOS,REGULAR,2025-10-16,-2.0,NO PRAZO,-2.0,TC3,OK
2025100708351080, 134.00036230/2025-11,2025-10-08,20,2025-10-28,INTERMUNICIPAL,REGULAR,45.992.724/0001-05,RAPIDO LUXO CAMPINAS LTDA,RAPIDO LUXO CAMPINAS LTDA,RAPIDO CAMPINAS,Cabreúva,Jundiaí,SUPERLOTAÇÃO DE ÔNIBUS,FISCALIZAÇÃO,2025-10-20,-8.0,NO PRAZO,-8.0,,OK
2025100411122064, 134.00036226/2025-44,2025-10-08,10,2025-10-18,INTERMUNICIPAL,REGULAR,54.360.623/0001-02,VIAÇÃO PIRACICABANA S/A,VIAÇÃO PIRACICABANA S/A,PIRACICABANA,São Paulo,Osasco,ADIANTAMENTO/ATRASO DE VEÍCULO,FISCALIZAÇÃO,,-45948.0,NO PRAZO,-45948.0,45947,OK
2025100718263433, 134.00036229/2025-88,2025-10-08,10,2025-10-18,INTERMUNICIPAL,,,,,,Limeira,,GRATUIDADE POLICIAIS,REGULAR,2025-10-15,-3.0,NO PRAZO,-3.0,PL,OK
2025100914551987,134.00036472/2025-04,2025-10-09,10,2025-10-19,METROPOLITANO,REGULAR,08.419.802/0001-42,ANHANGUERA,CONSÓRCIO ANHANGUERA,ANHANGUERA,São Paulo,Osasco,MUDANÇA DE TABELA DE HORÁRIO,REGULAR,2025-10-16,-3.0,NO PRAZO,-3.0,PLANEJAMNETO,OK
2025100911523615,134.00036471/2025-51,2025-10-09,10,2025-10-19,METROPOLITANO,REGULAR,21.659.864/0001-90,BR MOBILIDADE,BR MOBILIDADE BAIXADA SANTISTA S.A. - SPE,BR MOBILIDADE,Praia Grande,Cubatão,MUDANÇA DE ITINERÁRIO,REGULAR,2025-10-16,-3.0,NO PRAZO,-3.0,PLANEJAMNETO,OK
2025100907154857,134.00036470/2025-15,2025-10-09,10,2025-10-19,METROPOLITANO,REGULAR,08.351.253/0001-11,INTERNORTE,CONSÓRCIO INTERNORTE DE TRANSPORTES,INTERNORTE,Santa Isabel,São Paulo,MUDANÇA DE ITINERÁRIO,REGULAR,2025-10-16,-3.0,NO PRAZO,-3.0,PLANEJAMNETO,OK
2025100814204814,134.00036467/2025-93,2025-10-09,25,2025-11-03,METROPOLITANO,REGULAR,,,,,São Paulo,,TRANSPORTE CLANDESTINO,FISCALIZAÇÃO,2025-10-21,-13.0,NO PRAZO,-13.0,SP,OK
2025100807580485,134.00036473/2025-41,2025-10-09,10,2025-10-19,METROPOLITANO,REGULAR,08.419.802/0001-42,ANHANGUERA,CONSÓRCIO ANHANGUERA,ANHANGUERA,São Paulo,Barueri,MUDANÇA DE TABELA DE HORÁRIO,REGULAR,2025-10-16,-3.0,NO PRAZO,-3.0,PLANEJAMNETO,OK
2025100907314644,134.00036466/2025-49,2025-10-09,20,2025-10-29,METROPOLITANO,REGULAR,46.887.139/0001-08,EXPRESSO AMARELINHO,EXPRESSO AMARELINHO LTDA,EXPRESSO AMARELINHO LTDA,Piedade,Sorocaba,ADIANTAMENTO/ATRASO DE VEÍCULO,FISCALIZAÇÃO,2025-10-23,-6.0,NO PRAZO,-6.0,SB,OK
2025092415575547, 134.00036462/2025-61,2025-10-09,20,2025-10-29,INTERMUNICIPAL,REGULAR,54.049.754/0001-65,VIAÇÃO VALE DO TIETE LTDA,VIAÇÃO VALE DO TIETE LTDA,VALE DO TIETE,Boituva,,MUDANÇA DE TABELA DE HORÁRIO,REGULAR,2025-10-21,-8.0,NO PRAZO,-8.0,TC2,OK
2025100811155354, 134.00036465/2025-02,2025-10-09,10,2025-10-19,INTERMUNICIPAL,REGULAR,01.339.438/0001-61,AUTO ÔNIBUS DEL OESTE LTDA - EPP,AUTO ÔNIBUS DEL OESTE LTDA - EPP,,Pitangueiras,Sertãozinho,MÁ CONDIÇÃO DE VEÍCULO,FISCALIZAÇÃO,2025-11-03,15.0,ATRASADO,15.0,,OK
2025100707252651, 134.00036464/2025-50,2025-10-09,20,2025-10-29,INTERMUNICIPAL,REGULAR,45.992.724/0001-05,RAPIDO LUXO CAMPINAS LTDA,RAPIDO LUXO CAMPINAS LTDA,RAPIDO CAMPINAS,Jundiaí,Cabreúva,SUPERLOTAÇÃO DE ÔNIBUS,FISCALIZAÇÃO,2025-10-20,-9.0,NO PRAZO,-9.0,,OK
2025100914032459, 134.00036463/2025-13,2025-10-09,10,2025-10-19,INTERMUNICIPAL,FRETAMENTO,,TRANSLIFE,,,Limeira,São Paulo,TRANSPORTE CLANDESTINO,FISCALIZAÇÃO,2025-11-05,17.0,ATRASADO,17.0,,OK
2025100909494289,134.00036476/2025-84,2025-10-10,10,2025-10-20,METROPOLITANO,REGULAR,72.302.409/0001-73,EXPRESSO REDENÇÃO,EXPRESSO REDENCAO TRANSPORTES E TURISMO LTDA,EXPRESSO REDENÇÃO,São Luiz do Paraitinga,Taubaté,ACESSIBILIDADE,FISCALIZAÇÃO,2025-10-20,0.0,NO PRAZO,0.0,VP,OK
2025100906490731,134.00036475/2025-30,2025-10-10,10,2025-10-20,METROPOLITANO,REGULAR,08.419.802/0001-42,ANHANGUERA,CONSÓRCIO ANHANGUERA,ANHANGUERA,São Paulo,Santana de Parnaíba,ADIANTAMENTO/ATRASO DE VEÍCULO,FISCALIZAÇÃO,2025-10-21,1.0,ATRASADO,1.0,SP,OK
2025100715384547,134.00036479/2025-18,2025-10-10,25,2025-11-04,METROPOLITANO,REGULAR,,TRANSMAR,,,Sumaré,Hortolândia,TRANSPORTE CLANDESTINO,FISCALIZAÇÃO,2025-11-10,6.0,ATRASADO,6.0,CN,OK
2025100413220554, 134.00036474/2025-95,2025-10-10,10,2025-10-20,INTERMUNICIPAL,REGULAR,51.663.680/0003-26,VIAÇÃO PARATY LTDA,VIAÇÃO PARATY LTDA,,Itirapina,São Carlos,MÁ CONDUTA DO MOTORISTA,REGULAR,2025-10-20,0.0,NO PRAZO,0.0,TC4,OK
2025100119504377, 134.00036478/2025-73,2025-10-10,25,2025-11-04,INTERMUNICIPAL,REGULAR,51.663.680/0003-26,VIAÇÃO PARATY LTDA,VIAÇÃO PARATY LTDA,,Jaboticabal,Bebedouro,TRANSPORTE CLANDESTINO,FISCALIZAÇÃO,2025-11-10,6.0,ATRASADO,6.0,,OK
2025100711143061, 134.00036477/2025-29,2025-10-10,10,2025-10-20,INTERMUNICIPAL,,,,,,,,SOLICITAÇÃO DE INFORMAÇÃO,FISCALIZAÇÃO,2025-10-15,-5.0,NO PRAZO,-5.0,,OK
2025100110310372, 134.00036469/2025-82,2025-10-10,20,2025-10-30,INTERMUNICIPAL,REGULAR,61.084.018/0001-03,VIAÇÃO COMETA S/A,VIAÇÃO COMETA S/A,COMETA,Santos,São Paulo,PRESTAÇÃO DE SERVIÇO DA EMPRESA,REGULAR,2025-10-22,-8.0,NO PRAZO,-8.0,PL TC5,OK
2025092518305419, 134.00036468/2025-38,2025-10-10,33,2025-11-12,INTERMUNICIPAL,REGULAR,61.084.018/0001-03,VIAÇÃO COMETA S/A,VIAÇÃO COMETA S/A,COMETA,Santos,São Paulo,PRESTAÇÃO DE SERVIÇO DA EMPRESA,REGULAR,2025-11-17,5.0,ATRASADO,5.0,PL TC5,OK
2025100809192556,134.00036673/2025-01,2025-10-13,10,2025-10-23,METROPOLITANO,REGULAR,11.143.106/0001-60,RHYNO,RHYNO TRANSPORTES E SERVICOS LTDA,RHYNO TRANSPORTES E SERVI,Ourinhos,,SOLICITAÇÃO FRETAMENTO,FRETAMENTO,2025-10-29,6.0,ATRASADO,6.0,,OK
2025101118502338,134.00036683/2025-39,2025-10-13,10,2025-10-23,METROPOLITANO,REGULAR,08.419.802/0001-42,ANHANGUERA,CONSÓRCIO ANHANGUERA,ANHANGUERA,Osasco,São Paulo,ADIANTAMENTO/ATRASO DE VEÍCULO,FISCALIZAÇÃO,2025-10-21,-2.0,NO PRAZO,-2.0,SP,OK
2025101009304262,134.00036680/2025-03,2025-10-13,10,2025-10-23,METROPOLITANO,REGULAR,08.351.253/0001-11,INTERNORTE,CONSÓRCIO INTERNORTE DE TRANSPORTES,INTERNORTE,Guarulhos,São Paulo,ADIANTAMENTO/ATRASO DE VEÍCULO,FISCALIZAÇÃO,2025-10-22,-1.0,NO PRAZO,-1.0,SP,OK
2025101011123677,134.00036679/2025-71,2025-10-13,10,2025-10-23,METROPOLITANO,REGULAR,,,,,,,MÁ CONDUTA DO MOTORISTA,FISCALIZAÇÃO,2025-10-23,0.0,NO PRAZO,0.0,RTO,OK
2025101112580771,134.00036681/2025-40,2025-10-13,10,2025-10-23,METROPOLITANO,REGULAR,,,,,Guarulhos,São Paulo,MÁ CONDUTA DO MOTORISTA,FISCALIZAÇÃO,2025-10-23,0.0,NO PRAZO,0.0,RTO,OK
2025101010534977,134.00036677/2025-81,2025-10-13,10,2025-10-23,METROPOLITANO,REGULAR,,,,,Guarulhos,,MÁ CONDUTA DO MOTORISTA,FISCALIZAÇÃO,2025-10-23,0.0,NO PRAZO,0.0,RTO,OK
2025101007180095,134.00036676/2025-37,2025-10-13,10,2025-10-23,METROPOLITANO,REGULAR,08.351.253/0001-11,INTERNORTE,CONSÓRCIO INTERNORTE DE TRANSPORTES,INTERNORTE,Guarulhos,São Paulo,ADIANTAMENTO/ATRASO DE VEÍCULO,FISCALIZAÇÃO,2025-10-21,-2.0,NO PRAZO,-2.0,SP,OK
2025092512133182, 134.00036674/2025-48,2025-10-13,10,2025-10-23,INTERMUNICIPAL,FRETAMENTO,46.014.122/0001-38,VB TRANSPORTES E TURISMO LTDA,VB TRANSPORTES E TURISMO LTDA,VB TRANSPORTES E TURISMO,São Paulo,Indaiatuba,ADIANTAMENTO/ATRASO DE VEÍCULO,FISCALIZAÇÃO,2025-10-16,-7.0,NO PRAZO,-7.0,,OK
2025101314171163, 134.00036682/2025-94,2025-10-13,10,2025-10-23,INTERMUNICIPAL,FRETAMENTO,,G RAMOS,,,Ribeirão Preto,Franca,MÁ CONDIÇÃO DE VEÍCULO,FISCALIZAÇÃO,2025-10-14,-9.0,NO PRAZO,-9.0,INSPEÇÃO,OK
2025092307031054, 134.00036675/2025-92,2025-10-13,10,2025-10-23,INTERMUNICIPAL,REGULAR,44.944.577/0001-27,VIAÇÃO SÃO BENTO LTDA,VIAÇÃO SÃO BENTO LTDA,,Serrana,Ribeirão Preto,SUPERLOTAÇÃO DE ÔNIBUS,FISCALIZAÇÃO,2025-10-15,-8.0,NO PRAZO,-8.0,,OK
2025101110493558,134.00036799/2025-78,2025-10-14,10,2025-10-24,METROPOLITANO,REGULAR,,,,,,,SOLICITAÇÃO DE INFORMAÇÃO,FISCALIZAÇÃO,2025-10-24,0.0,NO PRAZO,0.0,CN,OK
2025100117463616,134.00037201/2025-68,2025-10-14,10,2025-10-24,METROPOLITANO,REGULAR,61.563.557/0001-25,PASSARO MARRON,EMPRESA DE ÔNIBUS PASSARO MARRON S/A,PASSARO MARRON,Pindamonhangaba,Taubaté,MUDANÇA DE ITINERÁRIO,REGULAR,2025-10-21,-3.0,NO PRAZO,-3.0,PLANEJAMNETO,OK
2025101219454188,134.00037211/2025-01,2025-10-14,10,2025-10-24,METROPOLITANO,REGULAR,08.325.415/0001-47,UNILESTE,CONSÓRCIO UNILESTE,UNILESTE,Santa Isabel,Mogi das Cruzes,ADIANTAMENTO/ATRASO DE VEÍCULO,FISCALIZAÇÃO,2025-10-24,0.0,NO PRAZO,0.0,SP,OK
2025101217214060,134.00037213/2025-92,2025-10-14,10,2025-10-24,METROPOLITANO,REGULAR,08.351.253/0001-11,INTERNORTE,CONSÓRCIO INTERNORTE DE TRANSPORTES,INTERNORTE,Guarulhos,São Paulo,ADIANTAMENTO/ATRASO DE VEÍCULO,FISCALIZAÇÃO,2025-10-23,-1.0,NO PRAZO,-1.0,SP,OK
2025101321411768,134.00037328/2025-87,2025-10-14,10,2025-10-24,METROPOLITANO,REGULAR,20.336.241/0001-13,BUS +,CONSORCIO BUS +,BUS +,Indaiatuba,Campinas,MUDANÇA DE TABELA DE HORÁRIO,REGULAR,2025-10-21,-3.0,NO PRAZO,-3.0,PLANEJAMNETO,OK
2025101415592269,134.00037345/2025-14,2025-10-14,10,2025-10-24,METROPOLITANO,REGULAR,08.351.253/0001-11,INTERNORTE,CONSÓRCIO INTERNORTE DE TRANSPORTES,INTERNORTE,Guarulhos,São Paulo,MÁ CONDIÇÃO DE VEÍCULO,FISCALIZAÇÃO,2025-10-24,0.0,NO PRAZO,0.0,INSPEÇÃO SP,OK
2025101113182297,134.00037347/2025-11,2025-10-14,20,2025-11-03,METROPOLITANO,REGULAR,08.390.180/0001-77,INTERVIAS,CONSÓRCIO INTERVIAS,INTERVIAS,Juquitiba,Itapecerica da Serra,PRESTAÇÃO DE SERVIÇO DA EMPRESA,FISCALIZAÇÃO,2025-11-03,0.0,NO PRAZO,0.0,SP,OK
2025101014114478, 134.00036813/2025-33,2025-10-14,25,2025-11-08,INTERMUNICIPAL,,,,,,Jundiaí,Itupeva,TRANSPORTE CLANDESTINO,FISCALIZAÇÃO,2025-10-22,-17.0,NO PRAZO,-17.0,,OK
2025082318595661, 134.00036825/2025-68,2025-10-14,10,2025-10-24,INTERMUNICIPAL,REGULAR,75.156.265/0001-82,TRANSPEN-TRANSPORTE COLETIVO E ENCOMENDAS LTDA,TRANSPEN-TRANSPORTE COLETIVO E ENCOMENDAS LTDA,,Angatuba,,PRESTAÇÃO DE SERVIÇO DA EMPRESA,REGULAR,2025-10-24,0.0,NO PRAZO,0.0,TC2,OK
2025091513574753, 134.00036839/2025-81,2025-10-14,10,2025-10-24,INTERMUNICIPAL,REGULAR,61.084.018/0001-03,VIAÇÃO COMETA S/A,VIAÇÃO COMETA S/A,COMETA,Guarulhos,Santos,MUDANÇA DE TABELA DE HORÁRIO,REGULAR,2025-10-29,5.0,ATRASADO,5.0,PL,OK
2025082510463292, 134.00036851/2025-96,2025-10-14,10,2025-10-24,INTERMUNICIPAL,REGULAR,01.339.438/0001-61,AUTO ÔNIBUS DEL OESTE LTDA - EPP,AUTO ÔNIBUS DEL OESTE LTDA - EPP,,Ribeirão Preto,Pitangueiras,MUDANÇA DE TABELA DE HORÁRIO,REGULAR,2025-10-24,0.0,NO PRAZO,0.0,TC4,OK
2025082617454756, 134.00036860/2025-87,2025-10-14,10,2025-10-24,INTERMUNICIPAL,REGULAR,72.543.978/0001-00,GUERINO SEISCENTO TRANSPORTES S/A,GUERINO SEISCENTO TRANSPORTES S/A,,Dracena,,MUDANÇA DE TABELA DE HORÁRIO,REGULAR,2025-10-24,0.0,NO PRAZO,0.0,TC3,OK
2025082619031813, 134.00037192/2025-13,2025-10-14,10,2025-10-24,INTERMUNICIPAL,REGULAR,01.339.438/0001-61,AUTO ÔNIBUS DEL OESTE LTDA - EPP,AUTO ÔNIBUS DEL OESTE LTDA - EPP,,Barrinha,Jaboticabal,SUPERLOTAÇÃO DE ÔNIBUS,FISCALIZAÇÃO,2025-10-16,-8.0,NO PRAZO,-8.0,,OK
2025082708574769, 134.00037195/2025-49,2025-10-14,10,2025-10-24,INTERMUNICIPAL,REGULAR,01.339.438/0001-61,AUTO ÔNIBUS DEL OESTE LTDA - EPP,AUTO ÔNIBUS DEL OESTE LTDA - EPP,,Ribeirão Preto,Pitangueiras,MUDANÇA DE TABELA DE HORÁRIO,REGULAR,2025-10-24,0.0,NO PRAZO,0.0,TC4,OK
2025090108385877, 134.00037202/2025-11,2025-10-14,10,2025-10-24,INTERMUNICIPAL,REGULAR,01.339.438/0001-61,AUTO ÔNIBUS DEL OESTE LTDA - EPP,AUTO ÔNIBUS DEL OESTE LTDA - EPP,,Ribeirão Preto,Jaboticabal,MUDANÇA DE ITINERÁRIO,FISCALIZAÇÃO,2025-10-16,-8.0,NO PRAZO,-8.0,,OK
2025090912490340, 134.00037215/2025-81,2025-10-14,10,2025-10-24,INTERMUNICIPAL,REGULAR,07.022.473/0001-39,RAPIDO FENIX VIAÇÃO LTDA,RAPIDO FENIX VIAÇÃO LTDA,,São Paulo,Águas de Lindóia,ADIANTAMENTO/ATRASO DE VEÍCULO,FISCALIZAÇÃO,2025-10-28,4.0,ATRASADO,4.0,,OK
2025091015592287, 134.00037218/2025-15,2025-10-14,10,2025-10-24,INTERMUNICIPAL,REGULAR,61.563.557/0001-25,EMPRESA DE ÔNIBUS PASSARO MARRON S/A,EMPRESA DE ÔNIBUS PASSARO MARRON S/A,PASSARO MARRON,São José dos Campos,São Paulo,GRATUIDADE DE IDOSOS,REGULAR,2025-10-23,-1.0,NO PRAZO,-1.0,PL TC5,OK
2025091512564831, 134.00037268/2025-01,2025-10-14,10,2025-10-24,INTERMUNICIPAL,REGULAR,07.022.473/0001-39,RAPIDO FENIX VIAÇÃO LTDA,RAPIDO FENIX VIAÇÃO LTDA,,São Paulo,Amparo,ADIANTAMENTO/ATRASO DE VEÍCULO,FISCALIZAÇÃO,2025-10-28,4.0,ATRASADO,4.0,,OK
2025091819102538, 134.00037294/2025-21,2025-10-14,10,2025-10-24,INTERMUNICIPAL,REGULAR,54.360.623/0001-02,VIAÇÃO PIRACICABANA S/A,VIAÇÃO PIRACICABANA S/A,PIRACICABANA,Americana,Piracicaba,ADIANTAMENTO/ATRASO DE VEÍCULO,FISCALIZAÇÃO,2025-10-16,-8.0,NO PRAZO,-8.0,,OK
2025092911391276, 134.00037332/2025-45,2025-10-14,10,2025-11-12,INTERMUNICIPAL,REGULAR,61.541.405/0001-21,VIAÇÃO RAPIDO BRASIL S/A,VIAÇÃO RAPIDO BRASIL S/A,,Santos,Guarujá,REEMBOLSO DE PASSAGEM ,REGULAR,2025-11-10,-2.0,NO PRAZO,-2.0,PL TC5,OK
2025092911344392, 134.00037333/2025-90,2025-10-14,10,2025-10-24,INTERMUNICIPAL,,,,,,São Paulo,,PRESTAÇÃO DE SERVIÇO DA EMPRESA,REGULAR,2025-10-17,-7.0,NO PRAZO,-7.0,PL TC5,OK
2025101220455497, 134.00037336/2025-23,2025-10-14,10,2025-10-24,INTERMUNICIPAL,REGULAR,44.944.577/0001-27,VIAÇÃO SÃO BENTO LTDA,VIAÇÃO SÃO BENTO LTDA,,Ribeirão Preto,Batatais,ADIANTAMENTO/ATRASO DE VEÍCULO,FISCALIZAÇÃO,2025-10-20,-4.0,NO PRAZO,-4.0,,OK
2025101416203897, 134.00037338/2025-12,2025-10-14,10,2025-10-24,INTERMUNICIPAL,REGULAR,61.084.018/0001-03,VIAÇÃO COMETA S/A,VIAÇÃO COMETA S/A,COMETA,São Paulo,Santos,MUDANÇA DE TABELA DE HORÁRIO,FISCALIZAÇÃO,2025-10-24,0.0,NO PRAZO,0.0,,OK
2025101416085383, 134.00037341/2025-36,2025-10-14,10,2025-10-24,INTERMUNICIPAL,REGULAR,61.084.018/0001-03,VIAÇÃO COMETA S/A,VIAÇÃO COMETA S/A,COMETA,São Paulo,Santos,MUDANÇA DE TABELA DE HORÁRIO,FISCALIZAÇÃO,2025-10-24,0.0,NO PRAZO,0.0,,OK
2025101508574437,134.00037361/2025-15,2025-10-15,10,2025-10-25,METROPOLITANO,REGULAR,08.351.253/0001-11,INTERNORTE,CONSÓRCIO INTERNORTE DE TRANSPORTES,INTERNORTE,Guarulhos,São Paulo,ADIANTAMENTO/ATRASO DE VEÍCULO,FISCALIZAÇÃO,2025-10-24,-1.0,NO PRAZO,-1.0,SP,OK
2025101513461819,134.00037442/2025-15,2025-10-15,10,2025-10-25,METROPOLITANO,REGULAR,08.419.802/0001-42,ANHANGUERA,CONSÓRCIO ANHANGUERA,ANHANGUERA,Osasco,São Paulo,MUDANÇA DE TABELA DE HORÁRIO,REGULAR,2025-10-21,-4.0,NO PRAZO,-4.0,PLANEJAMNETO,OK
2025101512221351,134.00037445/2025-41,2025-10-15,10,2025-10-25,METROPOLITANO,REGULAR,45.992.724/0001-05,RAPIDO CAMPINAS,RAPIDO LUXO CAMPINAS LTDA,RAPIDO CAMPINAS,Boituva,Sorocaba,MUDANÇA DE ITINERÁRIO,REGULAR,2025-10-23,-2.0,NO PRAZO,-2.0,PLANEJAMNETO,OK
2025101507400989,134.00037448/2025-84,2025-10-15,10,2025-10-25,METROPOLITANO,REGULAR,46.887.139/0001-08,EXPRESSO AMARELINHO,EXPRESSO AMARELINHO LTDA,EXPRESSO AMARELINHO LTDA,Piedade,Sorocaba,ADIANTAMENTO/ATRASO DE VEÍCULO,FISCALIZAÇÃO,2025-10-23,-2.0,NO PRAZO,-2.0,SB,OK
2025101509294179,134.00037452/2025-42,2025-10-15,10,2025-10-25,METROPOLITANO,REGULAR,35.663.990/0001-22,CAROLVANS,CAROLVANS TRANSPORTES E TURISMO EIRELI,CAROLVANS,,,SOLICITAÇÃO DE INFORMAÇÃO,FRETAMENTO,2025-10-28,3.0,ATRASADO,3.0,,OK
2025101511080495,134.00037453/2025-97,2025-10-15,10,2025-10-25,METROPOLITANO,REGULAR,08.325.415/0001-47,UNILESTE,CONSÓRCIO UNILESTE,UNILESTE,Santa Isabel,Mogi das Cruzes,ADIANTAMENTO/ATRASO DE VEÍCULO,FISCALIZAÇÃO,2025-10-29,4.0,ATRASADO,4.0,SP,OK
2025092218374088, 134.00037354/2025-13,2025-10-15,10,2025-10-25,INTERMUNICIPAL,,,,,,Itapeva,Nova Campina,MUDANÇA DE TABELA DE HORÁRIO,REGULAR,2025-10-22,-3.0,NO PRAZO,-3.0,TC2,OK
2025092413345293, 134.00037355/2025-50,2025-10-15,10,2025-10-25,INTERMUNICIPAL,REGULAR,44.993.632/0001-79,EMPRESAS REUNIDAS PAULISTA DE TRANSPORTES LTDA,EMPRESAS REUNIDAS PAULISTA DE TRANSPORTES LTDA,,Lavínia,,MUDANÇA DE TABELA DE HORÁRIO,REGULAR,2025-10-24,-1.0,NO PRAZO,-1.0,TC3,OK
2025092016051043, 134.00037357/2025-49,2025-10-15,10,2025-10-25,INTERMUNICIPAL,REGULAR,61.563.557/0001-25,EMPRESA DE ÔNIBUS PASSARO MARRON S/A,EMPRESA DE ÔNIBUS PASSARO MARRON S/A,PASSARO MARRON,Carapicuíba,São Paulo,MÁ CONDIÇÃO DE VEÍCULO,FISCALIZAÇÃO,2025-10-20,45940.0,ATRASADO,45940.0,INSPEÇÃO,OK
2025092016213325, 134.00037359/2025-38,2025-10-15,10,2025-10-25,INTERMUNICIPAL,REGULAR,61.563.557/0001-25,EMPRESA DE ÔNIBUS PASSARO MARRON S/A,EMPRESA DE ÔNIBUS PASSARO MARRON S/A,PASSARO MARRON,Carapicuíba,São Paulo,MÁ CONDIÇÃO DE VEÍCULO,FISCALIZAÇÃO,2025-10-20,45940.0,ATRASADO,45940.0,INSPEÇÃO,OK
2025092417420363, 134.00037364/2025-41,2025-10-15,10,2025-10-25,INTERMUNICIPAL,REGULAR,07.022.473/0001-39,RAPIDO FENIX VIAÇÃO LTDA,RAPIDO FENIX VIAÇÃO LTDA,,Jundiaí,Itatiba,ADIANTAMENTO/ATRASO DE VEÍCULO,FISCALIZAÇÃO,2025-10-21,-4.0,NO PRAZO,-4.0,,OK
2025092517295284, 134.00037370/2025-06,2025-10-15,10,2025-10-25,INTERMUNICIPAL,REGULAR,07.022.473/0001-39,RAPIDO FENIX VIAÇÃO LTDA,RAPIDO FENIX VIAÇÃO LTDA,,Jundiaí,Itatiba,ADIANTAMENTO/ATRASO DE VEÍCULO,FISCALIZAÇÃO,2025-10-21,-4.0,NO PRAZO,-4.0,,OK
2025092617324937, 134.00037374/2025-86,2025-10-15,10,2025-10-25,INTERMUNICIPAL,REGULAR,07.022.473/0001-39,RAPIDO FENIX VIAÇÃO LTDA,RAPIDO FENIX VIAÇÃO LTDA,,Jundiaí,Itatiba,ADIANTAMENTO/ATRASO DE VEÍCULO,FISCALIZAÇÃO,2025-10-21,-4.0,NO PRAZO,-4.0,,OK
2025092813050215, 134.00037378/2025-64,2025-10-15,10,2025-10-25,INTERMUNICIPAL,REGULAR,07.022.473/0001-39,RAPIDO FENIX VIAÇÃO LTDA,RAPIDO FENIX VIAÇÃO LTDA,,Campinas,Bragança Paulista,MÁ CONDIÇÃO DE VEÍCULO,FISCALIZAÇÃO,2025-10-24,-1.0,NO PRAZO,-1.0,,OK
2025092914492163, 134.00037382/2025-22,2025-10-15,10,2025-10-25,INTERMUNICIPAL,REGULAR,01.339.438/0001-61,AUTO ÔNIBUS DEL OESTE LTDA - EPP,AUTO ÔNIBUS DEL OESTE LTDA - EPP,,Morro Agudo,,MÁ CONDIÇÃO DE VEÍCULO,FISCALIZAÇÃO,2025-10-17,-8.0,NO PRAZO,-8.0,,OK
2025092914524790, 134.00037387/2025-55,2025-10-15,10,2025-10-25,INTERMUNICIPAL,REGULAR,01.339.438/0001-61,AUTO ÔNIBUS DEL OESTE LTDA - EPP,AUTO ÔNIBUS DEL OESTE LTDA - EPP,,Morro Agudo,,MÁ CONDIÇÃO DE VEÍCULO,FISCALIZAÇÃO,2025-10-17,-8.0,NO PRAZO,-8.0,,OK
2025092602432553, 134.00037389/2025-44,2025-10-15,10,2025-10-25,INTERMUNICIPAL,REGULAR,61.084.018/0001-03,VIAÇÃO COMETA S/A,VIAÇÃO COMETA S/A,COMETA,Franca,Ribeirão Preto,MÁ CONDUTA DO MOTORISTA,REGULAR,2025-10-21,-4.0,NO PRAZO,-4.0,TC1,OK
2025101607415995,134.00037584/2025-74,2025-10-16,10,2025-10-26,METROPOLITANO,REGULAR,21.659.864/0001-90,BR MOBILIDADE,BR MOBILIDADE BAIXADA SANTISTA S.A. - SPE,BR MOBILIDADE,Praia Grande,Santos,SUPERLOTAÇÃO DE ÔNIBUS,REGULAR,2025-10-29,3.0,ATRASADO,3.0,PLANEJAMENTO,OK
2025101607161037,134.00037585/2025-19,2025-10-16,10,2025-10-26,METROPOLITANO,REGULAR,08.351.253/0001-11,INTERNORTE,CONSÓRCIO INTERNORTE DE TRANSPORTES,INTERNORTE,Guarulhos,São Paulo,SUPERLOTAÇÃO DE ÔNIBUS,FISCALIZAÇÃO,2025-10-28,2.0,ATRASADO,2.0,SP,OK
2025093017423357,134.00037579/2025-61,2025-10-16,10,2025-10-26,METROPOLITANO,REGULAR,45.992.724/0001-05,RAPIDO CAMPINAS,RAPIDO LUXO CAMPINAS LTDA,RAPIDO CAMPINAS,Pedreira,Campinas,MÁ CONDIÇÃO DE VEÍCULO,FISCALIZAÇÃO,2025-11-04,9.0,ATRASADO,9.0,CN,OK
2025092916173596, 134.00037570/2025-51,2025-10-16,10,2025-10-26,INTERMUNICIPAL,REGULAR,07.022.473/0001-39,RAPIDO FENIX VIAÇÃO LTDA,RAPIDO FENIX VIAÇÃO LTDA,,Campinas,Socorro,MÁ CONDIÇÃO DE VEÍCULO,FISCALIZAÇÃO,2025-10-29,3.0,ATRASADO,3.0,,OK
2025093012235195, 134.00037574/2025-39,2025-10-16,10,2025-10-26,INTERMUNICIPAL,REGULAR,61.563.557/0001-25,EMPRESA DE ÔNIBUS PASSARO MARRON S/A,EMPRESA DE ÔNIBUS PASSARO MARRON S/A,PASSARO MARRON,Cachoeira Paulista,São José dos Campos,MÁ CONDIÇÃO DE VEÍCULO,FISCALIZAÇÃO,2025-10-28,2.0,ATRASADO,2.0,,OK
2025093019291357, 134.00037580/2025-96,2025-10-16,10,2025-10-26,INTERMUNICIPAL,FRETAMENTO,47.939.199/0001-81,VB TRANSPORTES/LIRA,HELIO APARECIDO BRAGA 06885710857 - ME,TRANSPORTE,Campinas,Guarulhos,PRESTAÇÃO DE SERVIÇO DA EMPRESA,REGULAR,2025-10-21,-5.0,NO PRAZO,-5.0,TC1,OK
2025100613573714, 134.00037582/2025-85,2025-10-16,10,2025-10-26,INTERMUNICIPAL,REGULAR,61.084.018/0001-03,VIAÇÃO COMETA S/A,VIAÇÃO COMETA S/A,COMETA,,,MÁ CONDUTA DO MOTORISTA,FISCALIZAÇÃO,2025-10-20,-6.0,NO PRAZO,-6.0,PL TC5,OK
2025101618182413, 134.00037587/2025-16,2025-10-16,10,2025-10-26,INTERMUNICIPAL,REGULAR,13.245.713/0001-67,VIASOL TRANSPORTES RODOVIÁRIOS LTDA.,VIASOL TRANSPORTES RODOVIÁRIOS LTDA.,,Rio Claro,Araras,MÁ CONDIÇÃO DE VEÍCULO,FISCALIZAÇÃO,2025-10-17,-9.0,NO PRAZO,-9.0,,OK
2025101623413964,134.00037763/2025-10,2025-10-17,10,2025-10-27,METROPOLITANO,REGULAR,,,,,,,PRESTAÇÃO DE SERVIÇO DA EMPRESA,FISCALIZAÇÃO,2025-10-23,-4.0,NO PRAZO,-4.0,RTO,OK
2025101712113270,134.00037764/2025-56,2025-10-17,10,2025-10-27,METROPOLITANO,REGULAR,08.351.253/0001-11,INTERNORTE,CONSÓRCIO INTERNORTE DE TRANSPORTES,INTERNORTE,Guarulhos,São Paulo,MUDANÇA DE TABELA DE HORÁRIO,REGULAR,2025-10-23,-4.0,NO PRAZO,-4.0,PLANEJAMNETO,OK
2025101709384456,134.00037768/2025-34,2025-10-17,10,2025-10-27,METROPOLITANO,REGULAR,,,,,,,PRESTAÇÃO DE SERVIÇO DA EMPRESA,REGULAR,2025-10-23,-4.0,NO PRAZO,-4.0,PLANEJAMNETO,OK
2025101710165687,134.00037767/2025-90,2025-10-17,10,2025-10-27,METROPOLITANO,REGULAR,08.351.253/0001-11,INTERNORTE,CONSÓRCIO INTERNORTE DE TRANSPORTES,INTERNORTE,Guarulhos,São Paulo,ADIANTAMENTO/ATRASO DE VEÍCULO,FISCALIZAÇÃO,2025-10-28,1.0,ATRASADO,1.0,SP,OK
2025101711032878,134.00037769/2025-89,2025-10-17,10,2025-10-27,METROPOLITANO,REGULAR,08.351.253/0001-11,INTERNORTE,CONSÓRCIO INTERNORTE DE TRANSPORTES,INTERNORTE,Guarulhos,São Paulo,ADIANTAMENTO/ATRASO DE VEÍCULO,FISCALIZAÇÃO,2025-10-28,1.0,ATRASADO,1.0,SP,OK
2025101714211837,134.00037771/2025-58,2025-10-17,10,2025-10-27,METROPOLITANO,REGULAR,08.351.253/0001-11,INTERNORTE,CONSÓRCIO INTERNORTE DE TRANSPORTES,INTERNORTE,Guarulhos,São Paulo,ADIANTAMENTO/ATRASO DE VEÍCULO,FISCALIZAÇÃO,2025-10-28,1.0,ATRASADO,1.0,SP,OK
2025101616573466,134.00037766/2025-45,2025-10-17,25,2025-11-11,METROPOLITANO,REGULAR,,,,,Porto Feliz,Boituva,TRANSPORTE CLANDESTINO,FISCALIZAÇÃO,2025-11-10,-1.0,NO PRAZO,-1.0,SB,OK
2025101621253232,134.00037765/2025-09,2025-10-17,10,2025-10-27,METROPOLITANO,REGULAR,20.336.241/0001-13,BUS +,CONSORCIO BUS +,BUS +,Sumaré,Campinas,ADIANTAMENTO/ATRASO DE VEÍCULO,FISCALIZAÇÃO,2025-10-24,-3.0,NO PRAZO,-3.0,CN,OK
2025101418053521, 134.00037792/2025-73,2025-10-17,10,2025-10-27,INTERMUNICIPAL,REGULAR,44.944.577/0001-27,VIAÇÃO SÃO BENTO LTDA,VIAÇÃO SÃO BENTO LTDA,,Batatais,Ribeirão Preto,MÁ CONDIÇÃO DE VEÍCULO,FISCALIZAÇÃO,2025-10-30,3.0,ATRASADO,3.0,,OK
2025101711145561, 134.00034535/2025-80,2025-10-17,10,2025-10-27,INTERMUNICIPAL,REGULAR,44.993.632/0001-79,EMPRESAS REUNIDAS PAULISTA DE TRANSPORTES LTDA,EMPRESAS REUNIDAS PAULISTA DE TRANSPORTES LTDA,,,,GRATUIDADE DE IDOSOS,REGULAR,2025-10-28,1.0,ATRASADO,1.0,TC3,OK
2025101609231232, 134.00037795/2025-15,2025-10-17,10,2025-10-27,INTERMUNICIPAL,REGULAR,54.360.623/0001-02,VIAÇÃO PIRACICABANA S/A,VIAÇÃO PIRACICABANA S/A,PIRACICABANA,,,MÁ CONDUTA DO MOTORISTA,FRETAMENTO,2025-11-03,7.0,ATRASADO,7.0,,OK
2025101712512651, 134.00037770/2025-11,2025-10-17,10,2025-10-27,INTERMUNICIPAL,REGULAR,01.339.438/0001-61,AUTO ÔNIBUS DEL OESTE LTDA - EPP,AUTO ÔNIBUS DEL OESTE LTDA - EPP,,Pontal,Ribeirão Preto,COBRANÇA DE PASSAGEM,REGULAR,2025-10-23,-4.0,NO PRAZO,-4.0,TC1,OK
2025101716083012, 134.00037773/2025-47,2025-10-17,10,2025-10-27,INTERMUNICIPAL,REGULAR,58.565.771/0001-06,VIAÇÃO LIRA LTDA,VIAÇÃO LIRA LTDA,LIRABUSS,São Paulo,Campinas,MUDANÇA DE ITINERÁRIO,REGULAR,2025-10-28,1.0,ATRASADO,1.0,TC1,OK
2025101620511235, 134.00037772/2025-01,2025-10-17,10,2025-10-27,INTERMUNICIPAL,REGULAR,61.084.018/0001-03,VIAÇÃO COMETA S/A,VIAÇÃO COMETA S/A,COMETA,,,MÁ CONDUTA DO MOTORISTA,FISCALIZAÇÃO,2025-10-20,-7.0,NO PRAZO,-7.0,,OK
2025101715535053,134.00037881/2025-10,2025-10-20,10,2025-10-30,METROPOLITANO,REGULAR,08.351.253/0001-11,INTERNORTE,CONSÓRCIO INTERNORTE DE TRANSPORTES,INTERNORTE,Arujá,São Paulo,SUPERLOTAÇÃO DE ÔNIBUS,FISCALIZAÇÃO,2025-10-23,-7.0,NO PRAZO,-7.0,SP,OK
2025101719065689,134.00038008/2025-44,2025-10-20,10,2025-10-30,METROPOLITANO,REGULAR,20.336.241/0001-13,BUS +,CONSORCIO BUS +,BUS +,Sumaré,Campinas,ADIANTAMENTO/ATRASO DE VEÍCULO,FISCALIZAÇÃO,2025-10-29,-1.0,NO PRAZO,-1.0,CN,OK
2025101721031832,134.00037995/2025-60,2025-10-20,10,2025-10-30,METROPOLITANO,REGULAR,08.325.415/0001-47,UNILESTE,CONSÓRCIO UNILESTE,UNILESTE,Santa Isabel,Mogi das Cruzes,ADIANTAMENTO/ATRASO DE VEÍCULO,FISCALIZAÇÃO,2025-10-30,0.0,NO PRAZO,0.0,SP,OK
2025101708425531,134.00037994/2025-15,2025-10-20,10,2025-11-06,METROPOLITANO,REGULAR,40.181.203/0001-46,NEXTMOBILIDADE,ABC SISTEMA DE TRANSPORTE SPE S.A.,NEXTMOBILIDADE,Ribeirão Pires,Suzano,ADIANTAMENTO/ATRASO DE VEÍCULO,FISCALIZAÇÃO,2025-11-04,-2.0,NO PRAZO,-2.0,SP,OK
2025101715535053,134.00037881/2025-10,2025-10-20,10,2025-10-30,METROPOLITANO,REGULAR,08.351.253/0001-11,INTERNORTE,CONSÓRCIO INTERNORTE DE TRANSPORTES,INTERNORTE,Arujá,São Paulo,SUPERLOTAÇÃO DE ÔNIBUS,FISCALIZAÇÃO,2025-10-24,-6.0,NO PRAZO,-6.0,RTO,OK
2025101918013829,134.00038106/2025-81,2025-10-21,10,2025-10-31,METROPOLITANO,REGULAR,46.887.139/0001-08,EXPRESSO AMARELINHO,EXPRESSO AMARELINHO LTDA,EXPRESSO AMARELINHO LTDA,Boituva,Sorocaba,SOLICITAÇÃO DE INFORMAÇÃO,FISCALIZAÇÃO,2025-10-30,-1.0,NO PRAZO,-1.0,INSPEÇÃO - SB,OK
2025101718044397,134.00038126/2025-52,2025-10-21,10,2025-10-31,METROPOLITANO,REGULAR,,,,,Guarulhos,,MÁ CONDUTA DO MOTORISTA,FISCALIZAÇÃO,2025-10-23,-8.0,NO PRAZO,-8.0,RTO,OK
2025102017495384,134.00038139/2025-21,2025-10-21,10,2025-10-31,METROPOLITANO,REGULAR,72.302.409/0001-73,EXPRESSO REDENÇÃO,EXPRESSO REDENCAO TRANSPORTES E TURISMO LTDA,EXPRESSO REDENÇÃO,São Luiz do Paraitinga,,ACESSIBILIDADE,REGULAR,2025-11-10,10.0,ATRASADO,10.0,PLANEJAMENTO,OK
2025102110054211,134.00038197/2025-55,2025-10-21,10,2025-10-31,METROPOLITANO,REGULAR,46.887.139/0001-08,EXPRESSO AMARELINHO,EXPRESSO AMARELINHO LTDA,EXPRESSO AMARELINHO LTDA,São Miguel Arcanjo,Sorocaba,COBRANÇA DE PASSAGEM,FISCALIZAÇÃO,2025-10-30,-1.0,NO PRAZO,-1.0,SB,OK
2025102110164548, 134.00038261/2025-0,2025-10-21,10,2025-10-31,METROPOLITANO,REGULAR,21.659.864/0001-90,BR MOBILIDADE,BR MOBILIDADE BAIXADA SANTISTA S.A. - SPE,BR MOBILIDADE,Cubatão,Praia Grande,MUDANÇA DE ITINERÁRIO,REGULAR,2025-10-23,-8.0,NO PRAZO,-8.0,PLANEJAMENTO,OK
2025102015141172,134.00038268/2025-10,2025-10-21,10,2025-10-31,METROPOLITANO,REGULAR,,,,,Pirapora do Bom Jesus,,APREENSÃO DE VEÍCULOS,FISCALIZAÇÃO,2025-10-29,-2.0,NO PRAZO,-2.0,SB,OK
2025100619215096, 134.00038089/2025-82,2025-10-21,10,2025-10-31,INTERMUNICIPAL,REGULAR,52.771.516/0001-33,VIAÇÃO SANTA CRUZ LTDA,VIAÇÃO SANTA CRUZ LTDA,,,,GRATUIDADE DE IDOSOS,REGULAR,2025-10-24,-7.0,NO PRAZO,-7.0,TC1,OK
2025100619072528, 134.00038096/2025-84,2025-10-21,10,2025-10-31,INTERMUNICIPAL,REGULAR,59.965.038/0001-41,EXPRESSO ITAMARATI S/A,EXPRESSO ITAMARATI S/A,,Monte Aprazível,São José do Rio Preto,MUDANÇA DE TABELA DE HORÁRIO,REGULAR,2025-10-28,-3.0,NO PRAZO,-3.0,PL,OK
2025102107492012, 134.00038196/2025-19,2025-10-21,10,2025-10-31,INTERMUNICIPAL,REGULAR,45.992.724/0001-05,RAPIDO LUXO CAMPINAS LTDA,RAPIDO LUXO CAMPINAS LTDA,RAPIDO CAMPINAS,Várzea Paulista,Jundiaí,MÁ CONDIÇÃO DE VEÍCULO,FISCALIZAÇÃO,2025-10-30,-1.0,NO PRAZO,-1.0,,OK
2025102112071032, 134.00038194/2025-11,2025-10-21,10,2025-10-31,INTERMUNICIPAL,REGULAR,44.993.632/0001-79,EMPRESAS REUNIDAS PAULISTA DE TRANSPORTES LTDA,EMPRESAS REUNIDAS PAULISTA DE TRANSPORTES LTDA,,Andradina,Campinas,PRESTAÇÃO DE SERVIÇO DA EMPRESA,REGULAR,2025-10-31,0.0,NO PRAZO,0.0,TC3,OK
2025102022054125, 134.00038252/2025-15,2025-10-21,10,2025-10-31,INTERMUNICIPAL,REGULAR,61.563.557/0001-25,EMPRESA DE ÔNIBUS PASSARO MARRON S/A,EMPRESA DE ÔNIBUS PASSARO MARRON S/A,PASSARO MARRON,São Paulo,,PRESTAÇÃO DE SERVIÇO DA EMPRESA,REGULAR,2025-10-28,-3.0,NO PRAZO,-3.0,PL TC5,OK
2025092602432553, 134.00038318/2025-69,2025-10-21,10,2025-10-31,INTERMUNICIPAL,REGULAR,61.084.018/0001-03,VIAÇÃO COMETA S/A,VIAÇÃO COMETA S/A,COMETA,Ribeirão Preto,Franca,MÁ CONDUTA DO MOTORISTA,REGULAR,2025-10-22,-9.0,NO PRAZO,-9.0,TC1,OK
2025100802242436, 134.00038321/2025-82,2025-10-21,10,2025-10-31,INTERMUNICIPAL,REGULAR,59.965.038/0001-41,EXPRESSO ITAMARATI S/A,EXPRESSO ITAMARATI S/A,,Jales,São José do Rio Preto,PRESTAÇÃO DE SERVIÇO DA EMPRESA,REGULAR,2025-10-31,0.0,NO PRAZO,0.0,TC4,OK
2025102015213092,134.00038361/2025-24,2025-10-22,10,2025-11-01,METROPOLITANO,REGULAR,,CAPELLINE,,,Campinas,Sumaré,ACESSIBILIDADE,FISCALIZAÇÃO,2025-10-30,-2.0,NO PRAZO,-2.0,CN,OK
2025102208553888,134.00038375/2025-48,2025-10-22,10,2025-11-01,METROPOLITANO,REGULAR,72.302.409/0001-73,EXPRESSO REDENÇÃO,EXPRESSO REDENCAO TRANSPORTES E TURISMO LTDA,EXPRESSO REDENÇÃO,São Luiz do Paraitinga,,ACESSIBILIDADE,REGULAR,2025-11-10,9.0,ATRASADO,9.0,PLANEJAMENTO,OK
2025102015584934,134.00038444/2025-13,2025-10-22,51,2025-12-12,METROPOLITANO,REGULAR,,,,,Rio Grande da Serra,Santo André,TRANSPORTE CLANDESTINO,FISCALIZAÇÃO,2025-12-11,-1.0,NO PRAZO,-1.0,SP,OK
2025102207450777,134.00038458/2025-37,2025-10-22,30,2025-11-21,METROPOLITANO,REGULAR,,,,,,,SOLICITAÇÃO DE INFORMAÇÃO,REGULAR,2025-11-24,3.0,ATRASADO,3.0,PLANEJAMENTO,OK
2025102121562561, 134.00038471/2025-96,2025-10-22,10,2025-11-01,INTERMUNICIPAL,REGULAR,45.992.724/0001-05,RAPIDO LUXO CAMPINAS LTDA,RAPIDO LUXO CAMPINAS LTDA,RAPIDO CAMPINAS,Várzea Paulista,Jundiaí,MUDANÇA DE ITINERÁRIO,REGULAR,2025-10-28,-4.0,NO PRAZO,-4.0,PL,OK
2025102212484130, 134.00038477/2025-63,2025-10-22,10,2025-11-01,INTERMUNICIPAL,REGULAR,52.771.516/0001-33,VIAÇÃO SANTA CRUZ LTDA,VIAÇÃO SANTA CRUZ LTDA,,Itapira,São Paulo,SOLICITAÇÃO DE INFORMAÇÃO,REGULAR,2025-10-23,-9.0,NO PRAZO,-9.0,TC1,OK
2025102214553232, 134.00038484/2025-65,2025-10-22,10,2025-11-01,INTERMUNICIPAL,REGULAR,53.418.976/0001-45,AVOA DE CANDIDO MOTA LTDA - EPP,AVOA DE CANDIDO MOTA LTDA - EPP,,São Paulo,Bauru,GRATUIDADE DE IDOSOS,REGULAR,2025-10-31,-1.0,NO PRAZO,-1.0,TC3,OK
2025102006525977,134.00038542/2025-51,2025-10-23,10,2025-11-14,METROPOLITANO,REGULAR,,,,,São Paulo,,MÁ CONDUTA DE FUNCIONÁRIOS,FISCALIZAÇÃO,2025-11-13,-1.0,NO PRAZO,-1.0,SP,OK
2025101923444216,134.00038563/2025-76,2025-10-23,10,2025-11-06,METROPOLITANO,REGULAR,08.351.253/0001-11,INTERNORTE,CONSÓRCIO INTERNORTE DE TRANSPORTES,INTERNORTE,Guarulhos,São Paulo,ADIANTAMENTO/ATRASO DE VEÍCULO,FISCALIZAÇÃO,2025-11-05,-1.0,NO PRAZO,-1.0,SP,OK
2025092310514546, 134.00038532/2025-15,2025-10-23,10,2025-11-02,INTERMUNICIPAL,REGULAR,61.084.018/0001-03,VIAÇÃO COMETA S/A,VIAÇÃO COMETA S/A,COMETA,,São Paulo,MÁ CONDUTA DO MOTORISTA,REGULAR,2025-10-28,-5.0,NO PRAZO,-5.0,PL TC5,OK
2025092310373621, 134.00038535/2025-59,2025-10-23,10,2025-11-02,INTERMUNICIPAL,REGULAR,61.084.018/0001-03,VIAÇÃO COMETA S/A,VIAÇÃO COMETA S/A,COMETA,,São Paulo,MÁ CONDUTA DO MOTORISTA,REGULAR,2025-10-28,-5.0,NO PRAZO,-5.0,PL TC5,OK
2025092310494082, 134.00038537/2025-48,2025-10-23,10,2025-11-02,INTERMUNICIPAL,REGULAR,61.084.018/0001-03,VIAÇÃO COMETA S/A,VIAÇÃO COMETA S/A,COMETA,,São Paulo,MÁ CONDUTA DO MOTORISTA,REGULAR,2025-10-28,-5.0,NO PRAZO,-5.0,PL TC6,OK
2025102213520586, 134.00038559/2025-16,2025-10-23,25,2025-11-17,INTERMUNICIPAL,,,,,,Mogi Mirim,Engenheiro Coelho,TRANSPORTE CLANDESTINO,FISCALIZAÇÃO,2025-11-11,-6.0,NO PRAZO,-6.0,,OK
2025102307570498, 134.00038566/2025-18,2025-10-23,10,2025-11-02,INTERMUNICIPAL,REGULAR,07.022.473/0001-39,RAPIDO FENIX VIAÇÃO LTDA,RAPIDO FENIX VIAÇÃO LTDA,,Itatiba,Jundiaí,ADIANTAMENTO/ATRASO DE VEÍCULO,FISCALIZAÇÃO,2025-10-30,-3.0,NO PRAZO,-3.0,,OK
2025102019394418, 134.00038568/2025-07,2025-10-23,10,2025-11-02,INTERMUNICIPAL,,,,,,Adamantina,Dracena,TRANSPORTE CLANDESTINO,FISCALIZAÇÃO,2025-11-11,9.0,ATRASADO,9.0,,OK
2025102315442324,134.00038636/2025-20,2025-10-24,10,2025-11-03,METROPOLITANO,REGULAR,,,,,Jaguariúna,Campinas,MÁ CONDIÇÃO DE VEÍCULO,FISCALIZAÇÃO,2025-11-04,1.0,ATRASADO,1.0,CN,OK
2025102312191731,134.00038638/2025-19,2025-10-24,10,2025-11-03,METROPOLITANO,REGULAR,45.992.724/0001-05,RAPIDO CAMPINAS,RAPIDO LUXO CAMPINAS LTDA,RAPIDO CAMPINAS,Cajamar,São Paulo,ADIANTAMENTO/ATRASO DE VEÍCULO,FISCALIZAÇÃO,2025-11-11,8.0,ATRASADO,8.0,SP,OK
2025101317433912,134.00038833/2025-49,2025-10-24,10,2025-11-03,METROPOLITANO,REGULAR,20.336.241/0001-13,BUS +,CONSORCIO BUS +,BUS +,Sumaré,Campinas,MÁ CONDIÇÃO DE VEÍCULO,FISCALIZAÇÃO,2025-11-04,1.0,ATRASADO,1.0,CN,OK
2025101506352116,134.00038731/2025-23,2025-10-24,10,2025-11-03,METROPOLITANO,FRETAMENTO,46.090.221/0001-07,CAPELLINi,TRANSPORTES CAPELLINI LTDA,TRANSPORTES CAPELLINI,Americana,Campinas,ADIANTAMENTO/ATRASO DE VEÍCULO,FISCALIZAÇÃO,2025-11-03,0.0,NO PRAZO,0.0,CN,OK
2025091819204867, 134.00038639/2025-63,2025-10-24,10,2025-11-03,INTERMUNICIPAL,REGULAR,61.084.018/0001-03,VIAÇÃO COMETA S/A,VIAÇÃO COMETA S/A,COMETA,Ribeirão Preto,São Paulo,GRATUIDADE DE IDOSOS,FRETAMENTO,2025-11-10,7.0,ATRASADO,7.0,TC1,OK
2025100817000175, 134.00038777/2025-42,2025-10-24,10,2025-11-03,INTERMUNICIPAL,REGULAR,01.339.438/0001-61,AUTO ÔNIBUS DEL OESTE LTDA - EPP,AUTO ÔNIBUS DEL OESTE LTDA - EPP,,Monte Azul Paulista,,ADIANTAMENTO/ATRASO DE VEÍCULO,REGULAR,2025-11-11,8.0,ATRASADO,8.0,REDIRECIONOU PARA FISC. INTER.,OK
2025101621073096, 134.00038847/2025-62,2025-10-24,10,2025-11-03,INTERMUNICIPAL,REGULAR,61.084.018/0001-03,VIAÇÃO COMETA S/A,VIAÇÃO COMETA S/A,COMETA,São Paulo,Sorocaba,PRESTAÇÃO DE SERVIÇO DA EMPRESA,FISCALIZAÇÃO,2025-10-29,-5.0,NO PRAZO,-5.0,,OK
2025090912490340, 134.00038632/2025-41,2025-10-24,10,2025-11-03,INTERMUNICIPAL,REGULAR,07.022.473/0001-39,RAPIDO FENIX VIAÇÃO LTDA,RAPIDO FENIX VIAÇÃO LTDA,,São Paulo,,ADIANTAMENTO/ATRASO DE VEÍCULO,FISCALIZAÇÃO,2025-10-31,-3.0,NO PRAZO,-3.0,,OK
2025101221011286, 134.00038813/2025-78,2025-10-24,10,2025-11-03,INTERMUNICIPAL,REGULAR,44.944.577/0001-27,VIAÇÃO SÃO BENTO LTDA,VIAÇÃO SÃO BENTO LTDA,,Ribeirão Preto,Altinópolis,PRESTAÇÃO DE SERVIÇO DA EMPRESA,FISCALIZAÇÃO,2025-10-30,-4.0,NO PRAZO,-4.0,,OK
2025102308342536,134.00039102/2025-11,2025-10-28,10,2025-11-12,METROPOLITANO,REGULAR,08.351.253/0001-11,INTERNORTE,CONSÓRCIO INTERNORTE DE TRANSPORTES,INTERNORTE,Guarulhos,,MÁ CONDIÇÃO DE VEÍCULO,FISCALIZAÇÃO,2025-11-11,-1.0,NO PRAZO,-1.0,SP,OK
2025102218162174,134.00039107/2025-43,2025-10-28,10,2025-11-07,METROPOLITANO,REGULAR,72.302.409/0001-73,EXPRESSO REDENÇÃO,EXPRESSO REDENCAO TRANSPORTES E TURISMO LTDA,EXPRESSO REDENÇÃO,São Luiz do Paraitinga,,ACESSIBILIDADE,REGULAR,2025-11-10,3.0,ATRASADO,3.0,PLANEJAMENTO,OK
2025102118505020,134.00039124/2025-81,2025-10-28,10,2025-11-07,METROPOLITANO,REGULAR,40.181.203/0001-46,NEXTMOBILIDADE,ABC SISTEMA DE TRANSPORTE SPE S.A.,NEXTMOBILIDADE,São Bernardo do Campo,Santo André,NÃO PARADA DO VEÍCULO NO PONTO,FISCALIZAÇÃO,2025-10-11,-27.0,NO PRAZO,-27.0,SP,OK
2025102808431543,134.00039279/2025-17,2025-10-28,10,2025-11-07,METROPOLITANO,REGULAR,,,,,,,SOLICITAÇÃO DE INFORMAÇÃO,FISCALIZAÇÃO,2025-10-30,-8.0,NO PRAZO,-8.0,SP,OK
2025102209454087, 134.00039088/2025-55,2025-10-28,20,2025-11-17,INTERMUNICIPAL,REGULAR,59.965.038/0001-41,EXPRESSO ITAMARATI S/A,EXPRESSO ITAMARATI S/A,,Altair,Olímpia,MUDANÇA DE ITINERÁRIO,REGULAR,2025-11-14,-3.0,NO PRAZO,-3.0,PL TC4,OK
2025102813574547, 134.00039113/2025-09,2025-10-28,20,2025-11-17,INTERMUNICIPAL,REGULAR,59.965.038/0001-41,EXPRESSO ITAMARATI S/A,EXPRESSO ITAMARATI S/A,,São Paulo,,PRESTAÇÃO DE SERVIÇO DA EMPRESA,REGULAR,2025-11-14,-3.0,NO PRAZO,-3.0,PL,OK
2025102412071774, 134.00039188/2025-81,2025-10-28,10,2025-11-07,INTERMUNICIPAL,,,,,,São Paulo,Bertioga,MUDANÇA DE TABELA DE HORÁRIO,REGULAR,2025-10-31,-7.0,NO PRAZO,-7.0,PL,OK
2025102421332136, 134.00039193/2025-94,2025-10-28,10,2025-11-07,INTERMUNICIPAL,REGULAR,07.022.473/0001-39,RAPIDO FENIX VIAÇÃO LTDA,RAPIDO FENIX VIAÇÃO LTDA,,São Paulo,,ADIANTAMENTO/ATRASO DE VEÍCULO,FISCALIZAÇÃO,2025-10-29,-9.0,NO PRAZO,-9.0,,OK
2025102416173996, 134.00039245/2025-22,2025-10-28,10,2025-11-07,INTERMUNICIPAL,REGULAR,76.546.084/0002-06,EMPRESA CURITIBA CERRO AZUL LTDA,EMPRESA CURITIBA CERRO AZUL LTDA,,Indaiatuba,,NÃO PARADA DO VEÍCULO NO PONTO,FISCALIZAÇÃO,2025-11-10,3.0,ATRASADO,3.0,,OK
2025102316214991,,2025-10-28,45,2025-12-12,INTERMUNICIPAL,,,,,,São Joaquim da Barra,Olímpia,TRANSPORTE CLANDESTINO,FISCALIZAÇÃO,2025-12-01,-11.0,NO PRAZO,-11.0,,OK
2025102316280279,,2025-10-28,45,2025-12-12,INTERMUNICIPAL,,,,,,São Joaquim da Barra,Campinas,TRANSPORTE CLANDESTINO,FISCALIZAÇÃO,2025-12-01,-11.0,NO PRAZO,-11.0,,OK
2025102211151125,134.00039424/2025-60,2025-10-29,20,2025-11-18,METROPOLITANO,FRETAMENTO,,GARAGEM,,,Franco da Rocha,,MÁ CONDUTA DE FUNCIONÁRIOS,FISCALIZAÇÃO,2025-11-13,-5.0,NO PRAZO,-5.0,INSPEÇÃO SP,OK
2025102106572670,134.00039429/2025-92,2025-10-29,10,2025-11-08,METROPOLITANO,REGULAR,08.351.253/0001-11,INTERNORTE,CONSÓRCIO INTERNORTE DE TRANSPORTES,INTERNORTE,Guarulhos,São Paulo,PRESTAÇÃO DE SERVIÇO DA EMPRESA,REGULAR,2025-11-10,2.0,ATRASADO,2.0,SP,OK
2025102620205122,134.00039451/2025-32,2025-10-29,10,2025-11-08,METROPOLITANO,REGULAR,,,,,,,SOLICITAÇÃO DE INFORMAÇÃO,FISCALIZAÇÃO,2025-11-10,2.0,ATRASADO,2.0,SP,OK
2025102908442185,134.00041150/2025-79,2025-10-29,22,2025-11-20,METROPOLITANO,REGULAR,,,,,,São Paulo,SOLICITAÇÃO DE INFORMAÇÃO,FISCALIZAÇÃO,2025-11-13,-7.0,NO PRAZO,-7.0,SP,OK
2025102710562864,134.00039462/2025-12,2025-10-29,10,2025-11-08,METROPOLITANO,REGULAR,21.659.864/0001-90,BR MOBILIDADE,BR MOBILIDADE BAIXADA SANTISTA S.A. - SPE,BR MOBILIDADE,Cubatão,São Vicente,SOLICITAÇÃO DE INFORMAÇÃO,REGULAR,2025-11-10,2.0,ATRASADO,2.0,PLANEJAMENTO,OK
2025102711021080,134.00039466/2025-09,2025-10-29,10,2025-11-08,METROPOLITANO,REGULAR,21.659.864/0001-90,BR MOBILIDADE,BR MOBILIDADE BAIXADA SANTISTA S.A. - SPE,BR MOBILIDADE,Cubatão,São Vicente,SOLICITAÇÃO DE INFORMAÇÃO,REGULAR,2025-11-10,2.0,ATRASADO,2.0,PLANEJAMENTO,OK
2025102621355527, 134.00039457/2025-18,2025-10-29,10,2025-11-08,INTERMUNICIPAL,REGULAR,61.084.018/0001-03,VIAÇÃO COMETA S/A,VIAÇÃO COMETA S/A,COMETA,São Paulo,Tatuí,PRESTAÇÃO DE SERVIÇO DA EMPRESA,FISCALIZAÇÃO,2025-11-11,3.0,ATRASADO,3.0,,OK
2025102410192237, 134.00041142/2025-22,2025-10-29,25,2025-11-23,INTERMUNICIPAL,,,,,,Mogi Mirim,Engenheiro Coelho,TRANSPORTE CLANDESTINO,FISCALIZAÇÃO,2025-11-11,-12.0,NO PRAZO,-12.0,,OK
2025102708305071, 134.00041147/2025-55,2025-10-29,20,2025-11-18,INTERMUNICIPAL,FRETAMENTO,06.254.306/0001-50,GIRALDI,GIRALDI & GIRALDI TRANSPORTE E TURISMO LTDA,GIRALDI & GIRALDI TRANSPO,Itapira,Praia Grande,MÁ CONDUTA DO MOTORISTA,FISCALIZAÇÃO,2025-11-17,-1.0,NO PRAZO,-1.0,,OK
2025102914330651, 134.00039480/2025-02,2025-10-29,10,2025-11-08,INTERMUNICIPAL,REGULAR,61.084.018/0001-03,VIAÇÃO COMETA S/A,VIAÇÃO COMETA S/A,COMETA,Guarulhos,São Vicente,BILHETE DE PASSAGEM,FISCALIZAÇÃO,2025-11-11,3.0,ATRASADO,3.0,PL,OK
2025102906514394, 134.00039633/2025-11,2025-10-29,10,2025-11-14,INTERMUNICIPAL,REGULAR,61.084.018/0001-03,VIAÇÃO COMETA S/A,VIAÇÃO COMETA S/A,COMETA,São Paulo,Sorocaba,MÁ CONDIÇÃO DE VEÍCULO,FISCALIZAÇÃO,2025-11-14,0.0,NO PRAZO,0.0,INSPEÇÃO,OK
2025102711112698,134.00039662/2025-75,2025-10-30,10,2025-11-09,METROPOLITANO,REGULAR,21.659.864/0001-90,BR MOBILIDADE,BR MOBILIDADE BAIXADA SANTISTA S.A. - SPE,BR MOBILIDADE,Cubatão,São Vicente,SOLICITAÇÃO DE INFORMAÇÃO,REGULAR,2025-11-10,1.0,ATRASADO,1.0,PLANEJAMENTO,OK
2025102714125084,134.00039670/2025-11,2025-10-30,10,2025-11-09,METROPOLITANO,REGULAR,20.336.241/0001-13,BUS +,CONSORCIO BUS +,BUS +,Santo Antônio de Posse,Campinas,MUDANÇA DE TABELA DE HORÁRIO,REGULAR,2025-11-10,1.0,ATRASADO,1.0,PLANEJAMENTO,OK
2025102715122029,134.00039693/2025-26,2025-10-30,10,2025-11-09,METROPOLITANO,REGULAR,,,,,Guaratinguetá,,SUGESTÃO,REGULAR,2025-11-10,1.0,ATRASADO,1.0,PLANEJAMENTO,OK
2025102512511236, 134.00039655/2025-73,2025-10-30,10,2025-11-09,INTERMUNICIPAL,REGULAR,01.339.438/0001-61,AUTO ÔNIBUS DEL OESTE LTDA - EPP,AUTO ÔNIBUS DEL OESTE LTDA - EPP,,Pontal,Ribeirão Preto,BILHETE DE PASSAGEM,REGULAR,2025-11-10,1.0,ATRASADO,1.0,PL,OK
2025102706392238, 134.00039661/2025-21,2025-10-30,10,2025-11-09,INTERMUNICIPAL,REGULAR,45.992.724/0001-05,RAPIDO LUXO CAMPINAS LTDA,RAPIDO LUXO CAMPINAS LTDA,RAPIDO CAMPINAS,Itupeva,,ADIANTAMENTO/ATRASO DE VEÍCULO,FISCALIZAÇÃO,2025-11-10,1.0,ATRASADO,1.0,,OK
2025102712191033, 134.00039666/2025-53,2025-10-30,20,2025-11-19,INTERMUNICIPAL,REGULAR,13.245.713/0001-67,VIASOL TRANSPORTES RODOVIÁRIOS LTDA.,VIASOL TRANSPORTES RODOVIÁRIOS LTDA.,,Rio Claro,Araras,MÁ CONDIÇÃO DE VEÍCULO,FISCALIZAÇÃO,2025-11-18,-1.0,NO PRAZO,-1.0,,OK
2025102723220315, 134.00039673/2025-55,2025-10-30,10,2025-11-09,INTERMUNICIPAL,REGULAR,72.543.978/0001-00,GUERINO SEISCENTO TRANSPORTES S/A,GUERINO SEISCENTO TRANSPORTES S/A,,Jundiaí,São Paulo,PRESTAÇÃO DE SERVIÇO DA EMPRESA,FISCALIZAÇÃO,2025-11-03,-6.0,NO PRAZO,-6.0,,OK
2025102814084719,134.00040247/2025-64,2025-10-31,28,2025-11-28,METROPOLITANO,REGULAR,,,,,Guarulhos,São Paulo,MÁ CONDUTA DO MOTORISTA,FISCALIZAÇÃO,2025-12-03,5.0,ATRASADO,5.0,RTO,OK
2025102806240011,134.00040260/2025-13,2025-10-31,20,2025-11-20,METROPOLITANO,REGULAR,08.351.253/0001-11,INTERNORTE,CONSÓRCIO INTERNORTE DE TRANSPORTES,INTERNORTE,Guarulhos,São Paulo,ADIANTAMENTO/ATRASO DE VEÍCULO,FISCALIZAÇÃO,2025-11-14,-6.0,NO PRAZO,-6.0,SP,OK
2025102820531289,134.00040288/2025-51,2025-10-31,10,2025-11-10,METROPOLITANO,REGULAR,20.336.241/0001-13,BUS +,CONSORCIO BUS +,BUS +,Hortolândia,Campinas,SUGESTÃO,REGULAR,2025-11-11,1.0,ATRASADO,1.0,PLANEJAMENTO,OK
2025102821260283,134.00040292/2025-19,2025-10-31,10,2025-11-10,METROPOLITANO,REGULAR,08.325.415/0001-47,UNILESTE,CONSÓRCIO UNILESTE,UNILESTE,Suzano,Mogi das Cruzes,ADIANTAMENTO/ATRASO DE VEÍCULO,FISCALIZAÇÃO,2025-11-11,1.0,ATRASADO,1.0,SP,OK
2025102912242713,134.00040296/2025-05,2025-10-31,20,2025-11-20,METROPOLITANO,REGULAR,08.351.253/0001-11,INTERNORTE,CONSÓRCIO INTERNORTE DE TRANSPORTES,INTERNORTE,Sumaré,Hortolândia,SUPERLOTAÇÃO DE ÔNIBUS,FISCALIZAÇÃO,2025-11-13,-7.0,NO PRAZO,-7.0,CN,OK
2025102913250512,134.00040302/2025-16,2025-10-31,20,2025-11-20,METROPOLITANO,REGULAR,20.336.241/0001-13,BUS +,CONSORCIO BUS +,BUS +,Hortolândia,Campinas,SUGESTÃO,REGULAR,2025-11-14,-6.0,NO PRAZO,-6.0,PLANEJAMENTO,OK
2025102918511862,134.00040306/2025-02,2025-10-31,10,2025-11-10,METROPOLITANO,REGULAR,,,,,Franco da Rocha,Jundiaí,PRESTAÇÃO DE SERVIÇO DA EMPRESA,REGULAR,2025-11-11,1.0,ATRASADO,1.0,PLANEJAMENTO,OK
2025102715291746,,2025-10-31,10,2025-11-10,INTERMUNICIPAL,,,,,,,,,,2025-11-03,-7.0,NO PRAZO,-7.0,REDIRECIONADA A SUSAM,OK
2025102622172812, 134.00040241/2025-97,2025-10-31,10,2025-11-10,INTERMUNICIPAL,,,,,,São João da Boa Vista,,SOLICITAÇÃO DE INFORMAÇÃO,FRETAMENTO,2025-11-10,0.0,NO PRAZO,0.0,,OK
2025102808030284, 134.00040277/2025-71,2025-10-31,20,2025-11-20,INTERMUNICIPAL,,,,,,Ribeirão Preto,,SOLICITAÇÃO DE INFORMAÇÃO,REGULAR,2025-11-14,-6.0,NO PRAZO,-6.0,PLANEJAMENTO,OK
2025102812573538, 134.00040280/2025-94,2025-10-31,10,2025-11-10,INTERMUNICIPAL,FRETAMENTO,,FONSECA NOGUEIRA TURISMO,,,,,MULTA,FRETAMENTO,2025-11-06,-4.0,NO PRAZO,-4.0,,OK
2025102814041553,,2025-10-31,10,2025-11-10,INTERMUNICIPAL,,,,,,,,,,2025-11-04,-6.0,NO PRAZO,-6.0,REDIRECIONADA A SEDUC,OK
2025101719172721,134.00040320/2025-06,2025-11-03,10,2025-11-13,METROPOLITANO,REGULAR,20.336.241/0001-13,BUS +,CONSORCIO BUS +,BUS +,Artur Nogueira,Campinas,SUGESTÃO,REGULAR,2025-11-11,-2.0,NO PRAZO,-2.0,PLANEJAMENTO,OK
2025103008464554,134.00040440/2025-03,2025-11-03,10,2025-11-13,METROPOLITANO,REGULAR,08.351.253/0001-11,INTERNORTE,CONSÓRCIO INTERNORTE DE TRANSPORTES,INTERNORTE,São Paulo,Guarulhos,ADIANTAMENTO/ATRASO DE VEÍCULO,FISCALIZAÇÃO,2025-11-13,0.0,NO PRAZO,0.0,SP,OK
2025102919410029, 134.00040432/2025-59,2025-11-03,10,2025-11-13,INTERMUNICIPAL,REGULAR,55.140.818/0001-00,AUTO VIAÇÃO M.M. SOUZA TURISMO LTDA,AUTO VIAÇÃO M.M. SOUZA TURISMO LTDA,,,,MULTA,FRETAMENTO,2025-11-10,-3.0,NO PRAZO,-3.0,,OK
2025103023150846, 134.00040736/2025-16,2025-11-03,10,2025-11-13,INTERMUNICIPAL,REGULAR,54.360.623/0001-02,VIAÇÃO PIRACICABANA S/A,VIAÇÃO PIRACICABANA S/A,PIRACICABANA,Lins,Araçatuba,SOLICITAÇÃO DE INFORMAÇÃO,REGULAR,2025-11-14,1.0,ATRASADO,1.0,TC3,OK
2025102909015137, 134.00041154/2025-57,2025-11-03,25,2025-11-28,INTERMUNICIPAL,,,,,,Mogi Mirim,Engenheiro Coelho,TRANSPORTE CLANDESTINO,FISCALIZAÇÃO,2025-11-11,-17.0,NO PRAZO,-17.0,,OK
2025103010253329,134.00040447/2025-17,2025-11-04,10,2025-11-14,METROPOLITANO,REGULAR,08.390.180/0001-77,INTERVIAS,CONSÓRCIO INTERVIAS,INTERVIAS,Embu das Artes,São Paulo,ADIANTAMENTO/ATRASO DE VEÍCULO,FISCALIZAÇÃO,2025-11-13,-1.0,NO PRAZO,-1.0,SP,OK
2025103011140873,134.00040450/2025-31,2025-11-04,20,2025-11-24,METROPOLITANO,REGULAR,08.325.415/0001-47,UNILESTE,CONSÓRCIO UNILESTE,UNILESTE,Poá,São Paulo,ADIANTAMENTO/ATRASO DE VEÍCULO,REGULAR,2025-11-24,0.0,NO PRAZO,0.0,PLANEJAMENTO,OK
2025103017004914,134.00040462/2025-65,2025-11-04,20,2025-11-24,METROPOLITANO,REGULAR,,,,,São Paulo,Guarulhos,MUDANÇA DE ITINERÁRIO,FISCALIZAÇÃO,2025-12-03,9.0,ATRASADO,9.0,RTO,OK
2025103011324740,134.00040525/2025-83,2025-11-04,10,2025-11-14,METROPOLITANO,REGULAR,08.390.180/0001-77,INTERVIAS,CONSÓRCIO INTERVIAS,INTERVIAS,Embu das Artes,São Paulo,ADIANTAMENTO/ATRASO DE VEÍCULO,FISCALIZAÇÃO,2025-11-13,-1.0,NO PRAZO,-1.0,SP,OK
2025103011332290,134.00040727/2025-25,2025-11-04,10,2025-11-14,METROPOLITANO,REGULAR,08.390.180/0001-77,INTERVIAS,CONSÓRCIO INTERVIAS,INTERVIAS,Embu das Artes,São Paulo,ADIANTAMENTO/ATRASO DE VEÍCULO,FISCALIZAÇÃO,2025-11-13,-1.0,NO PRAZO,-1.0,SP,OK
2025103013403340,134.00040729/2025-14,2025-11-04,10,2025-11-14,METROPOLITANO,REGULAR,08.351.253/0001-11,INTERNORTE,CONSÓRCIO INTERNORTE DE TRANSPORTES,INTERNORTE,Guarulhos,São Paulo,MÁ CONDUTA DO MOTORISTA,FISCALIZAÇÃO,2025-11-14,0.0,NO PRAZO,0.0,SP,OK
2025103018283270,134.00040731/2025-93,2025-11-04,20,2025-11-24,METROPOLITANO,REGULAR,,,,,Guarulhos,São Paulo,MÁ CONDUTA DO MOTORISTA,FISCALIZAÇÃO,2025-12-04,10.0,ATRASADO,10.0,RTO,OK
2025103020312537,134.00040734/2025-27,2025-11-04,10,2025-11-14,METROPOLITANO,REGULAR,,,,,Guarulhos,São Paulo,MÁ CONDUTA DO MOTORISTA,FISCALIZAÇÃO,2025-11-13,-1.0,NO PRAZO,-1.0,RTO,OK
2025101816552948,134.00041168/2025-71,2025-11-05,20,2025-11-25,METROPOLITANO,REGULAR,08.390.180/0001-77,INTERVIAS,CONSÓRCIO INTERVIAS,INTERVIAS,Embu das Artes,São Paulo,SUPERLOTAÇÃO DE ÔNIBUS,FISCALIZAÇÃO,2025-11-18,-7.0,NO PRAZO,-7.0,SP,OK
2025103109154712,134.00041176/2025-17,2025-11-05,20,2025-11-25,METROPOLITANO,REGULAR,08.419.802/0001-42,ANHANGUERA,CONSÓRCIO ANHANGUERA,ANHANGUERA,Santana de Parnaíba,São Paulo,MUDANÇA DE ITINERÁRIO,REGULAR,2025-11-14,-11.0,NO PRAZO,-11.0,PLANEJAMENTO,OK
2025103112251175,134.00041191/2025-65,2025-11-05,20,2025-11-25,METROPOLITANO,REGULAR,08.351.253/0001-11,INTERNORTE,CONSÓRCIO INTERNORTE DE TRANSPORTES,INTERNORTE,Guarulhos,São Paulo,PRESTAÇÃO DE SERVIÇO DA EMPRESA,FISCALIZAÇÃO,2025-11-18,-7.0,NO PRAZO,-7.0,SP,OK
2025103114524067,134.00041196/2025-98,2025-11-05,20,2025-11-25,METROPOLITANO,REGULAR,08.351.253/0001-11,INTERNORTE,CONSÓRCIO INTERNORTE DE TRANSPORTES,INTERNORTE,Guarulhos,São Paulo,PRESTAÇÃO DE SERVIÇO DA EMPRESA,FISCALIZAÇÃO,2025-11-18,-7.0,NO PRAZO,-7.0,SP,OK
2025103119275343,134.00041208/2025-84,2025-11-05,10,2025-11-15,METROPOLITANO,REGULAR,08.390.180/0001-77,INTERVIAS,CONSÓRCIO INTERVIAS,INTERVIAS,Juquitiba,Itapecerica da Serra,MUDANÇA DE TABELA DE HORÁRIO,REGULAR,2025-11-14,-1.0,NO PRAZO,-1.0,PLANEJAMENTO,OK
2025110200305119,134.00041222/2025-88,2025-11-05,20,2025-11-25,METROPOLITANO,REGULAR,72.302.409/0001-73,EXPRESSO REDENÇÃO,EXPRESSO REDENCAO TRANSPORTES E TURISMO LTDA,EXPRESSO REDENÇÃO,Ubatuba,Taubaté,SUPERLOTAÇÃO DE ÔNIBUS,FISCALIZAÇÃO,2025-11-18,-7.0,NO PRAZO,-7.0,VP,OK
2025110211420489,134.00041234/2025-11,2025-11-05,10,2025-11-15,METROPOLITANO,REGULAR,08.390.180/0001-77,INTERVIAS,CONSÓRCIO INTERVIAS,INTERVIAS,Itapecerica da Serra,Itapecerica da Serra,MUDANÇA DE TABELA DE HORÁRIO,REGULAR,2025-11-14,-1.0,NO PRAZO,-1.0,PLANEJAMENTO,OK
2025110211490772,134.00041256/2025-72,2025-11-05,20,2025-11-25,METROPOLITANO,REGULAR,08.419.802/0001-42,ANHANGUERA,CONSÓRCIO ANHANGUERA,ANHANGUERA,Carapicuíba,Santana de Parnaíba,MUDANÇA DE ITINERÁRIO,REGULAR,2025-11-25,0.0,NO PRAZO,0.0,PLANEJAMENTO,OK
2025110213383560,134.00041265/2025-63,2025-11-05,20,2025-11-25,METROPOLITANO,REGULAR,72.302.409/0001-73,EXPRESSO REDENÇÃO,EXPRESSO REDENCAO TRANSPORTES E TURISMO LTDA,EXPRESSO REDENÇÃO,São Luiz do Paraitinga,Lagoinha,REEMBOLSO DE PASSAGEM ,FISCALIZAÇÃO,2025-11-14,-11.0,NO PRAZO,-11.0,VP,OK
2025101801102440, 134.00041162/2025-01,2025-11-05,10,2025-11-15,INTERMUNICIPAL,REGULAR,44.993.632/0001-79,EMPRESAS REUNIDAS PAULISTA DE TRANSPORTES LTDA,EMPRESAS REUNIDAS PAULISTA DE TRANSPORTES LTDA,,Araçatuba,São Paulo,MÁ CONDIÇÃO DE VEÍCULO,FISCALIZAÇÃO,2025-11-12,-3.0,NO PRAZO,-3.0,INSPEÇÃO,OK
2025103112020224, 134.00041183/2025-19,2025-11-05,10,2025-11-15,INTERMUNICIPAL,,,,,,Mairiporã,Atibaia,MUDANÇA DE ITINERÁRIO,REGULAR,2025-11-12,-3.0,NO PRAZO,-3.0,TC1,OK
2025103119394074, 134.00041212/2025-42,2025-11-05,10,2025-11-15,INTERMUNICIPAL,,,,,,Praia Grande,,SOLICITAÇÃO DE INFORMAÇÃO,FRETAMENTO,2025-11-13,-2.0,NO PRAZO,-2.0,,OK
2025110118522874, 134.00041214/2025-31,2025-11-05,20,2025-11-25,INTERMUNICIPAL,REGULAR,45.992.724/0001-05,RAPIDO LUXO CAMPINAS LTDA,RAPIDO LUXO CAMPINAS LTDA,RAPIDO CAMPINAS,Jundiaí,Cabreúva,ADIANTAMENTO/ATRASO DE VEÍCULO,FISCALIZAÇÃO,2025-11-19,-6.0,NO PRAZO,-6.0,,OK
2025110123425532, 134.00041226/2025-66,2025-11-05,20,2025-11-25,INTERMUNICIPAL,REGULAR,45.992.724/0001-05,RAPIDO LUXO CAMPINAS LTDA,RAPIDO LUXO CAMPINAS LTDA,RAPIDO CAMPINAS,Jundiaí,Cabreúva,ADIANTAMENTO/ATRASO DE VEÍCULO,FISCALIZAÇÃO,2025-11-19,-6.0,NO PRAZO,-6.0,,OK
2025110217283143, 134.00041248/2025-26,2025-11-05,10,2025-11-15,INTERMUNICIPAL,,,,,,,,MUDANÇA DE TABELA DE HORÁRIO,REGULAR,2025-11-11,-4.0,NO PRAZO,-4.0,PL,OK
2025110310461533,134.00041605/2025-56,2025-11-06,20,2025-11-26,METROPOLITANO,REGULAR,08.325.415/0001-47,UNILESTE,CONSÓRCIO UNILESTE,UNILESTE,Mogi das Cruzes,Salesópolis,ADIANTAMENTO/ATRASO DE VEÍCULO,FISCALIZAÇÃO,2025-11-14,-12.0,NO PRAZO,-12.0,SP,OK
2025110416024777, 134.00041529/2025-89,2025-11-06,10,2025-11-16,INTERMUNICIPAL,REGULAR,45.992.724/0001-05,RAPIDO LUXO CAMPINAS LTDA,RAPIDO LUXO CAMPINAS LTDA,RAPIDO CAMPINAS,Jundiaí,Várzea Paulista,ADIANTAMENTO/ATRASO DE VEÍCULO,FISCALIZAÇÃO,2025-11-13,-3.0,NO PRAZO,-3.0,,OK
2025110308165155, 134.00041612/2025-58,2025-11-06,40,2025-12-16,INTERMUNICIPAL,REGULAR,12.100.775/0001-18,DAIANE GONCALVES DE LIMA LTDA,DAIANE GONCALVES DE LIMA LTDA,,São José do Rio Preto,,MÁ CONDIÇÃO DE VEÍCULO,FISCALIZAÇÃO,,45999.0,,,INSPEÇÃO,OK
2025110410131130, 134.00041538/2025-70,2025-11-06,20,2025-11-26,INTERMUNICIPAL,REGULAR,66.473.554/0002-03,VIAÇÃO GUAXUPE LTDA,VIAÇÃO GUAXUPE LTDA,,Águas da Prata,São João da Boa Vista,MÁ CONDIÇÃO DE VEÍCULO,FISCALIZAÇÃO,2025-11-19,-7.0,NO PRAZO,-7.0,,OK
2025110311123533, 134.00041544/2025-27,2025-11-06,20,2025-11-26,INTERMUNICIPAL,REGULAR,07.022.473/0001-39,RAPIDO FENIX VIAÇÃO LTDA,RAPIDO FENIX VIAÇÃO LTDA,,São Paulo,Amparo,MÁ CONDIÇÃO DE VEÍCULO,FISCALIZAÇÃO,2025-11-18,-8.0,NO PRAZO,-8.0,,OK
2025110311303629,134.00041732/2025-55,2025-11-07,20,2025-11-27,METROPOLITANO,REGULAR,08.351.253/0001-11,INTERNORTE,CONSÓRCIO INTERNORTE DE TRANSPORTES,INTERNORTE,Itaquaquecetuba,São Paulo,ADIANTAMENTO/ATRASO DE VEÍCULO,FISCALIZAÇÃO,2025-11-25,-2.0,NO PRAZO,-2.0,SP,OK
2025110415110788,134.00041756/2025-12,2025-11-07,10,2025-11-17,METROPOLITANO,REGULAR,,,,,Praia Grande,Santos,INCLUSÃO DE NOVAS LINHAS,REGULAR,2025-11-14,-3.0,NO PRAZO,-3.0,PLANEJAMENTO,OK
2025110609401997,134.00041782/2025-32,2025-11-07,20,2025-11-27,METROPOLITANO,REGULAR,,,,,São Paulo,,PRESTAÇÃO DE SERVIÇO DA EMPRESA,FISCALIZAÇÃO,2025-12-03,6.0,ATRASADO,6.0,RTO,OK
2025110417024553, 134.00041498/2025-66,2025-11-07,25,2025-12-02,INTERMUNICIPAL,FRETAMENTO,,PRIMAR,,,Araçatuba,São Paulo,TRANSPORTE CLANDESTINO,FISCALIZAÇÃO,2025-11-13,-19.0,NO PRAZO,-19.0,,OK
2025110416571956, 134.00041500/2025-05,2025-11-07,25,2025-12-02,INTERMUNICIPAL,FRETAMENTO,,BRISABUS,,,Araçatuba,São Paulo,TRANSPORTE CLANDESTINO,FISCALIZAÇÃO,2025-11-13,-19.0,NO PRAZO,-19.0,,OK
2025110416380960, 134.00041502/2025-96,2025-11-07,25,2025-12-02,INTERMUNICIPAL,FRETAMENTO,,BRISABUS,,,Araçatuba,São Paulo,TRANSPORTE CLANDESTINO,FISCALIZAÇÃO,2025-11-13,-19.0,NO PRAZO,-19.0,,OK
2025102416295015, 134.00041741/2025-46,2025-11-07,20,2025-11-27,INTERMUNICIPAL,REGULAR,52.771.516/0001-33,VIAÇÃO SANTA CRUZ LTDA,VIAÇÃO SANTA CRUZ LTDA,,São Paulo,Campinas,COBRANÇA DE PASSAGEM,FISCALIZAÇÃO,2025-12-02,5.0,ATRASADO,5.0,,OK
2025110416223823, 134.00041504/2025-85,2025-11-07,25,2025-12-02,INTERMUNICIPAL,FRETAMENTO,,PIONEIRA,,,Araçatuba,São Paulo,TRANSPORTE CLANDESTINO,FISCALIZAÇÃO,2025-12-02,0.0,NO PRAZO,0.0,,OK
2025110414031783, 134.00041505/2025-20,2025-11-07,25,2025-12-02,INTERMUNICIPAL,FRETAMENTO,,PRIMAR,,,Araçatuba,São Paulo,TRANSPORTE CLANDESTINO,FISCALIZAÇÃO,2025-11-13,-19.0,NO PRAZO,-19.0,,OK
2025110413473646, 134.00041507/2025-19,2025-11-07,25,2025-12-02,INTERMUNICIPAL,FRETAMENTO,,PRIMAR,,,Araçatuba,São Paulo,TRANSPORTE CLANDESTINO,FISCALIZAÇÃO,2025-11-13,-19.0,NO PRAZO,-19.0,,OK
2025110414365065, 134.00041689/2025-28,2025-11-07,10,2025-11-17,INTERMUNICIPAL,REGULAR,45.992.724/0001-05,RAPIDO LUXO CAMPINAS LTDA,RAPIDO LUXO CAMPINAS LTDA,RAPIDO CAMPINAS,Franco da Rocha,Jundiaí,ADIANTAMENTO/ATRASO DE VEÍCULO,FISCALIZAÇÃO,2025-11-19,2.0,ATRASADO,2.0,,OK
2025110412521024, 134.00041680/2025-17,2025-11-07,10,2025-11-17,INTERMUNICIPAL,REGULAR,68.260.371/0001-46,RAPIDO SUMARE LTDA,RAPIDO SUMARE LTDA,RAPIDO SUMARE,São Paulo,Sumaré,ADIANTAMENTO/ATRASO DE VEÍCULO,OUVIDORIA LOCAL,2025-12-02,15.0,ATRASADO,15.0,,OK
2025110413574627, 134.00041509/2025-16,2025-11-07,25,2025-12-02,INTERMUNICIPAL,FRETAMENTO,,PIONEIRA,,,Araçatuba,São Paulo,TRANSPORTE CLANDESTINO,FISCALIZAÇÃO,2025-12-02,0.0,NO PRAZO,0.0,,OK
2025110411140756, 134.00041677/2025-01,2025-11-07,10,2025-11-17,INTERMUNICIPAL,REGULAR,07.022.473/0001-39,RAPIDO FENIX VIAÇÃO LTDA,RAPIDO FENIX VIAÇÃO LTDA,,Itatiba,,ADIANTAMENTO/ATRASO DE VEÍCULO,FISCALIZAÇÃO,2025-11-19,2.0,ATRASADO,2.0,,OK
2025110413421980, 134.00041513/2025-76,2025-11-07,25,2025-12-02,INTERMUNICIPAL,FRETAMENTO,,PIONEIRA,,,Araçatuba,São Paulo,TRANSPORTE CLANDESTINO,FISCALIZAÇÃO,2025-12-02,0.0,NO PRAZO,0.0,,OK
2025110413334048, 134.00041512/2025-21,2025-11-07,25,2025-12-02,INTERMUNICIPAL,FRETAMENTO,,BRISABUS,,,Araçatuba,São Paulo,TRANSPORTE CLANDESTINO,FISCALIZAÇÃO,2025-11-13,-19.0,NO PRAZO,-19.0,,OK
2025110510201312, 134.00042272/2025-82,2025-11-07,20,2025-11-27,INTERMUNICIPAL,REGULAR,61.084.018/0001-03,VIAÇÃO COMETA S/A,VIAÇÃO COMETA S/A,COMETA,São Carlos,Campinas,GRATUIDADE DE IDOSOS,REGULAR,2025-11-17,-10.0,NO PRAZO,-10.0,TC4,OK
2025110510220840, 134.00041497/2025-11,2025-11-07,10,2025-11-17,INTERMUNICIPAL,REGULAR,61.084.018/0001-03,VIAÇÃO COMETA S/A,VIAÇÃO COMETA S/A,COMETA,São Caetano do Sul,Peruíbe,MUDANÇA DE TABELA DE HORÁRIO,REGULAR,2025-11-12,-5.0,NO PRAZO,-5.0,PL,OK
2025110417560238, 134.00041550/2025-84,2025-11-10,25,2025-12-05,INTERMUNICIPAL,FRETAMENTO,,PRIMAR,,,Araçatuba,São Paulo,TRANSPORTE CLANDESTINO,FISCALIZAÇÃO,2025-11-13,-22.0,NO PRAZO,-22.0,,OK
2025110417465944, 134.00041554/2025-62,2025-11-10,25,2025-12-05,INTERMUNICIPAL,FRETAMENTO,,PIONEIRA,,,Araçatuba,São Paulo,TRANSPORTE CLANDESTINO,FISCALIZAÇÃO,2025-12-02,-3.0,NO PRAZO,-3.0,,OK
2025110417403254, 134.00041563/2025-53,2025-11-10,25,2025-12-05,INTERMUNICIPAL,FRETAMENTO,,PIONEIRA,,,Araçatuba,São Paulo,TRANSPORTE CLANDESTINO,FISCALIZAÇÃO,2025-12-02,-3.0,NO PRAZO,-3.0,,OK
2025110417335316, 134.00041568/2025-86,2025-11-10,25,2025-12-05,INTERMUNICIPAL,FRETAMENTO,,BRISABUS,,,Araçatuba,São Paulo,TRANSPORTE CLANDESTINO,FISCALIZAÇÃO,2025-11-13,-22.0,NO PRAZO,-22.0,,OK
2025110417262887, 134.00041578/2025-11,2025-11-10,25,2025-12-05,INTERMUNICIPAL,FRETAMENTO,,PIONEIRA,,,Araçatuba,São Paulo,TRANSPORTE CLANDESTINO,FISCALIZAÇÃO,2025-12-02,-3.0,NO PRAZO,-3.0,,OK
2025110417205733, 134.00041584/2025-79,2025-11-10,25,2025-12-05,INTERMUNICIPAL,FRETAMENTO,,PIONEIRA,,,Araçatuba,São Paulo,TRANSPORTE CLANDESTINO,FISCALIZAÇÃO,2025-12-02,-3.0,NO PRAZO,-3.0,,OK
2025110417144941, 134.00041586/2025-68,2025-11-10,25,2025-12-05,INTERMUNICIPAL,FRETAMENTO,,BRISABUS,,,Araçatuba,São Paulo,TRANSPORTE CLANDESTINO,FISCALIZAÇÃO,2025-11-13,-22.0,NO PRAZO,-22.0,,OK
2025110417085788, 134.00041589/2025-00,2025-11-10,25,2025-12-05,INTERMUNICIPAL,FRETAMENTO,,PRIMAR,,,Araçatuba,São Paulo,TRANSPORTE CLANDESTINO,FISCALIZAÇÃO,2025-11-13,-22.0,NO PRAZO,-22.0,,OK
2025102817320665,134.00041704/2025-38,2025-11-12,20,2025-12-02,METROPOLITANO,REGULAR,46.887.139/0001-08,EXPRESSO AMARELINHO,EXPRESSO AMARELINHO LTDA,EXPRESSO AMARELINHO LTDA,Salto de Pirapora,Sorocaba,SOLICITAÇÃO DE INFORMAÇÃO,FISCALIZAÇÃO,2025-11-19,-13.0,NO PRAZO,-13.0,SB,OK
2025110518252140,134.00041710/2025-95,2025-11-12,10,2025-11-22,METROPOLITANO,REGULAR,08.390.180/0001-77,INTERVIAS,CONSÓRCIO INTERVIAS,INTERVIAS,Embu das Artes,São Paulo,MUDANÇA DE ITINERÁRIO,REGULAR,2025-11-14,-8.0,NO PRAZO,-8.0,PLANEJAMENTO,OK
2025110711241298, 134.00041837/2025-12,2025-11-12,25,2025-12-07,INTERMUNICIPAL,,,,,,Limeira,Mogi das Cruzes,TRANSPORTE CLANDESTINO,FISCALIZAÇÃO,2025-12-02,-5.0,NO PRAZO,-5.0,,OK
2025110613143998,134.00042146/2025-28,2025-11-13,10,2025-11-23,METROPOLITANO,REGULAR,40.181.203/0001-46,NEXTMOBILIDADE,ABC SISTEMA DE TRANSPORTE SPE S.A.,NEXTMOBILIDADE,Santo André,Ribeirão Pires,MUDANÇA DE ITINERÁRIO,REGULAR,2025-11-17,-6.0,NO PRAZO,-6.0,PLANEJAMENTO,OK
2025110612493625,134.00042148/2025-17,2025-11-13,10,2025-11-23,METROPOLITANO,REGULAR,21.659.864/0001-90,BR MOBILIDADE,BR MOBILIDADE BAIXADA SANTISTA S.A. - SPE,BR MOBILIDADE,Cubatão,São Vicente,MÁ CONDIÇÃO DE VEÍCULO,FISCALIZAÇÃO,2025-11-18,-5.0,NO PRAZO,-5.0,BS,OK
2025110712524878,134.00042126/2025-57,2025-11-13,20,2025-12-03,METROPOLITANO,REGULAR,,,,,Campinas,,PRESTAÇÃO DE SERVIÇO DA EMPRESA,FISCALIZAÇÃO,2025-11-19,-14.0,NO PRAZO,-14.0,CN,OK
2025110710572660,134.00042125/2025-11,2025-11-13,10,2025-11-23,METROPOLITANO,REGULAR,20.336.241/0001-13,BUS +,CONSORCIO BUS +,BUS +,Sumaré,Campinas,ADIANTAMENTO/ATRASO DE VEÍCULO,FISCALIZAÇÃO,2025-11-18,-5.0,NO PRAZO,-5.0,CN,OK
2025110617554237,134.00042121/2025-24,2025-11-13,20,2025-12-03,METROPOLITANO,REGULAR,20.336.241/0001-13,BUS +,CONSORCIO BUS +,BUS +,Americana,Campinas,ADIANTAMENTO/ATRASO DE VEÍCULO,FISCALIZAÇÃO,2025-11-19,-14.0,NO PRAZO,-14.0,CN,OK
2025110306480837,134.00042124/2025-68,2025-11-13,20,2025-12-03,METROPOLITANO,REGULAR,,VIAÇÃO OSASCO,,,Cotia,Osasco,MÁ CONDUTA DE FUNCIONÁRIOS,FISCALIZAÇÃO,2025-12-05,2.0,ATRASADO,2.0,SP,OK
2025110706114538,134.00042123/2025-13,2025-11-13,20,2025-12-03,METROPOLITANO,REGULAR,08.390.180/0001-77,INTERVIAS,CONSÓRCIO INTERVIAS,INTERVIAS,Itapecerica da Serra,São Paulo,ADIANTAMENTO/ATRASO DE VEÍCULO,FISCALIZAÇÃO,2025-11-26,-7.0,NO PRAZO,-7.0,SP,OK
2025110614102149,134.00042119/2025-55,2025-11-13,20,2025-12-03,METROPOLITANO,REGULAR,08.351.253/0001-11,INTERNORTE,CONSÓRCIO INTERNORTE DE TRANSPORTES,INTERNORTE,Guarulhos,São Paulo,ADIANTAMENTO/ATRASO DE VEÍCULO,FISCALIZAÇÃO,2025-11-27,-6.0,NO PRAZO,-6.0,SP,OK
2025110622204455,134.00042122/2025-79,2025-11-13,10,2025-11-23,METROPOLITANO,REGULAR,40.181.203/0001-46,NEXTMOBILIDADE,ABC SISTEMA DE TRANSPORTE SPE S.A.,NEXTMOBILIDADE,São Bernardo do Campo,São Paulo,PRESTAÇÃO DE SERVIÇO DA EMPRESA,REGULAR,2025-11-17,-6.0,NO PRAZO,-6.0,PLANEJAMENTO,OK
2025110614264511,134.00042120/2025-80,2025-11-13,10,2025-11-23,METROPOLITANO,REGULAR,08.390.180/0001-77,INTERVIAS,CONSÓRCIO INTERVIAS,INTERVIAS,Itapecerica da Serra,São Paulo,MUDANÇA DE ITINERÁRIO,REGULAR,2025-11-17,-6.0,NO PRAZO,-6.0,PLANEJAMENTO,OK
2025110517243412, 134.00041768/2025-39,2025-11-13,10,2025-11-23,INTERMUNICIPAL,FRETAMENTO,46.014.122/0001-38,VB TRANSPORTES E TURISMO LTDA,VB TRANSPORTES E TURISMO LTDA,VB TRANSPORTES E TURISMO,Campinas,Limeira,PRESTAÇÃO DE SERVIÇO DA EMPRESA,REGULAR,2025-11-17,-6.0,NO PRAZO,-6.0,TC1,OK
2025110820384390,134.00042283/2025-62,2025-11-14,10,2025-11-24,METROPOLITANO,REGULAR,45.992.724/0001-05,RAPIDO CAMPINAS,RAPIDO LUXO CAMPINAS LTDA,RAPIDO CAMPINAS,Piedade,Ibiúna,PRESTAÇÃO DE SERVIÇO DA EMPRESA,FISCALIZAÇÃO,2025-11-18,-6.0,NO PRAZO,-6.0,SB,OK
2025110715225821,134.00042292/2025-53,2025-11-14,10,2025-11-24,METROPOLITANO,REGULAR,21.659.864/0001-90,BR MOBILIDADE,BR MOBILIDADE BAIXADA SANTISTA S.A. - SPE,BR MOBILIDADE,Itanhaém,São Paulo,INCLUSÃO DE NOVAS LINHAS,REGULAR,2025-11-17,-7.0,NO PRAZO,-7.0,PLANEJAMENTO,OK
2025110614281584,134.00042313/2025-31,2025-11-14,20,2025-12-04,METROPOLITANO,REGULAR,08.351.253/0001-11,INTERNORTE,CONSÓRCIO INTERNORTE DE TRANSPORTES,INTERNORTE,Arujá,São Paulo,MUDANÇA DE ITINERÁRIO,FISCALIZAÇÃO,2025-11-02,-32.0,NO PRAZO,-32.0,SP,OK
2025111014380062,134.00042463/2025-44,2025-11-17,10,2025-11-27,METROPOLITANO,REGULAR,08.351.253/0001-11,INTERNORTE,CONSÓRCIO INTERNORTE DE TRANSPORTES,INTERNORTE,Guarulhos,São Paulo,COBRANÇA DE PASSAGEM,FISCALIZAÇÃO,2025-11-24,-3.0,NO PRAZO,-3.0,SP,OK
2025111015215173,134.00042469/2025-11,2025-11-17,10,2025-11-27,METROPOLITANO,REGULAR,08.351.253/0001-11,INTERNORTE,CONSÓRCIO INTERNORTE DE TRANSPORTES,INTERNORTE,Guarulhos,São Paulo,COBRANÇA DE PASSAGEM,FISCALIZAÇÃO,2025-11-26,-1.0,NO PRAZO,-1.0,SP,OK
2025111022414222,134.00042497/2025-39,2025-11-17,10,2025-11-27,METROPOLITANO,REGULAR,08.419.802/0001-42,ANHANGUERA,CONSÓRCIO ANHANGUERA,ANHANGUERA,Santana de Parnaíba,Barueri,MUDANÇA DE ITINERÁRIO,REGULAR,2025-11-25,-2.0,NO PRAZO,-2.0,PLANEJAMENTO,OK
2025111023545018,134.00042501/2025-69,2025-11-17,20,2025-12-07,METROPOLITANO,REGULAR,08.351.253/0001-11,INTERNORTE,CONSÓRCIO INTERNORTE DE TRANSPORTES,INTERNORTE,Guarulhos,São Paulo,PRESTAÇÃO DE SERVIÇO DA EMPRESA,FISCALIZAÇÃO,2025-11-28,-9.0,NO PRAZO,-9.0,SP,OK
2025111108150540,134.00042511/2025-02,2025-11-17,20,2025-12-07,METROPOLITANO,REGULAR,08.390.180/0001-77,INTERVIAS,CONSÓRCIO INTERVIAS,INTERVIAS,São Paulo,Embu-Guaçu,MUDANÇA DE TABELA DE HORÁRIO,REGULAR,2025-11-28,-9.0,NO PRAZO,-9.0,PLANEJAMENTO,OK
2025111013363365, 134.00042451/2025-10,2025-11-17,10,2025-11-27,INTERMUNICIPAL,REGULAR,45.992.724/0001-05,RAPIDO LUXO CAMPINAS LTDA,RAPIDO LUXO CAMPINAS LTDA,RAPIDO CAMPINAS,Vinhedo,Louveira,MUDANÇA DE TABELA DE HORÁRIO,REGULAR,2025-11-25,-2.0,NO PRAZO,-2.0,TC1,OK
2025111013521574, 134.00042453/2025-17,2025-11-17,10,2025-11-27,INTERMUNICIPAL,REGULAR,45.992.724/0001-05,RAPIDO LUXO CAMPINAS LTDA,RAPIDO LUXO CAMPINAS LTDA,RAPIDO CAMPINAS,,Jundiaí,GRATUIDADE DE IDOSOS,REGULAR,2025-11-26,-1.0,NO PRAZO,-1.0,TC1,OK
2025111015415246, 134.00042466/2025-88,2025-11-17,20,2025-12-07,INTERMUNICIPAL,REGULAR,43.386.192/0001-29,EMPRESA DE ÔNIBUS ATILIO NATAL LTDA,EMPRESA DE ÔNIBUS ATILIO NATAL LTDA,,Osvaldo Cruz,Salmourão,MUDANÇA DE TABELA DE HORÁRIO,REGULAR,2025-11-27,-10.0,NO PRAZO,-10.0,TC3,OK
2025111016330930, 134.00042492/2025-14,2025-11-17,10,2025-11-27,INTERMUNICIPAL,REGULAR,45.992.724/0001-05,RAPIDO LUXO CAMPINAS LTDA,RAPIDO LUXO CAMPINAS LTDA,RAPIDO CAMPINAS,Vinhedo,Louveira,MUDANÇA DE TABELA DE HORÁRIO,REGULAR,2025-11-25,-2.0,NO PRAZO,-2.0,TC1,OK
2025111108233638, 134.00042675/2025-21,2025-11-17,20,2025-12-07,INTERMUNICIPAL,REGULAR,43.386.192/0001-29,EMPRESA DE ÔNIBUS ATILIO NATAL LTDA,EMPRESA DE ÔNIBUS ATILIO NATAL LTDA,,Osvaldo Cruz,Salmourão,MUDANÇA DE TABELA DE HORÁRIO,REGULAR,2025-11-27,-10.0,NO PRAZO,-10.0,TC3,OK
2025110616223747, 134.00042670/2025-07,2025-11-17,30,2025-12-17,INTERMUNICIPAL,REGULAR,13.245.713/0001-67,VIASOL TRANSPORTES RODOVIÁRIOS LTDA.,VIASOL TRANSPORTES RODOVIÁRIOS LTDA.,,Rio Claro,Santa Gertrudes,ADIANTAMENTO/ATRASO DE VEÍCULO,FISCALIZAÇÃO,2025-12-11,-6.0,NO PRAZO,-6.0,,OK
2025111111175961,134.00042863/2025-50,2025-11-18,10,2025-11-28,METROPOLITANO,REGULAR,08.351.253/0001-11,INTERNORTE,CONSÓRCIO INTERNORTE DE TRANSPORTES,INTERNORTE,Guarulhos,São Paulo,MÁ CONDIÇÃO DE VEÍCULO,FISCALIZAÇÃO,2025-11-27,-1.0,NO PRAZO,-1.0,INSPEÇÃO ,OK
2025111114574914, 134.00042715/2025-35,2025-11-18,10,2025-11-28,INTERMUNICIPAL,REGULAR,45.992.724/0001-05,RAPIDO LUXO CAMPINAS LTDA,RAPIDO LUXO CAMPINAS LTDA,RAPIDO CAMPINAS,Vinhedo,Louveira,MUDANÇA DE TABELA DE HORÁRIO,REGULAR,2025-11-25,-3.0,NO PRAZO,-3.0,TC1,OK
2025111217150618, 134.00042859/2025-91,2025-11-18,20,2025-12-08,INTERMUNICIPAL,REGULAR,45.992.724/0001-05,RAPIDO LUXO CAMPINAS LTDA,RAPIDO LUXO CAMPINAS LTDA,RAPIDO CAMPINAS,Franco da Rocha,Jundiaí,ADIANTAMENTO/ATRASO DE VEÍCULO,FISCALIZAÇÃO,2025-12-02,-6.0,NO PRAZO,-6.0,,OK
2025111208451941, 134.00042781/2025-13,2025-11-18,20,2025-12-08,INTERMUNICIPAL,REGULAR,45.992.724/0001-05,RAPIDO LUXO CAMPINAS LTDA,RAPIDO LUXO CAMPINAS LTDA,RAPIDO CAMPINAS,Itupeva,Jundiaí,ADIANTAMENTO/ATRASO DE VEÍCULO,FISCALIZAÇÃO,2025-12-02,-6.0,NO PRAZO,-6.0,,OK
2025111208035168, 134.00042777/2025-47,2025-11-18,20,2025-12-08,INTERMUNICIPAL,REGULAR,45.992.724/0001-05,RAPIDO LUXO CAMPINAS LTDA,RAPIDO LUXO CAMPINAS LTDA,RAPIDO CAMPINAS,Itupeva,Jundiaí,ADIANTAMENTO/ATRASO DE VEÍCULO,FISCALIZAÇÃO,2025-12-02,-6.0,NO PRAZO,-6.0,,OK
2025111208020250, 134.00042773/2025-69,2025-11-18,20,2025-12-08,INTERMUNICIPAL,REGULAR,45.992.724/0001-05,RAPIDO LUXO CAMPINAS LTDA,RAPIDO LUXO CAMPINAS LTDA,RAPIDO CAMPINAS,Itupeva,Jundiaí,ADIANTAMENTO/ATRASO DE VEÍCULO,FISCALIZAÇÃO,2025-12-02,-6.0,NO PRAZO,-6.0,,OK
2025111216041198, 134.00042905/2025-52,2025-11-19,33,2025-12-22,INTERMUNICIPAL,REGULAR,44.944.577/0001-27,VIAÇÃO SÃO BENTO LTDA,VIAÇÃO SÃO BENTO LTDA,,Franca,,MÁ CONDIÇÃO DE VEÍCULO,FISCALIZAÇÃO,2025-12-19,-3.0,NO PRAZO,-3.0,INSPEÇÃO,OK
2025111313291570, 134.00042955/2025-30,2025-11-19,10,2025-11-29,INTERMUNICIPAL,REGULAR,45.992.724/0001-05,RAPIDO LUXO CAMPINAS LTDA,RAPIDO LUXO CAMPINAS LTDA,RAPIDO CAMPINAS,Vinhedo,Louveira,MUDANÇA DE TABELA DE HORÁRIO,REGULAR,2025-11-25,-4.0,NO PRAZO,-4.0,TC1,OK
2025111614224810, 134.00043209/2025-63,2025-11-21,20,2025-12-11,INTERMUNICIPAL,,,,,,Morro Agudo,,MUDANÇA DE TABELA DE HORÁRIO,REGULAR,2025-12-01,-10.0,NO PRAZO,-10.0,TC1 - TC2,OK
2025111710055463, 134.00043211/2025-32,2025-11-21,20,2025-12-11,INTERMUNICIPAL,REGULAR,45.992.724/0001-05,RAPIDO LUXO CAMPINAS LTDA,RAPIDO LUXO CAMPINAS LTDA,RAPIDO CAMPINAS,,Jundiaí,ADIANTAMENTO/ATRASO DE VEÍCULO,FISCALIZAÇÃO,2025-12-03,-8.0,NO PRAZO,-8.0,,OK
2025111709435535, 134.00043210/2025-98,2025-11-21,20,2025-12-11,INTERMUNICIPAL,REGULAR,45.992.724/0001-05,RAPIDO LUXO CAMPINAS LTDA,RAPIDO LUXO CAMPINAS LTDA,RAPIDO CAMPINAS,,Jundiaí,ADIANTAMENTO/ATRASO DE VEÍCULO,FISCALIZAÇÃO,2025-12-03,-8.0,NO PRAZO,-8.0,,OK
2025111117161957,134.00043214/2025-76,2025-11-24,10,2025-12-04,METROPOLITANO,REGULAR,08.390.180/0001-77,INTERVIAS,CONSÓRCIO INTERVIAS,INTERVIAS,Juquitiba,Itapecerica da Serra,MÁ CONDIÇÃO DE VEÍCULO,FISCALIZAÇÃO,2025-11-27,-7.0,NO PRAZO,-7.0,INSPEÇÃO,OK
2025111118422515,134.00043242/2025-93,2025-11-24,10,2025-12-04,METROPOLITANO,REGULAR,40.181.203/0001-46,NEXTMOBILIDADE,ABC SISTEMA DE TRANSPORTE SPE S.A.,NEXTMOBILIDADE,São Bernardo do Campo,São Paulo,PRESTAÇÃO DE SERVIÇO DA EMPRESA,REGULAR,2025-11-27,-7.0,NO PRAZO,-7.0,PLANEJAMENTO,OK
2025111123460752,134.00043249/2025-13,2025-11-24,10,2025-12-04,METROPOLITANO,REGULAR,08.325.415/0001-47,UNILESTE,CONSÓRCIO UNILESTE,UNILESTE,Salesópolis,Mogi das Cruzes,MUDANÇA DE TABELA DE HORÁRIO,REGULAR,2025-11-26,-8.0,NO PRAZO,-8.0,PLANEJAMENTO,OK
2025111207013832,134.00043280/2025-46,2025-11-24,10,2025-12-04,METROPOLITANO,REGULAR,08.351.253/0001-11,INTERNORTE,CONSÓRCIO INTERNORTE DE TRANSPORTES,INTERNORTE,Guarulhos,São Paulo,ADIANTAMENTO/ATRASO DE VEÍCULO,FISCALIZAÇÃO,2025-12-02,-2.0,NO PRAZO,-2.0,SP,OK
2025111209162878,134.00043282/2025-35,2025-11-24,20,2025-12-14,METROPOLITANO,REGULAR,08.390.180/0001-77,INTERVIAS,CONSÓRCIO INTERVIAS,INTERVIAS,Embu das Artes,São Paulo,SUPERLOTAÇÃO DE ÔNIBUS,FISCALIZAÇÃO,2025-12-15,1.0,ATRASADO,1.0,SP,OK
2025111603000878,134.00043283/2025-80,2025-11-24,25,2025-12-19,METROPOLITANO,FRETAMENTO,,Trinsol e Grupo zanchetta,,,Cerquilho,Tatuí,TRANSPORTE CLANDESTINO,FISCALIZAÇÃO,2025-11-28,-21.0,NO PRAZO,-21.0,,OK
2025111711344817,134.00043288/2025-11,2025-11-24,10,2025-12-04,METROPOLITANO,REGULAR,08.351.253/0001-11,INTERNORTE,CONSÓRCIO INTERNORTE DE TRANSPORTES,INTERNORTE,Guarulhos,São Paulo,COBRANÇA DE PASSAGEM,REGULAR,2025-11-26,-8.0,NO PRAZO,-8.0,PLANEJAMENTO,OK
2025111215435130,134.00043297/2025-01,2025-11-24,10,2025-12-04,METROPOLITANO,REGULAR,08.351.253/0001-11,INTERNORTE,CONSÓRCIO INTERNORTE DE TRANSPORTES,INTERNORTE,Guarulhos,São Paulo,ADIANTAMENTO/ATRASO DE VEÍCULO,FISCALIZAÇÃO,2025-11-28,-6.0,NO PRAZO,-6.0,SP,OK
2025111208083282,134.00043303/2025-12,2025-11-24,20,2025-12-14,METROPOLITANO,REGULAR,08.419.802/0001-42,ANHANGUERA,CONSÓRCIO ANHANGUERA,ANHANGUERA,Osasco,,MÁ CONDUTA DO MOTORISTA,FISCALIZAÇÃO,2025-12-11,-3.0,NO PRAZO,-3.0,RTO,OK
2025111208093923,134.00043308/2025-45,2025-11-24,10,2025-12-04,METROPOLITANO,REGULAR,08.351.253/0001-11,INTERNORTE,CONSÓRCIO INTERNORTE DE TRANSPORTES,INTERNORTE,Guarulhos,São Paulo,ADIANTAMENTO/ATRASO DE VEÍCULO,FISCALIZAÇÃO,2025-11-02,-32.0,NO PRAZO,-32.0,SP,OK
2025111307444760,134.00043312/2025-11,2025-11-24,10,2025-12-04,METROPOLITANO,REGULAR,08.351.253/0001-11,INTERNORTE,CONSÓRCIO INTERNORTE DE TRANSPORTES,INTERNORTE,Guarulhos,São Paulo,ADIANTAMENTO/ATRASO DE VEÍCULO,FISCALIZAÇÃO,2025-11-02,-32.0,NO PRAZO,-32.0,SP,OK
2025111308035051,134.00043314/2025-01,2025-11-24,10,2025-12-04,METROPOLITANO,REGULAR,08.351.253/0001-11,INTERNORTE,CONSÓRCIO INTERNORTE DE TRANSPORTES,INTERNORTE,Guarulhos,São Paulo,ADIANTAMENTO/ATRASO DE VEÍCULO,FISCALIZAÇÃO,2025-12-02,-2.0,NO PRAZO,-2.0,SP,OK
2025111308165164,134.00043336/2025-62,2025-11-24,20,2025-12-14,METROPOLITANO,REGULAR,08.351.253/0001-11,INTERNORTE,CONSÓRCIO INTERNORTE DE TRANSPORTES,INTERNORTE,Guarulhos,São Paulo,MÁ CONDUTA DO MOTORISTA,FISCALIZAÇÃO,2025-12-11,-3.0,NO PRAZO,-3.0,SP,OK
2025111314431471,134.00043347/2025-42,2025-11-24,10,2025-12-04,METROPOLITANO,REGULAR,08.419.802/0001-42,ANHANGUERA,CONSÓRCIO ANHANGUERA,ANHANGUERA,São Paulo,São Bernardo do Campo,PRESTAÇÃO DE SERVIÇO DA EMPRESA,REGULAR,2025-11-27,-7.0,NO PRAZO,-7.0,PLANEJAMENTO,OK
2025111315361950,134.00043453/2025-26,2025-11-24,10,2025-12-04,METROPOLITANO,REGULAR,08.419.802/0001-42,ANHANGUERA,CONSÓRCIO ANHANGUERA,ANHANGUERA,Santana de Parnaíba,São Paulo,BENEFÍCIO DO ESTUDANTE,REGULAR,2025-11-25,-9.0,NO PRAZO,-9.0,PLANEJAMENTO,OK
2025111209351556,134.00043687/2025-73,2025-11-24,10,2025-12-04,METROPOLITANO,REGULAR,,,,,São Vicente,,SOLICITAÇÃO DE INFORMAÇÃO,FISCALIZAÇÃO,2025-12-02,-2.0,NO PRAZO,-2.0,BS,OK
2025111613064551,134.00043462/2025-17,2025-11-24,10,2025-12-04,METROPOLITANO,REGULAR,08.351.253/0001-11,INTERNORTE,CONSÓRCIO INTERNORTE DE TRANSPORTES,INTERNORTE,,,COBRANÇA DE PASSAGEM,FISCALIZAÇÃO,2025-12-03,-1.0,NO PRAZO,-1.0,SP,OK
2025111415313589,134.00043721/2025-18,2025-11-24,20,2025-12-14,METROPOLITANO,REGULAR,08.390.180/0001-77,INTERVIAS,CONSÓRCIO INTERVIAS,INTERVIAS,Itapecerica da Serra,São Paulo,MÁ CONDUTA DO MOTORISTA,FISCALIZAÇÃO,2025-12-08,-6.0,NO PRAZO,-6.0,SP,OK
2025111617185020,134.00043461/2025-72,2025-11-24,10,2025-12-04,METROPOLITANO,REGULAR,08.351.253/0001-11,INTERNORTE,CONSÓRCIO INTERNORTE DE TRANSPORTES,INTERNORTE,Guarulhos,São Paulo,COBRANÇA DE PASSAGEM,FISCALIZAÇÃO,2025-12-03,-1.0,NO PRAZO,-1.0,SP,OK
2025111311491413,134.00043344/2025-17,2025-11-24,20,2025-12-14,METROPOLITANO,REGULAR,50.479.476/0001-25,JACAREI,VIAÇÃO JACAREI LTDA,JACAREI,Jacareí,São José dos Campos,SUPERLOTAÇÃO DE ÔNIBUS,FISCALIZAÇÃO,2025-12-04,-10.0,NO PRAZO,-10.0,VP,OK
2025111617081012,134.00043460/2025-28,2025-11-24,10,2025-12-04,METROPOLITANO,REGULAR,08.351.253/0001-11,INTERNORTE,CONSÓRCIO INTERNORTE DE TRANSPORTES,INTERNORTE,Guarulhos,São Paulo,COBRANÇA DE PASSAGEM,FISCALIZAÇÃO,2025-12-03,-1.0,NO PRAZO,-1.0,SP,OK
2025111415294861,134.00043758/2025-38,2025-11-24,20,2025-12-14,METROPOLITANO,REGULAR,08.390.180/0001-77,INTERVIAS,CONSÓRCIO INTERVIAS,INTERVIAS,Itapecerica da Serra,São Paulo,MÁ CONDIÇÃO DE VEÍCULO,FISCALIZAÇÃO,2025-12-08,-6.0,NO PRAZO,-6.0,SP,OK
2025111420105639,134.00043458/2025-59,2025-11-24,10,2025-12-04,METROPOLITANO,REGULAR,08.351.253/0001-11,INTERNORTE,CONSÓRCIO INTERNORTE DE TRANSPORTES,INTERNORTE,Guarulhos,São Paulo,MÁ CONDIÇÃO DE VEÍCULO,FISCALIZAÇÃO,2025-12-03,-1.0,NO PRAZO,-1.0,SP,OK
2025111416115023,134.00043456/2025-60,2025-11-24,10,2025-12-04,METROPOLITANO,REGULAR,08.419.802/0001-42,ANHANGUERA,CONSÓRCIO ANHANGUERA,ANHANGUERA,Pirapora do Bom Jesus,Osasco,COBRANÇA DE PASSAGEM,FISCALIZAÇÃO,2025-12-03,-1.0,NO PRAZO,-1.0,SP,OK
2025111411213378,134.00043688/2025-18,2025-11-24,20,2025-12-14,METROPOLITANO,REGULAR,08.390.180/0001-77,INTERVIAS,CONSÓRCIO INTERVIAS,INTERVIAS,Itapecerica da Serra,São Paulo,MÁ CONDUTA DO MOTORISTA,FISCALIZAÇÃO,2025-12-08,-6.0,NO PRAZO,-6.0,SP,OK
2025111813313110, 134.00043255/2025-62,2025-11-24,10,2025-12-04,INTERMUNICIPAL,,,,,,Embu das Artes,Praia Grande,MUDANÇA DE TABELA DE HORÁRIO,REGULAR,2025-12-12,8.0,ATRASADO,8.0,PL,OK
2025110716380243, 134.00043287/2025-68,2025-11-24,20,2025-12-14,INTERMUNICIPAL,REGULAR,61.084.018/0001-03,VIAÇÃO COMETA S/A,VIAÇÃO COMETA S/A,COMETA,Sorocaba,São Paulo,MÁ CONDIÇÃO DE VEÍCULO,FISCALIZAÇÃO,2025-12-12,-2.0,NO PRAZO,-2.0,,OK
2025111908171649, 134.00043689/2025-62,2025-11-24,10,2025-12-04,INTERMUNICIPAL,,,,,,Santo Antônio de Posse,Pedreira,INCLUSÃO DE NOVAS LINHAS,REGULAR,2025-12-04,0.0,NO PRAZO,0.0,PL,OK
2025111905525235, 134.00043292/2025-71,2025-11-24,25,2025-12-19,INTERMUNICIPAL,FRETAMENTO,,,,,Taubaté,,TRANSPORTE CLANDESTINO,FISCALIZAÇÃO,2025-12-11,-8.0,NO PRAZO,-8.0,,OK
2025111519492868, 134.00043459/2025-01,2025-11-24,10,2025-12-04,INTERMUNICIPAL,REGULAR,61.563.557/0001-25,EMPRESA DE ÔNIBUS PASSARO MARRON S/A,EMPRESA DE ÔNIBUS PASSARO MARRON S/A,PASSARO MARRON,Monteiro Lobato,São José dos Campos,INCLUSÃO DE NOVAS LINHAS,REGULAR,2025-11-28,-6.0,NO PRAZO,-6.0,PL,OK
2025111519544231, 134.00043294/2025-60,2025-11-24,10,2025-12-04,INTERMUNICIPAL,REGULAR,45.992.724/0001-05,RAPIDO LUXO CAMPINAS LTDA,RAPIDO LUXO CAMPINAS LTDA,RAPIDO CAMPINAS,Cabreúva,Jundiaí,ADIANTAMENTO/ATRASO DE VEÍCULO,FISCALIZAÇÃO,2025-12-02,-2.0,NO PRAZO,-2.0,,OK
2025111917011334, 134.00043691/2025-31,2025-11-24,20,2025-12-14,INTERMUNICIPAL,REGULAR,45.992.724/0001-05,RAPIDO LUXO CAMPINAS LTDA,RAPIDO LUXO CAMPINAS LTDA,RAPIDO CAMPINAS,Cabreúva,Jundiaí,MÁ CONDIÇÃO DE VEÍCULO,FISCALIZAÇÃO,2025-12-11,-3.0,NO PRAZO,-3.0,,OK
2025111715500948,134.00043695/2025-10,2025-11-25,10,2025-12-05,METROPOLITANO,REGULAR,,,,,,,MÁ CONDUTA DO MOTORISTA,FISCALIZAÇÃO,2025-12-03,-2.0,NO PRAZO,-2.0,RTO,OK
2025111820082846,134.00043678/2025-82,2025-11-25,20,2025-12-15,METROPOLITANO,REGULAR,,,,,Guarulhos,Guarulhos,TRANSPORTE CLANDESTINO,FISCALIZAÇÃO,2025-12-18,3.0,ATRASADO,3.0,RTO,OK
2025111909075711,134.00043682/2025-41,2025-11-25,10,2025-12-05,METROPOLITANO,REGULAR,08.419.802/0001-42,ANHANGUERA,CONSÓRCIO ANHANGUERA,ANHANGUERA,Osasco,São Paulo,ADIANTAMENTO/ATRASO DE VEÍCULO,FISCALIZAÇÃO,2025-12-08,3.0,ATRASADO,3.0,SP,OK
2025111716305082,134.00043541/2025-28,2025-11-25,10,2025-12-05,METROPOLITANO,REGULAR,20.336.241/0001-13,BUS +,CONSORCIO BUS +,BUS +,Santa Bárbara d'Oeste,Campinas,ADIANTAMENTO/ATRASO DE VEÍCULO,FISCALIZAÇÃO,2025-12-05,0.0,NO PRAZO,0.0,CN,OK
2025111907371850,134.00043680/2025-51,2025-11-25,10,2025-12-05,METROPOLITANO,REGULAR,45.992.724/0001-05,RAPIDO CAMPINAS,RAPIDO LUXO CAMPINAS LTDA,RAPIDO CAMPINAS,Mairinque,Sorocaba,SUPERLOTAÇÃO DE ÔNIBUS,FISCALIZAÇÃO,2025-12-08,3.0,ATRASADO,3.0,CN,OK
2025111908353022,134.00043681/2025-04,2025-11-25,10,2025-12-05,METROPOLITANO,REGULAR,20.336.241/0001-13,BUS +,CONSORCIO BUS +,BUS +,Hortolândia,Campinas,ADIANTAMENTO/ATRASO DE VEÍCULO,FISCALIZAÇÃO,2025-12-08,3.0,ATRASADO,3.0,CN,OK
2025111910083190,134.00043683/2025-95,2025-11-25,10,2025-12-05,METROPOLITANO,REGULAR,20.336.241/0001-13,BUS +,CONSORCIO BUS +,BUS +,Hortolândia,Campinas,ADIANTAMENTO/ATRASO DE VEÍCULO,FISCALIZAÇÃO,2025-12-08,3.0,ATRASADO,3.0,CN,OK
2025111814075179,134.00043675/2025-49,2025-11-25,10,2025-12-05,METROPOLITANO,REGULAR,08.419.802/0001-42,ANHANGUERA,CONSÓRCIO ANHANGUERA,ANHANGUERA,Osasco,São Bernardo do Campo,PRESTAÇÃO DE SERVIÇO DA EMPRESA,REGULAR,2025-11-27,-8.0,NO PRAZO,-8.0,PLANEJAMENTO,OK
2025111719322463,134.00043546/2025-51,2025-11-25,10,2025-12-05,METROPOLITANO,REGULAR,08.325.415/0001-47,UNILESTE,CONSÓRCIO UNILESTE,UNILESTE,Suzano,Itaquaquecetuba,SOLICITAÇÃO DE INFORMAÇÃO,REGULAR,2025-11-27,-8.0,NO PRAZO,-8.0,PLANEJAMENTO,OK
2025111719095239,134.00043543/2025-17,2025-11-25,10,2025-12-05,METROPOLITANO,REGULAR,20.336.241/0001-13,BUS +,CONSORCIO BUS +,BUS +,Sumaré,Campinas,MUDANÇA DE TABELA DE HORÁRIO,REGULAR,2025-11-27,-8.0,NO PRAZO,-8.0,PLANEJAMENTO,OK
2025111715051462,134.00043537/2025-60,2025-11-25,10,2025-12-05,METROPOLITANO,REGULAR,21.659.864/0001-90,BR MOBILIDADE,BR MOBILIDADE BAIXADA SANTISTA S.A. - SPE,BR MOBILIDADE,Bertioga,Guarujá,MUDANÇA DE TABELA DE HORÁRIO,REGULAR,2025-11-27,-8.0,NO PRAZO,-8.0,PLANEJAMENTO,OK
2025111811415055, 134.00043601/2025-11,2025-11-25,10,2025-12-05,INTERMUNICIPAL,REGULAR,45.992.724/0001-05,RAPIDO LUXO CAMPINAS LTDA,RAPIDO LUXO CAMPINAS LTDA,RAPIDO CAMPINAS,Vinhedo,Louveira,MUDANÇA DE TABELA DE HORÁRIO,REGULAR,2025-12-01,-4.0,NO PRAZO,-4.0,TC1,OK
2025111708445885, 134.00043697/2025-17,2025-11-25,10,2025-12-05,INTERMUNICIPAL,REGULAR,45.992.724/0001-05,RAPIDO LUXO CAMPINAS LTDA,RAPIDO LUXO CAMPINAS LTDA,RAPIDO CAMPINAS,,Jundiaí,ADIANTAMENTO/ATRASO DE VEÍCULO,FISCALIZAÇÃO,2025-12-03,-2.0,NO PRAZO,-2.0,,OK
2025111812174875, 134.00043700/2025-94,2025-11-25,20,2025-12-15,INTERMUNICIPAL,REGULAR,45.992.724/0001-05,RAPIDO LUXO CAMPINAS LTDA,RAPIDO LUXO CAMPINAS LTDA,RAPIDO CAMPINAS,Cabreúva,,MÁ CONDIÇÃO DE VEÍCULO,FISCALIZAÇÃO,2025-12-11,-4.0,NO PRAZO,-4.0,,OK
2025112005353690,134.00043750/2025-71,2025-11-26,10,2025-12-06,METROPOLITANO,REGULAR,72.302.409/0001-73,EXPRESSO REDENÇÃO,EXPRESSO REDENCAO TRANSPORTES E TURISMO LTDA,EXPRESSO REDENÇÃO,Ubatuba,Taubaté,RÉPLICA DE MANIFESTAÇÃO,FISCALIZAÇÃO,2025-12-02,-4.0,NO PRAZO,-4.0,VP,OK
2025112106034485,134.00043761/2025-51,2025-11-26,10,2025-12-06,METROPOLITANO,REGULAR,61.563.557/0001-25,PASSARO MARRON,EMPRESA DE ÔNIBUS PASSARO MARRON S/A,PASSARO MARRON,Itaquaquecetuba,,MUDANÇA DE TABELA DE HORÁRIO,REGULAR,2025-11-27,-9.0,NO PRAZO,-9.0,PLANEJAMENTO,OK
2025112109332427,134.00043764/2025-95,2025-11-26,10,2025-12-06,METROPOLITANO,REGULAR,,,,,Arujá,São Paulo,MÁ CONDUTA DO MOTORISTA,FISCALIZAÇÃO,2025-12-04,-2.0,NO PRAZO,-2.0,RTO,OK
2025111918452679,134.00043767/2025-29,2025-11-26,10,2025-12-06,METROPOLITANO,REGULAR,08.351.253/0001-11,INTERNORTE,CONSÓRCIO INTERNORTE DE TRANSPORTES,INTERNORTE,Santa Isabel,São Paulo,MUDANÇA DE TABELA DE HORÁRIO,REGULAR,2025-11-28,-8.0,NO PRAZO,-8.0,PLANEJAMENTO,OK
2025112010184849,134.00043774/2025-21,2025-11-26,20,2025-12-16,METROPOLITANO,REGULAR,08.351.253/0001-11,INTERNORTE,CONSÓRCIO INTERNORTE DE TRANSPORTES,INTERNORTE,Mairiporã,São Paulo,MUDANÇA DE ITINERÁRIO,FISCALIZAÇÃO,2025-12-08,-8.0,NO PRAZO,-8.0,SP,OK
2025112317502823,134.00043792/2025-11,2025-11-26,20,2025-12-16,METROPOLITANO,REGULAR,08.351.253/0001-11,INTERNORTE,CONSÓRCIO INTERNORTE DE TRANSPORTES,INTERNORTE,Guarulhos,,MÁ CONDUTA DO MOTORISTA,FISCALIZAÇÃO,2025-12-11,-5.0,NO PRAZO,-5.0,SP,OK
2025112401550655,134.00044047/2025-81,2025-11-26,10,2025-12-06,METROPOLITANO,REGULAR,08.351.253/0001-11,INTERNORTE,CONSÓRCIO INTERNORTE DE TRANSPORTES,INTERNORTE,Guarulhos,São Paulo,MUDANÇA DE TABELA DE HORÁRIO,REGULAR,2025-12-04,-2.0,NO PRAZO,-2.0,PLANEJAMENTO,OK
2025112408225773,134.00043847/2025-84,2025-11-26,10,2025-12-06,METROPOLITANO,REGULAR,08.351.253/0001-11,INTERNORTE,CONSÓRCIO INTERNORTE DE TRANSPORTES,INTERNORTE,Guarulhos,São Paulo,MUDANÇA DE TABELA DE HORÁRIO,REGULAR,2025-11-28,-8.0,NO PRAZO,-8.0,PLANEJAMENTO,OK
2025112408432984,134.00043849/2025-73,2025-11-26,10,2025-12-06,METROPOLITANO,REGULAR,21.659.864/0001-90,BR MOBILIDADE,BR MOBILIDADE BAIXADA SANTISTA S.A. - SPE,BR MOBILIDADE,Praia Grande,Cubatão,MUDANÇA DE ITINERÁRIO,REGULAR,2025-12-04,-2.0,NO PRAZO,-2.0,PLANEJAMENTO,OK
2025112409300143,134.00043850/2025-06,2025-11-26,20,2025-12-16,METROPOLITANO,REGULAR,08.419.802/0001-42,ANHANGUERA,CONSÓRCIO ANHANGUERA,ANHANGUERA,Jandira,Santana de Parnaíba,ADIANTAMENTO/ATRASO DE VEÍCULO,FISCALIZAÇÃO,2025-12-08,-8.0,NO PRAZO,-8.0,SP,OK
2025112407581742,134.00043848/2025-29,2025-11-26,20,2025-12-16,METROPOLITANO,REGULAR,08.351.253/0001-11,INTERNORTE,CONSÓRCIO INTERNORTE DE TRANSPORTES,INTERNORTE,Guarulhos,São Paulo,ADIANTAMENTO/ATRASO DE VEÍCULO,FISCALIZAÇÃO,2025-12-08,-8.0,NO PRAZO,-8.0,SP,OK
2025112407212028,134.00043846/2025-30,2025-11-26,20,2025-12-16,METROPOLITANO,REGULAR,08.351.253/0001-11,INTERNORTE,CONSÓRCIO INTERNORTE DE TRANSPORTES,INTERNORTE,Guarulhos,São Paulo,ADIANTAMENTO/ATRASO DE VEÍCULO,FISCALIZAÇÃO,2025-12-08,-8.0,NO PRAZO,-8.0,SP,OK
2025112202504462, 134.00043771/2025-97,2025-11-26,20,2025-12-16,INTERMUNICIPAL,REGULAR,72.543.978/0001-00,GUERINO SEISCENTO TRANSPORTES S/A,GUERINO SEISCENTO TRANSPORTES S/A,,Araçatuba,Birigui,ADIANTAMENTO/ATRASO DE VEÍCULO,FISCALIZAÇÃO,2025-12-11,-5.0,NO PRAZO,-5.0,,OK
2025112112095411, 134.00043776/2025-10,2025-11-26,25,2025-12-21,INTERMUNICIPAL,REGULAR,61.563.557/0001-25,EMPRESA DE ÔNIBUS PASSARO MARRON S/A,EMPRESA DE ÔNIBUS PASSARO MARRON S/A,PASSARO MARRON,Ribeirão Preto,,TRANSPORTE CLANDESTINO,FISCALIZAÇÃO,2025-12-18,-3.0,NO PRAZO,-3.0,,OK
2025112413585130, 134.00043852/2025-97,2025-11-26,10,2025-12-06,INTERMUNICIPAL,REGULAR,55.334.262/0001-84,EMPRESA DE TRANSPORTES ANDORINHA S/A,EMPRESA DE TRANSPORTES ANDORINHA S/A,,São Paulo,Presidente Prudente,PRESTAÇÃO DE SERVIÇO DA EMPRESA,REGULAR,2025-12-04,-2.0,NO PRAZO,-2.0,TC3,OK
2025112411192091, 134.00043851/2025-42,2025-11-26,10,2025-12-06,INTERMUNICIPAL,,,,,,Tatuí,Bragança Paulista,MUDANÇA DE TABELA DE HORÁRIO,REGULAR,2025-12-04,-2.0,NO PRAZO,-2.0,TC1,OK
2025112420593458,134.00044049/2025-70,2025-11-27,20,2025-12-17,METROPOLITANO,REGULAR,08.325.415/0001-47,UNILESTE,CONSÓRCIO UNILESTE,UNILESTE,Marapoama,Mogi das Cruzes,ADIANTAMENTO/ATRASO DE VEÍCULO,FISCALIZAÇÃO,2025-12-18,1.0,ATRASADO,1.0,SP,OK
2025112416152214,134.00044048/2025-25,2025-11-27,10,2025-12-07,METROPOLITANO,REGULAR,05.425.961/0001-61,DECDIL TURISMO,DECDIL TURISMO LTDA - EPP,DECDIL TURISMO LTDA,,,SOLICITAÇÃO DE INFORMAÇÃO,FRETAMENTO,2025-12-04,-3.0,NO PRAZO,-3.0,,OK
2025112616250410,134.00044066/2025-15,2025-11-27,10,2025-12-07,METROPOLITANO,REGULAR,20.336.241/0001-13,BUS +,CONSORCIO BUS +,BUS +,Hortolândia,,MUDANÇA DE ITINERÁRIO,REGULAR,2025-12-04,-3.0,NO PRAZO,-3.0,PLANEJAMENTO,OK
2025112420171495,134.00043906/2025-14,2025-11-27,10,2025-12-07,METROPOLITANO,REGULAR,,,,,,,SOLICITAÇÃO DE INFORMAÇÃO,REGULAR,2025-12-05,-2.0,NO PRAZO,-2.0,PLANEJAMENTO,OK
2025112221090143, 134.00044054/2025-82,2025-11-27,10,2025-12-07,INTERMUNICIPAL,REGULAR,54.360.623/0001-02,VIAÇÃO PIRACICABANA S/A,VIAÇÃO PIRACICABANA S/A,PIRACICABANA,Osasco,Praia Grande,COMPRA DE PASSAGEM,REGULAR,2025-11-28,-9.0,NO PRAZO,-9.0,PL TC5,OK
2025112602025241, 134.00044060/2025-30,2025-11-27,10,2025-12-07,INTERMUNICIPAL,REGULAR,45.606.720/0001-33,NOSSA SENHORA DE FATIMA AUTO ÔNIBUS LTDA,NOSSA SENHORA DE FATIMA AUTO ÔNIBUS LTDA,,Tatuí,Bragança Paulista,MUDANÇA DE TABELA DE HORÁRIO,REGULAR,2025-12-04,-3.0,NO PRAZO,-3.0,TC1,OK
2025112613574192, 134.00043913/2025-16,2025-11-27,10,2025-12-07,INTERMUNICIPAL,,,,,,Jundiaí,São Paulo,SOLICITAÇÃO DE INFORMAÇÃO,REGULAR,2025-12-05,-2.0,NO PRAZO,-2.0,TC1,OK
2025111013521574, 134.00043909/2025-58,2025-11-27,10,2025-12-07,INTERMUNICIPAL,REGULAR,45.992.724/0001-05,RAPIDO LUXO CAMPINAS LTDA,RAPIDO LUXO CAMPINAS LTDA,RAPIDO CAMPINAS,Santana de Parnaíba,Jundiaí,GRATUIDADE DE IDOSOS,REGULAR,2025-12-05,-2.0,NO PRAZO,-2.0,TC1,OK
2025112506004448, 134.00043910/2025-82,2025-11-27,10,2025-12-07,INTERMUNICIPAL,,,,,,Sorocaba,Barueri,PRESTAÇÃO DE SERVIÇO DA EMPRESA,FISCALIZAÇÃO,2025-12-04,-3.0,NO PRAZO,-3.0,,OK
2025112514095840, 134.00043912/2025-71,2025-11-27,20,2025-12-17,INTERMUNICIPAL,REGULAR,59.965.038/0001-41,EXPRESSO ITAMARATI S/A,EXPRESSO ITAMARATI S/A,,São José do Rio Preto,Olímpia,MÁ CONDIÇÃO DE VEÍCULO,FISCALIZAÇÃO,2025-12-12,-5.0,NO PRAZO,-5.0,,OK
2025112607213945, 134.00044058/2025-61,2025-11-27,10,2025-12-07,INTERMUNICIPAL,REGULAR,45.992.724/0001-05,RAPIDO LUXO CAMPINAS LTDA,RAPIDO LUXO CAMPINAS LTDA,RAPIDO CAMPINAS,Jundiaí,,ADIANTAMENTO/ATRASO DE VEÍCULO,FISCALIZAÇÃO,2025-12-08,1.0,ATRASADO,1.0,,OK
2025112617122925, 134.00043938/2025-10,2025-11-27,10,2025-12-07,INTERMUNICIPAL,REGULAR,45.992.724/0001-05,RAPIDO LUXO CAMPINAS LTDA,RAPIDO LUXO CAMPINAS LTDA,RAPIDO CAMPINAS,Itupeva,Jundiaí,ADIANTAMENTO/ATRASO DE VEÍCULO,FISCALIZAÇÃO,2025-12-08,1.0,ATRASADO,1.0,,OK
2025112705534660, 134.00044073/2025-17,2025-11-27,10,2025-12-07,INTERMUNICIPAL,REGULAR,45.992.724/0001-05,RAPIDO LUXO CAMPINAS LTDA,RAPIDO LUXO CAMPINAS LTDA,RAPIDO CAMPINAS,Jundiaí,Campo Limpo Paulista,ADIANTAMENTO/ATRASO DE VEÍCULO,FISCALIZAÇÃO,2025-12-05,-2.0,NO PRAZO,-2.0,,OK
2025112715424046, 134.00043945/2025-11,2025-11-27,10,2025-12-07,INTERMUNICIPAL,REGULAR,45.992.724/0001-05,RAPIDO LUXO CAMPINAS LTDA,RAPIDO LUXO CAMPINAS LTDA,RAPIDO CAMPINAS,Jundiaí,Campo Limpo Paulista,ADIANTAMENTO/ATRASO DE VEÍCULO,FISCALIZAÇÃO,2025-12-05,-2.0,NO PRAZO,-2.0,,OK
2025111809400888, 134.00043961/2025-12,2025-11-27,45,2026-01-11,INTERMUNICIPAL,REGULAR,55.958.318/0001-71,RAPIDO D OESTE LTDA,RAPIDO D OESTE LTDA,,Barretos,,TRANSPORTE CLANDESTINO,FISCALIZAÇÃO,2025-12-22,-20.0,NO PRAZO,-20.0,,OK
2025112612272320, 134.00043950/2025-24,2025-11-27,25,2025-12-22,INTERMUNICIPAL,REGULAR,61.563.557/0001-25,EMPRESA DE ÔNIBUS PASSARO MARRON S/A,EMPRESA DE ÔNIBUS PASSARO MARRON S/A,PASSARO MARRON,Cravinhos,,TRANSPORTE CLANDESTINO,FISCALIZAÇÃO,2025-12-18,-4.0,NO PRAZO,-4.0,,OK
2025112811311847,134.00044145/2025-18,2025-11-28,10,2025-12-08,METROPOLITANO,REGULAR,61.563.557/0001-25,PASSARO MARRON,EMPRESA DE ÔNIBUS PASSARO MARRON S/A,PASSARO MARRON,São José dos Campos,Lorena,MÁ CONDIÇÃO DE VEÍCULO,FISCALIZAÇÃO,2025-12-04,-4.0,NO PRAZO,-4.0,VP,OK
2025112018143470, 134.00044125/2025-47,2025-11-28,20,2025-12-18,INTERMUNICIPAL,REGULAR,68.260.371/0001-46,RAPIDO SUMARE LTDA,RAPIDO SUMARE LTDA,RAPIDO SUMARE,São Paulo,Hortolândia,GRATUIDADE DE IDOSOS,REGULAR,2025-12-08,-10.0,NO PRAZO,-10.0,TC1,OK
2025112410024498, 134.00044321/2025-11,2025-11-28,10,2025-12-08,INTERMUNICIPAL,,,,,,São Paulo,Santos,PRESTAÇÃO DE SERVIÇO DA EMPRESA,REGULAR,2025-12-01,-7.0,NO PRAZO,-7.0,PL TC5,OK
2025112818473895,134.00044363/2025-52,2025-12-01,20,2025-12-21,METROPOLITANO,REGULAR,08.419.802/0001-42,ANHANGUERA,CONSÓRCIO ANHANGUERA,ANHANGUERA,Carapicuíba,São Paulo,SUPERLOTAÇÃO DE ÔNIBUS,FISCALIZAÇÃO,2025-12-15,-6.0,NO PRAZO,-6.0,SP,OK
2025112818563550,134.00044366/2025-96,2025-12-01,10,2025-12-11,METROPOLITANO,REGULAR,08.419.802/0001-42,ANHANGUERA,CONSÓRCIO ANHANGUERA,ANHANGUERA,São Paulo,Osasco,MUDANÇA DE TABELA DE HORÁRIO,REGULAR,2025-12-04,-7.0,NO PRAZO,-7.0,PLANEJAMENTO,OK
2025120108285814,134.00044378/2025-11,2025-12-01,20,2025-12-21,METROPOLITANO,REGULAR,08.351.253/0001-11,INTERNORTE,CONSÓRCIO INTERNORTE DE TRANSPORTES,INTERNORTE,Guarulhos,São Paulo,ADIANTAMENTO/ATRASO DE VEÍCULO,FISCALIZAÇÃO,2025-12-19,-2.0,NO PRAZO,-2.0,SP,OK
2025112821022860,134.00044384/2025-78,2025-12-01,20,2025-12-21,METROPOLITANO,REGULAR,08.351.253/0001-11,INTERNORTE,CONSÓRCIO INTERNORTE DE TRANSPORTES,INTERNORTE,Guarulhos,São Paulo,ADIANTAMENTO/ATRASO DE VEÍCULO,FISCALIZAÇÃO,2025-12-19,-2.0,NO PRAZO,-2.0,SP,OK
2025112819535119,134.00044392/2025-14,2025-12-01,10,2025-12-11,METROPOLITANO,REGULAR,08.351.253/0001-11,INTERNORTE,CONSÓRCIO INTERNORTE DE TRANSPORTES,INTERNORTE,Guarulhos,São Paulo,ADIANTAMENTO/ATRASO DE VEÍCULO,FISCALIZAÇÃO,2025-12-12,1.0,ATRASADO,1.0,SP,OK
2025112820502966,134.00044429/2025-12,2025-12-01,20,2025-12-21,METROPOLITANO,REGULAR,08.351.253/0001-11,INTERNORTE,CONSÓRCIO INTERNORTE DE TRANSPORTES,INTERNORTE,Guarulhos,São Paulo,TRANSPORTE CLANDESTINO,FISCALIZAÇÃO,2025-12-22,1.0,ATRASADO,1.0,RTO,OK
2025112820090645,134.00044435/2025-61,2025-12-01,10,2025-12-11,METROPOLITANO,REGULAR,08.351.253/0001-11,INTERNORTE,CONSÓRCIO INTERNORTE DE TRANSPORTES,INTERNORTE,Guarulhos,São Paulo,ADIANTAMENTO/ATRASO DE VEÍCULO,FISCALIZAÇÃO,2025-12-12,1.0,ATRASADO,1.0,SP,OK
2025112818050691,134.00044439/2025-40,2025-12-01,10,2025-12-11,METROPOLITANO,REGULAR,,,,,São Vicente,,SOLICITAÇÃO DE INFORMAÇÃO,FISCALIZAÇÃO,2025-12-09,-2.0,NO PRAZO,-2.0,BS,OK
2025120119454229,134.00044835/2025-77,2025-12-02,10,2025-12-12,METROPOLITANO,REGULAR,,,,,São Vicente,,SOLICITAÇÃO DE INFORMAÇÃO,FISCALIZAÇÃO,2025-12-09,-3.0,NO PRAZO,-3.0,BS,OK
2025120213290836,134.00044866/2025-28,2025-12-02,10,2025-12-12,METROPOLITANO,REGULAR,,,,,Guarulhos,,MÁ CONDUTA DO MOTORISTA,FISCALIZAÇÃO,2025-12-10,-2.0,NO PRAZO,-2.0,SP,OK
2025120210003232,134.00044832/2025-33,2025-12-02,20,2025-12-22,METROPOLITANO,REGULAR,40.181.203/0001-46,NEXTMOBILIDADE,ABC SISTEMA DE TRANSPORTE SPE S.A.,NEXTMOBILIDADE,São Bernardo do Campo,São Paulo,SOLICITAÇÃO DE INFORMAÇÃO,FISCALIZAÇÃO,2025-12-18,-4.0,NO PRAZO,-4.0,SP,OK
2025120111193345,134.00044830/2025-44,2025-12-02,10,2025-12-12,METROPOLITANO,REGULAR,20.336.241/0001-13,BUS +,CONSORCIO BUS +,BUS +,Sumaré,Campinas,MUDANÇA DE ITINERÁRIO,REGULAR,2025-12-05,-7.0,NO PRAZO,-7.0,PLANEJAMENTO,OK
2025120111011125,134.00043242/2025-93,2025-12-02,10,2025-12-12,METROPOLITANO,REGULAR,40.181.203/0001-46,NEXTMOBILIDADE,ABC SISTEMA DE TRANSPORTE SPE S.A.,NEXTMOBILIDADE,São Bernardo do Campo,São Paulo,PRESTAÇÃO DE SERVIÇO DA EMPRESA,REGULAR,2025-12-05,-7.0,NO PRAZO,-7.0,PLANEJAMENTO,OK
2025120110091940,134.00044685/2025-00,2025-12-02,10,2025-12-12,METROPOLITANO,REGULAR,21.659.864/0001-90,BR MOBILIDADE,BR MOBILIDADE BAIXADA SANTISTA S.A. - SPE,BR MOBILIDADE,São Vicente,Santos,MUDANÇA DE TABELA DE HORÁRIO,REGULAR,2025-12-04,-8.0,NO PRAZO,-8.0,PLANEJAMENTO,OK
2025112916275784, 134.00044686/2025-46,2025-12-02,10,2025-12-12,INTERMUNICIPAL,REGULAR,44.508.430/0001-94,VIAÇÃO ATIBAIA SÃO PAULO LTDA,VIAÇÃO ATIBAIA SÃO PAULO LTDA,,Atibaia,São Paulo,GRATUIDADE DE IDOSOS,REGULAR,2025-12-10,-2.0,NO PRAZO,-2.0,TC1,OK
2025111711064990, 134.00044717/2025-69,2025-12-02,10,2025-12-12,INTERMUNICIPAL,REGULAR,61.084.018/0001-03,VIAÇÃO COMETA S/A,VIAÇÃO COMETA S/A,COMETA,Sorocaba,São Paulo,GRATUIDADE DE IDOSOS,REGULAR,2025-12-10,-2.0,NO PRAZO,-2.0,TC2,OK
2025120115581188, 134.00044724/2025-61,2025-12-02,10,2025-12-12,INTERMUNICIPAL,REGULAR,61.084.018/0001-03,VIAÇÃO COMETA S/A,VIAÇÃO COMETA S/A,COMETA,São Paulo,Sorocaba,PRESTAÇÃO DE SERVIÇO DA EMPRESA,REGULAR,2025-12-11,-1.0,NO PRAZO,-1.0,TC2,OK
2025120212490580, 134.00044846/2025-57,2025-12-02,10,2025-12-12,INTERMUNICIPAL,REGULAR,54.049.754/0001-65,VIAÇÃO VALE DO TIETE LTDA,VIAÇÃO VALE DO TIETE LTDA,VALE DO TIETE,Botucatu,São Paulo,GRATUIDADE DE IDOSOS,REGULAR,2025-12-10,-2.0,NO PRAZO,-2.0,TC2,OK
2025120108455689, 134.00044843/2025-13,2025-12-02,10,2025-12-12,INTERMUNICIPAL,REGULAR,01.339.438/0001-61,AUTO ÔNIBUS DEL OESTE LTDA - EPP,AUTO ÔNIBUS DEL OESTE LTDA - EPP,,Tapiratiba,Casa Branca,ADIANTAMENTO/ATRASO DE VEÍCULO,FISCALIZAÇÃO,2025-12-12,0.0,NO PRAZO,0.0,,OK
2025120112422081, 134.00044860/2025-51,2025-12-02,20,2025-12-22,INTERMUNICIPAL,REGULAR,54.360.623/0001-02,VIAÇÃO PIRACICABANA S/A,VIAÇÃO PIRACICABANA S/A,PIRACICABANA,São Bernardo do Campo,Praia Grande,MÁ CONDIÇÃO DE VEÍCULO,FISCALIZAÇÃO,2025-12-22,0.0,NO PRAZO,0.0,,OK
2025120113053018, 134.00044861/2025-03,2025-12-02,20,2025-12-22,INTERMUNICIPAL,REGULAR,54.360.623/0001-02,VIAÇÃO PIRACICABANA S/A,VIAÇÃO PIRACICABANA S/A,PIRACICABANA,São Bernardo do Campo,Praia Grande,MÁ CONDIÇÃO DE VEÍCULO,FISCALIZAÇÃO,2025-12-22,0.0,NO PRAZO,0.0,,OK
2025120216194157, 134.00044849/2025-91,2025-12-02,10,2025-12-12,INTERMUNICIPAL,REGULAR,61.084.018/0001-03,VIAÇÃO COMETA S/A,VIAÇÃO COMETA S/A,COMETA,Sorocaba,São Paulo,MÁ CONDIÇÃO DE VEÍCULO,FISCALIZAÇÃO,2025-12-10,-2.0,NO PRAZO,-2.0,,OK
2025120209370532, 134.00044855/2025-48,2025-12-02,10,2025-12-12,INTERMUNICIPAL,REGULAR,72.543.978/0001-00,GUERINO SEISCENTO TRANSPORTES S/A,GUERINO SEISCENTO TRANSPORTES S/A,,Araçatuba,Birigui,MÁ CONDIÇÃO DE VEÍCULO,FISCALIZAÇÃO,2025-12-11,-1.0,NO PRAZO,-1.0,,OK
2025120222001958,134.00044932/2025-60,2025-12-03,20,2025-12-23,METROPOLITANO,REGULAR,61.563.557/0001-25,PASSARO MARRON,EMPRESA DE ÔNIBUS PASSARO MARRON S/A,PASSARO MARRON,Paraibuna,São José dos Campos,MÁ CONDUTA DO MOTORISTA,FISCALIZAÇÃO,2025-12-17,-6.0,NO PRAZO,-6.0,VP,OK
2025120217534763,134.00044947/2025-28,2025-12-03,10,2025-12-13,METROPOLITANO,REGULAR,50.479.476/0001-25,JACAREI,VIAÇÃO JACAREI LTDA,JACAREI,Jacareí,São José dos Campos,MÁ CONDUTA DO MOTORISTA,FISCALIZAÇÃO,2025-12-08,-5.0,NO PRAZO,-5.0,VP,OK
2025120219552531,134.00044965/2025-18,2025-12-03,10,2025-12-13,METROPOLITANO,REGULAR,20.336.241/0001-13,BUS +,CONSORCIO BUS +,BUS +,Sumaré,Campinas,ADIANTAMENTO/ATRASO DE VEÍCULO,FISCALIZAÇÃO,2025-12-10,-3.0,NO PRAZO,-3.0,CN,OK
2025120108255350,134.00044979/2025-23,2025-12-03,10,2025-12-13,METROPOLITANO,REGULAR,20.336.241/0001-13,BUS +,CONSORCIO BUS +,BUS +,Sumaré,Campinas,ADIANTAMENTO/ATRASO DE VEÍCULO,FISCALIZAÇÃO,2025-12-11,-2.0,NO PRAZO,-2.0,CN,OK
2025120307060234,134.00045057/2025-33,2025-12-03,20,2025-12-23,METROPOLITANO,REGULAR,08.351.253/0001-11,INTERNORTE,CONSÓRCIO INTERNORTE DE TRANSPORTES,INTERNORTE,Guarulhos,São Paulo,ADIANTAMENTO/ATRASO DE VEÍCULO,FISCALIZAÇÃO,2025-12-19,-4.0,NO PRAZO,-4.0,SP,OK
2025120305020522,134.00045055/2025-44,2025-12-03,20,2025-12-23,METROPOLITANO,REGULAR,08.351.253/0001-11,INTERNORTE,CONSÓRCIO INTERNORTE DE TRANSPORTES,INTERNORTE,Guarulhos,São Paulo,ADIANTAMENTO/ATRASO DE VEÍCULO,FISCALIZAÇÃO,2025-12-19,-4.0,NO PRAZO,-4.0,SP,OK
2025120220114144, 134.00044929/2025-46,2025-12-03,10,2025-12-13,INTERMUNICIPAL,REGULAR,45.606.720/0001-33,NOSSA SENHORA DE FATIMA AUTO ÔNIBUS LTDA,NOSSA SENHORA DE FATIMA AUTO ÔNIBUS LTDA,,Tuiuti,Bragança Paulista,MUDANÇA DE TABELA DE HORÁRIO,REGULAR,2025-12-10,-3.0,NO PRAZO,-3.0,TC1,OK
202512021353539,134.000449362025-48,2025-12-03,20,2025-12-23,INTERMUNICIPAL,,,,,,Batatais,,MÁ CONDUTA DO MOTORISTA,FISCALIZAÇÃO,2025-12-19,-4.0,NO PRAZO,-4.0,,OK
2025120219502897, 134.00044953/2025-85,2025-12-03,10,2025-12-13,INTERMUNICIPAL,REGULAR,45.606.720/0001-33,NOSSA SENHORA DE FATIMA AUTO ÔNIBUS LTDA,NOSSA SENHORA DE FATIMA AUTO ÔNIBUS LTDA,,Tuiuti,Bragança Paulista,MUDANÇA DE TABELA DE HORÁRIO,REGULAR,2025-12-10,-3.0,NO PRAZO,-3.0,TC1,OK
2025120113591710,,2025-12-03,10,2025-12-13,INTERMUNICIPAL,FRETAMENTO,,,,,Guarulhos,,MÁ CONDIÇÃO DE VEÍCULO,OUVIDORIA LOCAL,2025-12-03,-10.0,NO PRAZO,-10.0,,OK
2025120208253894, 134.00045056/2025-99,2025-12-03,10,2025-12-13,INTERMUNICIPAL,,,,,,,Campinas,MÁ CONDUTA DE FUNCIONÁRIOS,FISCALIZAÇÃO,2025-12-05,-8.0,NO PRAZO,-8.0,,OK
2025120112515784, 134.00045054/2025-08,2025-12-03,20,2025-12-23,INTERMUNICIPAL,REGULAR,54.360.623/0001-02,VIAÇÃO PIRACICABANA S/A,VIAÇÃO PIRACICABANA S/A,PIRACICABANA,São Bernardo do Campo,Praia Grande,MÁ CONDIÇÃO DE VEÍCULO,FISCALIZAÇÃO,2025-12-22,-1.0,NO PRAZO,-1.0,,OK
2025120208061770,134.00045308/2025-80,2025-12-04,20,2025-12-24,METROPOLITANO,REGULAR,,,,,Votorantim,Sorocaba,INCLUSÃO DE NOVAS LINHAS,REGULAR,2025-12-17,-7.0,NO PRAZO,-7.0,PLANEJAMENTO,OK
2025120313160931,134.00045152/2025-37,2025-12-04,20,2025-12-24,METROPOLITANO,REGULAR,45.992.724/0001-05,RAPIDO CAMPINAS,RAPIDO LUXO CAMPINAS LTDA,RAPIDO CAMPINAS,São Roque,Sorocaba,MÁ CONDIÇÃO DE VEÍCULO,FISCALIZAÇÃO,2025-12-22,-2.0,NO PRAZO,-2.0,SB,OK
2025120407585450,134.00045157/2025-60,2025-12-04,20,2025-12-24,METROPOLITANO,REGULAR,08.351.253/0001-11,INTERNORTE,CONSÓRCIO INTERNORTE DE TRANSPORTES,INTERNORTE,Guarulhos,São Paulo,ADIANTAMENTO/ATRASO DE VEÍCULO,FISCALIZAÇÃO,2025-12-19,-5.0,NO PRAZO,-5.0,SP,OK
2025120320542550, 134.00045375/2025-02,2025-12-04,10,2025-12-14,INTERMUNICIPAL,REGULAR,56.927.163/0003-30,VIAÇÃO DANUBIO AZUL LTDA,VIAÇÃO DANUBIO AZUL LTDA,,Matão,São Paulo,REEMBOLSO DE PASSAGEM ,REGULAR,2025-12-12,-2.0,NO PRAZO,-2.0,TC4,OK
2025120408193750, 134.00045388/2025-73,2025-12-04,10,2025-12-14,INTERMUNICIPAL,REGULAR,61.586.160/0001-59,ELUX S.S. EXPRESSO LUXO SAO PAULO SANTOS LTDA,ELUX S.S. EXPRESSO LUXO SAO PAULO SANTOS LTDA,EXPRESSO LUXO,Santos,São Paulo,ADIANTAMENTO/ATRASO DE VEÍCULO,FISCALIZAÇÃO,2025-12-08,-6.0,NO PRAZO,-6.0,,OK
2025120319152812,134.00045364/2025-14,2025-12-05,20,2025-12-25,METROPOLITANO,REGULAR,61.563.557/0001-25,PASSARO MARRON,EMPRESA DE ÔNIBUS PASSARO MARRON S/A,PASSARO MARRON,Lorena,Taubaté,MÁ CONDIÇÃO DE VEÍCULO,FISCALIZAÇÃO,2025-12-17,-8.0,NO PRAZO,-8.0,VP,OK
2025120408581691,134.00045381/2025-51,2025-12-05,10,2025-12-15,METROPOLITANO,REGULAR,,,,,,,MÁ CONDUTA DO MOTORISTA,FISCALIZAÇÃO,2025-12-08,-7.0,NO PRAZO,-7.0,SP,OK
2025120419411839,134.00045694/2025-18,2025-12-05,10,2025-12-15,METROPOLITANO,REGULAR,20.336.241/0001-13,BUS +,CONSORCIO BUS +,BUS +,Cosmópolis,Engenheiro Coelho,MUDANÇA DE TABELA DE HORÁRIO,REGULAR,2025-12-11,-4.0,NO PRAZO,-4.0,PLANEJAMENTO,OK
2025120419454526,134.00045693/2025-65,2025-12-05,10,2025-12-15,METROPOLITANO,REGULAR,20.336.241/0001-13,BUS +,CONSORCIO BUS +,BUS +,Cosmópolis,Engenheiro Coelho,MUDANÇA DE TABELA DE HORÁRIO,REGULAR,2025-12-11,-4.0,NO PRAZO,-4.0,PLANEJAMENTO,OK
2025111012180929, 134.00045448/2025-58,2025-12-05,20,2025-12-25,INTERMUNICIPAL,REGULAR,45.992.724/0001-05,RAPIDO LUXO CAMPINAS LTDA,RAPIDO LUXO CAMPINAS LTDA,RAPIDO CAMPINAS,Vinhedo,Louveira,MUDANÇA DE TABELA DE HORÁRIO,REGULAR,2025-12-15,-10.0,NO PRAZO,-10.0,TC1,OK
2025120721441283,134.00045707/2025-41,2025-12-08,10,2025-12-18,METROPOLITANO,REGULAR,21.659.864/0001-90,BR MOBILIDADE,BR MOBILIDADE BAIXADA SANTISTA S.A. - SPE,BR MOBILIDADE,Peruíbe,Santos,MUDANÇA DE ITINERÁRIO,REGULAR,2025-12-11,-7.0,NO PRAZO,-7.0,PLANEJAMENTO,OK
2025120722042786,134.00045749/2025-81,2025-12-08,10,2025-12-18,METROPOLITANO,REGULAR,21.659.864/0001-90,BR MOBILIDADE,BR MOBILIDADE BAIXADA SANTISTA S.A. - SPE,BR MOBILIDADE,Praia Grande,Cubatão,MUDANÇA DE ITINERÁRIO,REGULAR,2025-12-11,-7.0,NO PRAZO,-7.0,PLANEJAMENTO,OK
2025120722264018,134.00045751/2025-51,2025-12-08,10,2025-12-18,METROPOLITANO,REGULAR,21.659.864/0001-90,BR MOBILIDADE,BR MOBILIDADE BAIXADA SANTISTA S.A. - SPE,BR MOBILIDADE,Praia Grande,Cubatão,MUDANÇA DE ITINERÁRIO,REGULAR,2025-12-11,-7.0,NO PRAZO,-7.0,PLANEJAMENTO,OK
2025120511202639, 134.00045712/2025-53,2025-12-08,50,2026-01-27,INTERMUNICIPAL,FRETAMENTO,,GM TURISMO / M-TUR FRETAMENTO TURISMO,,,Águas de São Pedro,Piracicaba,TRANSPORTE CLANDESTINO,FISCALIZAÇÃO,2026-01-19,-8.0,NO PRAZO,-8.0,,OK
2025120722030870, 134.00045722/2025-99,2025-12-08,10,2025-12-18,INTERMUNICIPAL,REGULAR,60.896.248/0001-04,VALLESUL TRANSPORTES E TURISMO LTDA,VALLESUL TRANSPORTES E TURISMO LTDA,,,,PRESTAÇÃO DE SERVIÇO DA EMPRESA,REGULAR,2025-12-09,-9.0,NO PRAZO,-9.0,PL TC5,OK
2025120810302192, 134.00042451/2025-10,2025-12-08,10,2025-12-18,INTERMUNICIPAL,REGULAR,45.992.724/0001-05,RAPIDO LUXO CAMPINAS LTDA,RAPIDO LUXO CAMPINAS LTDA,RAPIDO CAMPINAS,Vinhedo,Louveira,RÉPLICA DE MANIFESTAÇÃO,REGULAR,2025-12-18,0.0,NO PRAZO,0.0,TC1,OK
2025120810325740, 134.00045746/2025-48,2025-12-08,10,2025-12-18,INTERMUNICIPAL,REGULAR,51.663.680/0003-26,VIAÇÃO PARATY LTDA,VIAÇÃO PARATY LTDA,,Araraquara,Rincão,ADIANTAMENTO/ATRASO DE VEÍCULO,FISCALIZAÇÃO,2025-12-12,-6.0,NO PRAZO,-6.0,,OK
2025120815363752, 134.00043852/2025-97,2025-12-08,10,2025-12-18,INTERMUNICIPAL,REGULAR,55.334.262/0001-84,EMPRESA DE TRANSPORTES ANDORINHA S/A,EMPRESA DE TRANSPORTES ANDORINHA S/A,,São Paulo,Presidente Prudente,PRESTAÇÃO DE SERVIÇO DA EMPRESA,REGULAR,2025-12-18,0.0,NO PRAZO,0.0,TC3,OK
2025120816281755, 134.00045878/2025-70,2025-12-08,10,2025-12-18,INTERMUNICIPAL,REGULAR,54.049.754/0001-65,VIAÇÃO VALE DO TIETE LTDA,VIAÇÃO VALE DO TIETE LTDA,VALE DO TIETE,,,PRESTAÇÃO DE SERVIÇO DA EMPRESA,REGULAR,2025-12-17,-1.0,NO PRAZO,-1.0,TC2/TC3,OK
2025120917452170,134.00046110/2025-13,2025-12-09,20,2025-12-29,METROPOLITANO,REGULAR,,,,,Guarantã,,INCLUSÃO DE NOVAS LINHAS,REGULAR,2025-12-19,-10.0,NO PRAZO,-10.0,PLANEJAMENTO,OK
2025120909451847,134.00045964/2025-82,2025-12-09,20,2025-12-29,METROPOLITANO,REGULAR,,,,,,,SOLICITAÇÃO FRETAMENTO,FRETAMENTO,2025-12-22,-7.0,NO PRAZO,-7.0,,OK
2025120915000688,134.00046149/2025-31,2025-12-09,20,2025-12-29,METROPOLITANO,REGULAR,45.176.864/0001-05,ABC TRANSPORTES,ABC - TRANSPORTES COLETIVOS VALE DO PARAIBA LTDA,ABC TRANSPORTES,Pindamonhangaba,Taubaté,PRESTAÇÃO DE SERVIÇO DA EMPRESA,FISCALIZAÇÃO,2025-12-28,-1.0,NO PRAZO,-1.0,VP,OK
2025110415365584, 134.00046144/2025-16,2025-12-09,20,2025-12-29,INTERMUNICIPAL,FRETAMENTO,46.014.122/0001-38,VB TRANSPORTES E TURISMO LTDA,VB TRANSPORTES E TURISMO LTDA,VB TRANSPORTES E TURISMO,Salto,Indaiatuba,MÁ CONDUTA DE FUNCIONÁRIOS,REGULAR,2025-12-19,-10.0,NO PRAZO,-10.0,TC1,OK
2025121011065928,134.00046232/2025-18,2025-12-10,10,2025-12-20,METROPOLITANO,REGULAR,61.563.557/0001-25,PASSARO MARRON,EMPRESA DE ÔNIBUS PASSARO MARRON S/A,PASSARO MARRON,São José dos Campos,Lorena,MÁ CONDIÇÃO DE VEÍCULO,FISCALIZAÇÃO,2025-12-17,-3.0,NO PRAZO,-3.0,VP,OK
2025121006401121,134.00046234/2025-07,2025-12-10,20,2025-12-30,METROPOLITANO,REGULAR,08.390.180/0001-77,INTERVIAS,CONSÓRCIO INTERVIAS,INTERVIAS,Itapecerica da Serra,São Paulo,MÁ CONDIÇÃO DE VEÍCULO,FISCALIZAÇÃO,2025-12-28,-2.0,NO PRAZO,-2.0,INSPEÇÃO,OK
2025121010491832, 134.00046233/2025-54,2025-12-10,20,2025-12-30,INTERMUNICIPAL,REGULAR,45.992.724/0001-05,RAPIDO LUXO CAMPINAS LTDA,RAPIDO LUXO CAMPINAS LTDA,RAPIDO CAMPINAS,Cabreúva,Jundiaí,MUDANÇA DE ITINERÁRIO,REGULAR,2025-12-19,-11.0,NO PRAZO,-11.0,TC1,OK
2025121011221531, 134.00046251/2025-36,2025-12-10,20,2025-12-30,INTERMUNICIPAL,REGULAR,66.473.554/0002-03,VIAÇÃO GUAXUPE LTDA,VIAÇÃO GUAXUPE LTDA,,São João da Boa Vista,,MUDANÇA DE TABELA DE HORÁRIO,REGULAR,2025-12-19,-11.0,NO PRAZO,-11.0,TC1,OK
2025120918162398,134.00046654/2025-85,2025-12-11,20,2025-12-31,METROPOLITANO,REGULAR,,,,,São Paulo,,MÁ CONDUTA DO MOTORISTA,FISCALIZAÇÃO,2026-01-05,5.0,ATRASADO,5.0,RTO,OK
2025121012310058,134.00046694/2025-27,2025-12-11,20,2025-12-31,METROPOLITANO,REGULAR,00.132.114/0001-95,SACS CONSTRUÇÃO,SACS CONSTRUÇÃO E MONTAGEM LTDA,SACS CONSTRUÇÃO,Mogi das Cruzes,,SOLICITAÇÃO DE INFORMAÇÃO,FRETAMENTO,2025-12-22,-9.0,NO PRAZO,-9.0,SP,OK
2025121014110648,134.00046382/2025-13,2025-12-11,20,2025-12-31,METROPOLITANO,REGULAR,00.132.114/0001-95,SACS CONSTRUÇÃO,SACS CONSTRUÇÃO E MONTAGEM LTDA,SACS CONSTRUÇÃO,Mogi das Cruzes,,SOLICITAÇÃO DE INFORMAÇÃO,FRETAMENTO,2025-01-05,-360.0,NO PRAZO,-360.0,FRETAMENTO,OK
2025121117532091,134.00046697/2025-61,2025-12-11,10,2025-12-21,METROPOLITANO,REGULAR,46.887.139/0001-08,EXPRESSO AMARELINHO,EXPRESSO AMARELINHO LTDA,EXPRESSO AMARELINHO LTDA,Mairinque,São Roque,MÁ CONDUTA DE FUNCIONÁRIOS,FISCALIZAÇÃO,2025-12-19,-2.0,NO PRAZO,-2.0,SB,OK
2025121115494966, 134.00046653/2025-31,2025-12-11,20,2025-12-31,INTERMUNICIPAL,,,,,,Tatuí,Cerquilho,MUDANÇA DE TABELA DE HORÁRIO,REGULAR,2025-12-22,-9.0,NO PRAZO,-9.0,TC2,OK
2025121218282798,134.00046968/2025-88,2025-12-12,28,2026-01-09,METROPOLITANO,REGULAR,,,,,Guarulhos,,SOLICITAÇÃO DE INFORMAÇÃO,FISCALIZAÇÃO,2026-01-14,5.0,ATRASADO,5.0,RTO,OK
2025120306593157, 134.00046783/2025-73,2025-12-12,20,2026-01-01,INTERMUNICIPAL,REGULAR,45.992.724/0001-05,RAPIDO LUXO CAMPINAS LTDA,RAPIDO LUXO CAMPINAS LTDA,RAPIDO CAMPINAS,Cajamar,Jundiaí,GRATUIDADE DE IDOSOS,REGULAR,2025-12-22,-10.0,NO PRAZO,-10.0,TC1,OK
2025121506492085,134.00047068/2025-58,2025-12-15,20,2026-01-04,METROPOLITANO,REGULAR,45.992.724/0001-05,RAPIDO CAMPINAS,RAPIDO LUXO CAMPINAS LTDA,RAPIDO CAMPINAS,Piedade,Ibiúna,MUDANÇA DE TABELA DE HORÁRIO,REGULAR,2025-12-28,-7.0,NO PRAZO,-7.0,PLANEJAMENTO TC2,OK
2025121514090062,134.00047075/2025-50,2025-12-15,20,2026-01-04,METROPOLITANO,REGULAR,08.419.802/0001-42,ANHANGUERA,CONSÓRCIO ANHANGUERA,ANHANGUERA,Carapicuíba,Osasco,MUDANÇA DE ITINERÁRIO,REGULAR,2025-12-28,-7.0,NO PRAZO,-7.0,PLANEJAMENTO,OK
2025121513532758,134.00047089/2025-73,2025-12-15,25,2026-01-09,METROPOLITANO,REGULAR,40.181.203/0001-46,NEXTMOBILIDADE,ABC SISTEMA DE TRANSPORTE SPE S.A.,NEXTMOBILIDADE,Suzano,Ribeirão Pires,MUDANÇA DE TABELA DE HORÁRIO,REGULAR,2026-01-14,5.0,ATRASADO,5.0,PLANEJAMENTO/SP,OK
2025121516462939,134.00047419/2025-21,2025-12-15,29,2026-01-13,METROPOLITANO,REGULAR,08.351.253/0001-11,INTERNORTE,CONSÓRCIO INTERNORTE DE TRANSPORTES,INTERNORTE,Guarulhos,São Paulo,SUPERLOTAÇÃO DE ÔNIBUS,FISCALIZAÇÃO,2026-01-09,-4.0,NO PRAZO,-4.0,SP,OK
2025121215413128, 134.00046993/2025-61,2025-12-15,40,2026-01-24,INTERMUNICIPAL,FRETAMENTO,,CRIS BIJU,,,Presidente Venceslau,Tupi Paulista,TRANSPORTE CLANDESTINO,FISCALIZAÇÃO,2026-01-15,-9.0,NO PRAZO,-9.0,,OK
2025121222381318, 134.00047049/2025-21,2025-12-15,25,2026-01-09,INTERMUNICIPAL,REGULAR,72.543.978/0001-00,GUERINO SEISCENTO TRANSPORTES S/A,GUERINO SEISCENTO TRANSPORTES S/A,,Birigui,Araçatuba,MÁ CONDIÇÃO DE VEÍCULO,FISCALIZAÇÃO,2026-01-08,-1.0,NO PRAZO,-1.0,,OK
2025121222045338, 134.00047071/2025-71,2025-12-15,20,2026-01-04,INTERMUNICIPAL,REGULAR,56.927.163/0003-30,VIAÇÃO DANUBIO AZUL LTDA,VIAÇÃO DANUBIO AZUL LTDA,,São Paulo,Araras,PRESTAÇÃO DE SERVIÇO DA EMPRESA,REGULAR,2025-12-28,-7.0,NO PRAZO,-7.0,TC1,OK
2025120109570611, 134.00047084/2025-41,2025-12-15,10,2025-12-25,INTERMUNICIPAL,REGULAR,61.084.018/0001-03,VIAÇÃO COMETA S/A,VIAÇÃO COMETA S/A,COMETA,São Paulo,Santos,MÁ CONDIÇÃO DE VEÍCULO,FISCALIZAÇÃO,2025-12-19,-6.0,NO PRAZO,-6.0,,OK
2025111018334451, 134.00047424/2025-33,2025-12-15,20,2026-01-04,INTERMUNICIPAL,REGULAR,07.022.473/0001-39,RAPIDO FENIX VIAÇÃO LTDA,RAPIDO FENIX VIAÇÃO LTDA,,Socorro,Campinas,PRESTAÇÃO DE SERVIÇO DA EMPRESA,REGULAR,2025-12-28,-7.0,NO PRAZO,-7.0,TC1,OK
2025120218152580, 134.00047415/2025-42,2025-12-15,20,2026-01-04,INTERMUNICIPAL,REGULAR,61.084.018/0001-03,VIAÇÃO COMETA S/A,VIAÇÃO COMETA S/A,COMETA,Ribeirão Preto,São Paulo,MÁ CONDIÇÃO DE VEÍCULO,FISCALIZAÇÃO,2025-12-22,-13.0,NO PRAZO,-13.0,INSPEÇÃO,OK
2025121613032493,134.00047399/2025-98,2025-12-16,10,2025-12-26,METROPOLITANO,REGULAR,20.336.241/0001-13,BUS +,CONSORCIO BUS +,BUS +,Sorocaba,Indaiatuba,MUDANÇA DE TABELA DE HORÁRIO,REGULAR,2025-12-22,-4.0,NO PRAZO,-4.0,PLANEJAMENTO,OK
2025121618133974,134.00047400/2025-84,2025-12-16,10,2025-12-26,METROPOLITANO,REGULAR,61.563.557/0001-25,PASSARO MARRON,EMPRESA DE ÔNIBUS PASSARO MARRON S/A,PASSARO MARRON,Lorena,Guaratinguetá,MUDANÇA DE TABELA DE HORÁRIO,REGULAR,2025-12-19,-7.0,NO PRAZO,-7.0,PLANEJAMENTO,OK
2025121112432573,134.00047314/2025-71,2025-12-16,10,2025-12-26,METROPOLITANO,REGULAR,05.109.411/0001-33,RAZOLI TRANSPORTES,RAZOLI E LOPES TRANSPORTES LTDA - EPP,RAZOLI TRANSPORTES,Campinas,,SOLICITAÇÃO DE INFORMAÇÃO,FISCALIZAÇÃO,2025-12-18,-8.0,NO PRAZO,-8.0,CN,OK
2025121520234154, 134.00047254/2025-97,2025-12-16,10,2025-12-26,INTERMUNICIPAL,REGULAR,45.992.724/0001-05,RAPIDO LUXO CAMPINAS LTDA,RAPIDO LUXO CAMPINAS LTDA,RAPIDO CAMPINAS,Cajamar,Campinas,ADIANTAMENTO/ATRASO DE VEÍCULO,FISCALIZAÇÃO,2025-12-19,-7.0,NO PRAZO,-7.0,,OK
2025121606433449, 134.00047397/2025-07,2025-12-16,20,2026-01-05,INTERMUNICIPAL,REGULAR,07.022.473/0001-39,RAPIDO FENIX VIAÇÃO LTDA,RAPIDO FENIX VIAÇÃO LTDA,,Itatiba,Jundiaí,ADIANTAMENTO/ATRASO DE VEÍCULO,FISCALIZAÇÃO,2025-12-28,-8.0,NO PRAZO,-8.0,,OK
2025121510201086, 134.00047431/2025-35,2025-12-16,20,2026-01-05,INTERMUNICIPAL,,,,,,Santa Bárbara d'Oeste,,SOLICITAÇÃO DE INFORMAÇÃO,FRETAMENTO,2025-12-28,-8.0,NO PRAZO,-8.0,,OK
2025121516315580, 134.00047251/2025-53,2025-12-16,20,2026-01-05,INTERMUNICIPAL,REGULAR,45.992.724/0001-05,RAPIDO LUXO CAMPINAS LTDA,RAPIDO LUXO CAMPINAS LTDA,RAPIDO CAMPINAS,Cajamar,,MUDANÇA DE TABELA DE HORÁRIO,REGULAR,2025-12-28,-8.0,NO PRAZO,-8.0,TC1,OK
2025111212462815, 134.00047426/2025-22,2025-12-16,20,2026-01-05,INTERMUNICIPAL,REGULAR,54.360.623/0001-02,VIAÇÃO PIRACICABANA S/A,VIAÇÃO PIRACICABANA S/A,PIRACICABANA,Ribeirão Preto,Taquaritinga,PRESTAÇÃO DE SERVIÇO DA EMPRESA,REGULAR,2025-12-28,-8.0,NO PRAZO,-8.0,TC4,OK
2025121608122348, 134.00047320/2025-29,2025-12-16,10,2025-12-26,INTERMUNICIPAL,REGULAR,60.896.248/0001-04,VALLESUL TRANSPORTES E TURISMO LTDA,VALLESUL TRANSPORTES E TURISMO LTDA,,Registro,São Paulo,GRATUIDADE DE IDOSOS,REGULAR,2025-12-18,-8.0,NO PRAZO,-8.0,PL TC5,OK
2025121609391041, 134.00047435/2025-13,2025-12-16,20,2026-01-05,INTERMUNICIPAL,REGULAR,44.993.632/0001-79,EMPRESAS REUNIDAS PAULISTA DE TRANSPORTES LTDA,EMPRESAS REUNIDAS PAULISTA DE TRANSPORTES LTDA,,Bauru,São Carlos,PRESTAÇÃO DE SERVIÇO DA EMPRESA,REGULAR,2025-12-28,-8.0,NO PRAZO,-8.0,TC3,OK
2025121623203840,134.00047459/2025-72,2025-12-17,27,2026-01-13,METROPOLITANO,REGULAR,08.419.802/0001-42,ANHANGUERA,CONSÓRCIO ANHANGUERA,ANHANGUERA,Carapicuíba,Osasco,ADIANTAMENTO/ATRASO DE VEÍCULO,FISCALIZAÇÃO,2026-01-09,-4.0,NO PRAZO,-4.0,SP,OK
2025121120150068,134.00047497/2025-25,2025-12-17,20,2026-01-06,METROPOLITANO,REGULAR,08.351.253/0001-11,INTERNORTE,CONSÓRCIO INTERNORTE DE TRANSPORTES,INTERNORTE,Guarulhos,São Paulo,MÁ CONDUTA DE FUNCIONÁRIOS,FISCALIZAÇÃO,2026-01-05,-1.0,NO PRAZO,-1.0,RTO,OK
2025121607000859,134.00047525/2025-12,2025-12-17,10,2025-12-27,METROPOLITANO,REGULAR,21.659.864/0001-90,BR MOBILIDADE,BR MOBILIDADE BAIXADA SANTISTA S.A. - SPE,BR MOBILIDADE,Cubatão,Santos,SUPERLOTAÇÃO DE ÔNIBUS,FISCALIZAÇÃO,2025-12-22,-5.0,NO PRAZO,-5.0,BS,OK
2025121614444346,134.00047606/2025-12,2025-12-17,23,2026-01-09,METROPOLITANO,REGULAR,20.336.241/0001-13,BUS +,CONSORCIO BUS +,BUS +,Vinhedo,Campinas,ADIANTAMENTO/ATRASO DE VEÍCULO,FISCALIZAÇÃO,2026-01-14,5.0,ATRASADO,5.0,CN,OK
2025121615275820,134.00047607/2025-59,2025-12-17,20,2026-01-06,METROPOLITANO,REGULAR,08.351.253/0001-11,INTERNORTE,CONSÓRCIO INTERNORTE DE TRANSPORTES,INTERNORTE,Arujá,Itaquaquecetuba,MUDANÇA DE ITINERÁRIO,FISCALIZAÇÃO,2025-12-28,-9.0,NO PRAZO,-9.0,SP,OK
2025121708401368, 134.00047489/2025-89,2025-12-17,10,2025-12-27,INTERMUNICIPAL,REGULAR,21.966.029/0001-00,PORTO DE REGISTRO TRANSPORTES LTDA,PORTO DE REGISTRO TRANSPORTES LTDA,,Registro,Jacupiranga,BENEFÍCIO DO ESTUDANTE,REGULAR,2025-12-19,-8.0,NO PRAZO,-8.0,PL TC5,OK
2025121712525887, 134.00047503/2025-44,2025-12-17,10,2025-12-27,INTERMUNICIPAL,REGULAR,21.966.029/0001-00,PORTO DE REGISTRO TRANSPORTES LTDA,PORTO DE REGISTRO TRANSPORTES LTDA,,Registro,Jacupiranga,BENEFÍCIO DO ESTUDANTE,REGULAR,2025-12-19,-8.0,NO PRAZO,-8.0,PL TC5,OK
2025121712520127, 134.00047528/2025-48,2025-12-17,23,2026-01-09,INTERMUNICIPAL,REGULAR,44.944.577/0001-27,VIAÇÃO SÃO BENTO LTDA,VIAÇÃO SÃO BENTO LTDA,,Orlândia,Ribeirão Preto,PRESTAÇÃO DE SERVIÇO DA EMPRESA,REGULAR,2025-01-05,-369.0,NO PRAZO,-369.0,TC1,OK
2025121716234091, 134.00047794/2025-71,2025-12-17,20,2026-01-06,INTERMUNICIPAL,,,,,,Cosmópolis,Campinas,APREENSÃO DE VEÍCULOS,FISCALIZAÇÃO,2025-12-28,-9.0,NO PRAZO,-9.0,LIBERAÇÃO,OK
2025121721071455,134.00047682/2025-10,2025-12-18,22,2026-01-09,METROPOLITANO,REGULAR,08.351.253/0001-11,INTERNORTE,CONSÓRCIO INTERNORTE DE TRANSPORTES,INTERNORTE,Guarulhos,São Paulo,MÁ CONDUTA DE FUNCIONÁRIOS,FISCALIZAÇÃO,2026-01-14,5.0,ATRASADO,5.0,RTO,OK
2025121718332523,134.00047680/2025-21,2025-12-18,10,2025-12-28,METROPOLITANO,REGULAR,08.419.802/0001-42,ANHANGUERA,CONSÓRCIO ANHANGUERA,ANHANGUERA,Carapicuíba,São Paulo,SUGESTÃO,REGULAR,2025-12-22,-6.0,NO PRAZO,-6.0,PLANEJAMENTO,OK
2025121709221840,134.00047781/2025-00,2025-12-18,22,2026-01-09,METROPOLITANO,REGULAR,20.336.241/0001-13,BUS +,CONSORCIO BUS +,BUS +,Hortolândia,Campinas,ADIANTAMENTO/ATRASO DE VEÍCULO,FISCALIZAÇÃO,2026-01-14,5.0,ATRASADO,5.0,CN,OK
2025121612522258, 134.00047795/2025-15,2025-12-18,10,2025-12-28,INTERMUNICIPAL,REGULAR,21.966.029/0001-00,PORTO DE REGISTRO TRANSPORTES LTDA,PORTO DE REGISTRO TRANSPORTES LTDA,,Registro,Jacupiranga,BENEFÍCIO DO ESTUDANTE,REGULAR,2025-12-19,-9.0,NO PRAZO,-9.0,PL TC5,OK
2025121518025533, 134.00047798/2025-59,2025-12-18,10,2025-12-28,INTERMUNICIPAL,REGULAR,54.360.623/0001-02,VIAÇÃO PIRACICABANA S/A,VIAÇÃO PIRACICABANA S/A,PIRACICABANA,Piracicaba,São Paulo,MÁ CONDUTA DO MOTORISTA,REGULAR,2025-12-28,0.0,NO PRAZO,0.0,TC1,OK
2025121818114397,134.00047895/2025-41,2025-12-19,10,2025-12-29,METROPOLITANO,REGULAR,20.336.241/0001-13,BUS +,CONSORCIO BUS +,BUS +,Pilar do Sul,Sorocaba,PRESTAÇÃO DE SERVIÇO DA EMPRESA,REGULAR,2025-12-28,-1.0,NO PRAZO,-1.0,PLANEJAMENTO,OK
2025121711424282,134.00047911/2025-04,2025-12-19,10,2025-12-29,METROPOLITANO,REGULAR,08.351.253/0001-11,INTERNORTE,CONSÓRCIO INTERNORTE DE TRANSPORTES,INTERNORTE,Guarulhos,São Paulo,MUDANÇA DE TABELA DE HORÁRIO,REGULAR,2025-12-28,-1.0,NO PRAZO,-1.0,PLANEJAMENTO,OK
2025121820393467,134.00047935/2025-55,2025-12-19,10,2025-12-29,METROPOLITANO,REGULAR,,,,,,,SOLICITAÇÃO DE INFORMAÇÃO,FRETAMENTO,2025-12-28,-1.0,NO PRAZO,-1.0,SP,OK
2025121820051889, 134.00047853/2025-19,2025-12-19,10,2025-12-29,INTERMUNICIPAL,FRETAMENTO,46.014.122/0001-38,VB TRANSPORTES E TURISMO LTDA,VB TRANSPORTES E TURISMO LTDA,VB TRANSPORTES E TURISMO,Indaiatuba,São Paulo,PRESTAÇÃO DE SERVIÇO DA EMPRESA,REGULAR,2025-12-28,-1.0,NO PRAZO,-1.0,TC1,OK
2025121920175530,134.00048145/2025-97,2025-12-22,20,2026-01-11,METROPOLITANO,REGULAR,,,,,,,SUGESTÃO,FISCALIZAÇÃO,2026-01-14,3.0,ATRASADO,3.0,SP/GERÊNCIA,OK
2025122211154077,134.00048549/2025-81,2025-12-23,20,2026-01-12,METROPOLITANO,REGULAR,08.390.180/0001-77,INTERVIAS,CONSÓRCIO INTERVIAS,INTERVIAS,Embu-Guaçu,São Paulo,PRESTAÇÃO DE SERVIÇO DA EMPRESA,FISCALIZAÇÃO,2026-01-05,-7.0,NO PRAZO,-7.0,SP,OK
2025122209085939, 134.00048507/2025-40,2025-12-23,31,2026-01-23,INTERMUNICIPAL,REGULAR,54.360.623/0001-02,VIAÇÃO PIRACICABANA S/A,VIAÇÃO PIRACICABANA S/A,PIRACICABANA,Itanhaém,,MÁ CONDIÇÃO DE VEÍCULO,FISCALIZAÇÃO,2026-01-21,-2.0,NO PRAZO,-2.0,,OK
2025122317182974,134.00048813/2025-86,2025-12-26,20,2026-01-15,METROPOLITANO,REGULAR,08.390.180/0001-77,INTERVIAS,CONSÓRCIO INTERVIAS,INTERVIAS,,,PRESTAÇÃO DE SERVIÇO DA EMPRESA,FISCALIZAÇÃO,2026-01-05,-10.0,NO PRAZO,-10.0,SP,OK
2025122814084659,134.00048928/2025-71,2025-12-29,20,2026-01-18,METROPOLITANO,REGULAR,40.181.203/0001-46,NEXTMOBILIDADE,ABC SISTEMA DE TRANSPORTE SPE S.A.,NEXTMOBILIDADE,São Paulo,Santo André,MUDANÇA DE TABELA DE HORÁRIO,FISCALIZAÇÃO,2026-01-21,3.0,ATRASADO,3.0,SP,OK
2025122711465888,134.00048919/2025-80,2025-12-29,20,2026-01-18,METROPOLITANO,REGULAR,08.390.180/0001-77,INTERVIAS,CONSÓRCIO INTERVIAS,INTERVIAS,Taboão da Serra,São Paulo,MUDANÇA DE TABELA DE HORÁRIO,FISCALIZAÇÃO,2026-01-08,-10.0,NO PRAZO,-10.0,SP,OK
2025122707183957,134.00048922/2025-01,2025-12-29,20,2026-01-18,METROPOLITANO,FRETAMENTO,15.687.446/0001-03,GUIRRO TRANSPORTES,GUIRRO TRANSPORTES LTDA ME,GUIRRO TUR,,,MÁ CONDIÇÃO DE VEÍCULO,FISCALIZAÇÃO,2026-01-08,-10.0,NO PRAZO,-10.0,INSPEÇÃO,OK
2025122911214814,134.00048998/2025-29,2025-12-29,20,2026-01-18,METROPOLITANO,REGULAR,40.181.203/0001-46,NEXTMOBILIDADE,ABC SISTEMA DE TRANSPORTE SPE S.A.,NEXTMOBILIDADE,São Bernardo do Campo,São Paulo,GRATUIDADE DE IDOSOS,REGULAR,2026-01-09,-9.0,NO PRAZO,-9.0,PLANEJAMENTO,OK
2025122809275653,134.00048949/2025-96,2025-12-29,20,2026-01-18,METROPOLITANO,REGULAR,,,,,Guarulhos,São Paulo,SOLICITAÇÃO DE INFORMAÇÃO,REGULAR,2026-01-08,-10.0,NO PRAZO,-10.0,PLANEJAMENTO,OK
2025122909324232,134.00049188/2025-90,2025-12-29,20,2026-01-18,METROPOLITANO,REGULAR,21.659.864/0001-90,BR MOBILIDADE,BR MOBILIDADE BAIXADA SANTISTA S.A. - SPE,BR MOBILIDADE,São Vicente,Santos,MUDANÇA DE ITINERÁRIO,REGULAR,2026-01-08,-10.0,NO PRAZO,-10.0,PLANEJAMENTO,OK
2025122502110731,134.00048918/2025-35,2025-12-29,20,2026-01-18,METROPOLITANO,REGULAR,08.390.180/0001-77,INTERVIAS,CONSÓRCIO INTERVIAS,INTERVIAS,Vargem Grande Paulista,São Paulo,MUDANÇA DE TABELA DE HORÁRIO,REGULAR,2026-01-08,-10.0,NO PRAZO,-10.0,PLANEJAMENTO,OK
2025122809541130,134.00048951/2025-65,2025-12-29,20,2026-01-18,METROPOLITANO,REGULAR,,,,,Mogi das Cruzes,,SOLICITAÇÃO DE INFORMAÇÃO,REGULAR,2026-01-16,-2.0,NO PRAZO,-2.0,GINV,OK
2025122907290735, 134.00049193/2025-01,2025-12-29,10,2026-01-08,INTERMUNICIPAL,REGULAR,60.896.248/0001-04,VALLESUL TRANSPORTES E TURISMO LTDA,VALLESUL TRANSPORTES E TURISMO LTDA,,São Paulo,Registro,PRESTAÇÃO DE SERVIÇO DA EMPRESA,REGULAR,2025-01-05,-368.0,NO PRAZO,-368.0,PL TC5,OK
2025122909051367, 134.00048954/2025-07,2025-12-29,20,2026-01-18,INTERMUNICIPAL,REGULAR,61.563.557/0001-25,EMPRESA DE ÔNIBUS PASSARO MARRON S/A,EMPRESA DE ÔNIBUS PASSARO MARRON S/A,PASSARO MARRON,São Paulo,Caraguatatuba,MUDANÇA DE ITINERÁRIO,FISCALIZAÇÃO,2026-01-03,-15.0,NO PRAZO,-15.0,,OK
2025122913464112, 134.00048995/2025-95,2025-12-29,10,2026-01-08,INTERMUNICIPAL,REGULAR,61.084.018/0001-03,VIAÇÃO COMETA S/A,VIAÇÃO COMETA S/A,COMETA,Limeira,Catanduva,PRESTAÇÃO DE SERVIÇO DA EMPRESA,REGULAR,2026-01-05,-3.0,NO PRAZO,-3.0,TC1,OK
2025122722503689, 134.00048925/2025-37,2025-12-29,10,2026-01-08,INTERMUNICIPAL,REGULAR,59.965.038/0001-41,EXPRESSO ITAMARATI S/A,EXPRESSO ITAMARATI S/A,,Tanabi,São José do Rio Preto,SOLICITAÇÃO DE INFORMAÇÃO,REGULAR,2025-01-05,-368.0,NO PRAZO,-368.0,TC4,OK
2025123014492167,134.00049248/2025-74,2025-12-30,20,2026-01-19,METROPOLITANO,REGULAR,08.390.180/0001-77,INTERVIAS,CONSÓRCIO INTERVIAS,INTERVIAS,Embu das Artes,São Paulo,ADIANTAMENTO/ATRASO DE VEÍCULO,FISCALIZAÇÃO,2026-01-14,-5.0,NO PRAZO,-5.0,SP,OK
2025122918300786,134.00049198/2025-25,2025-12-30,10,2026-01-09,METROPOLITANO,REGULAR,61.563.557/0001-25,PASSARO MARRON,EMPRESA DE ÔNIBUS PASSARO MARRON S/A,PASSARO MARRON,Campos do Jordão,Taubaté,MUDANÇA DE TABELA DE HORÁRIO,FISCALIZAÇÃO,2026-01-08,-1.0,NO PRAZO,-1.0,VP,OK
2025122919245545,134.00049169/2025-63,2025-12-30,10,2026-01-09,METROPOLITANO,REGULAR,08.390.180/0001-77,INTERVIAS,CONSÓRCIO INTERVIAS,INTERVIAS,Cotia,São Paulo,MUDANÇA DE TABELA DE HORÁRIO,REGULAR,2026-01-09,0.0,NO PRAZO,0.0,PLANEJAMENTO,OK
2025122816360168,134.00000013/2026-65,2026-01-02,20,2026-01-22,METROPOLITANO,REGULAR,45.992.724/0001-05,RAPIDO CAMPINAS,RAPIDO LUXO CAMPINAS LTDA,RAPIDO CAMPINAS,Sorocaba,Araçoiaba da Serra,MÁ CONDIÇÃO DE VEÍCULO,FISCALIZAÇÃO,2026-01-19,-3.0,NO PRAZO,-3.0,SOROCABA,OK
2026010217563493,134.00000150/2026-08,2026-01-05,10,2026-01-15,METROPOLITANO,REGULAR,46.014.122/0001-38,VB TRANSPORTES E TURISMO,VB TRANSPORTES E TURISMO LTDA,VB TRANSPORTES E TURISMO,Osasco,Rio Claro,PRESTAÇÃO DE SERVIÇO DA EMPRESA,PLANEJAMENTO,2026-01-06,-9.0,NO PRAZO,-9.0,TC1 - CAMPINAS,OK
2025122622424035,134.00000151/2026-44,2026-01-05,25,2026-01-30,METROPOLITANO,FRETAMENTO,15.687.446/0001-03,GUIRRO TRANSPORTES,GUIRRO TRANSPORTES LTDA ME,GUIRRO TUR,,,TRANSPORTE CLANDESTINO,FISCALIZAÇÃO,2026-01-21,-9.0,NO PRAZO,-9.0,INTERMUNICIPAL,OK
2026010218140813,134.00000327/2026-68,2026-01-05,10,2026-01-15,METROPOLITANO,FRETAMENTO,61.084.018/0001-03,VIAÇÃO COMETA,VIAÇÃO COMETA S/A,COMETA,Ribeirão Preto,São Paulo,PRESTAÇÃO DE SERVIÇO DA EMPRESA,PLANEJAMENTO,2026-01-08,-7.0,NO PRAZO,-7.0,TC1 - CAMPINAS,OK
2026010310090289,134.00000326/2026-13,2026-01-05,10,2026-01-15,METROPOLITANO,,,,,,Guarulhos,São Paulo,INCLUSÃO DE NOVAS LINHAS,PLANEJAMENTO,2026-01-12,-3.0,NO PRAZO,-3.0,METROPOLITANO,OK
2026010213441969,134.00000325/2026-79,2026-01-05,33,2026-01-25,METROPOLITANO,,,,,,,,PRESTAÇÃO DE SERVIÇO DA EMPRESA,FISCALIZAÇÃO,2026-01-30,5.0,ATRASADO,5.0,RTO,OK
2026010202225073,134.00000195/2026-74,2026-01-05,10,2026-01-15,METROPOLITANO,,,,,,,,INCLUSÃO DE NOVAS LINHAS,PLANEJAMENTO,2026-01-13,-2.0,NO PRAZO,-2.0,METROPOLITANO,OK
2025123112162532,134.00000319/2026-11 ,2026-01-05,20,2026-01-25,METROPOLITANO,FRETAMENTO,61.084.018/0001-03,VIAÇÃO COMETA,VIAÇÃO COMETA S/A,COMETA,Sorocaba,São Paulo,ADIANTAMENTO/ATRASO DE VEÍCULO,FISCALIZAÇÃO,2026-01-20,-5.0,NO PRAZO,-5.0,INTERMUNICIPAL,OK
2025123113112132,134.00000189/2026-17,2026-01-05,10,2026-01-15,METROPOLITANO,REGULAR,53.401.659/0001-16,TRANS-CINTER,CIDADE NATUREZA TRANSPORTES E TURISMO LTDA,TRANS-CINTER,Monteiro Lobato,São José dos Campos,MUDANÇA DE TABELA DE HORÁRIO,PLANEJAMENTO,2026-01-09,-6.0,NO PRAZO,-6.0,METROPOLITANO,OK
2025121507514822,134.00000339/2026-92 ,2026-01-05,10,2026-01-15,METROPOLITANO,REGULAR,46.014.122/0001-38,VB TRANSPORTES E TURISMO,VB TRANSPORTES E TURISMO LTDA,VB TRANSPORTES E TURISMO,Corumbataí,Rio Claro,PRESTAÇÃO DE SERVIÇO DA EMPRESA,FISCALIZAÇÃO,2026-01-09,-6.0,NO PRAZO,-6.0,INTERMUNICIPAL,OK
2025120916464140,134.00000335/2026-12,2026-01-05,10,2026-01-15,METROPOLITANO,REGULAR,61.563.557/0001-25,PASSARO MARRON,EMPRESA DE ÔNIBUS PASSARO MARRON S/A,PASSARO MARRON,São Paulo,Caraguatatuba,MÁ CONDUTA DO MOTORISTA,FISCALIZAÇÃO,2026-01-13,-2.0,NO PRAZO,-2.0,INTERMUNICIPAL,OK
2026010517240822,134.00000342/2026-14,2026-01-05,10,2026-01-15,METROPOLITANO,FRETAMENTO,54.049.754/0001-65,VALE DO TIETE,VIAÇÃO VALE DO TIETE LTDA,VALE DO TIETE,,,REEMBOLSO DE PASSAGEM ,PLANEJAMENTO,2026-01-08,-7.0,NO PRAZO,-7.0,TC2 - SOROCABA,OK
2026010422200323,134.00000332/2026-71,2026-01-05,10,2026-01-15,METROPOLITANO,FRETAMENTO,54.248.547/0001-30,VIAÇAO CALVIP,VIAÇÃO CALVIPE LTDA,VIAÇAO CALVIP,Laranjal Paulista,Sorocaba,MUDANÇA DE TABELA DE HORÁRIO,PLANEJAMENTO,2026-01-15,0.0,NO PRAZO,0.0,TC2 - SOROCABA,OK
2025121517354948,134.00000340/2026-17,2026-01-05,20,2026-01-25,METROPOLITANO,FRETAMENTO,67.356.568/0001-10,GUERINO SEISCENTOS,GUERINI PLANEJAMENTOS LTDA,GUERINI PLANEJAMENTOS LTD,Birigui,Araçatuba,MUDANÇA DE TABELA DE HORÁRIO,PLANEJAMENTO,2026-01-16,-9.0,NO PRAZO,-9.0,TC3 - BAURU,OK
2025121719505963,134.00000558/2026-71,2026-01-05,20,2026-01-25,METROPOLITANO,FRETAMENTO,61.084.018/0001-03,VIAÇÃO COMETA,VIAÇÃO COMETA S/A,COMETA,São Paulo,Sorocaba,ADIANTAMENTO/ATRASO DE VEÍCULO,FISCALIZAÇÃO,2026-01-20,-5.0,NO PRAZO,-5.0,INTERMUNICIPAL,OK
2026010508345461,134.00000544/2026-58,2026-01-05,10,2026-01-15,METROPOLITANO,REGULAR,21.659.864/0001-90,BR MOBILIDADE,BR MOBILIDADE BAIXADA SANTISTA S.A. - SPE,BR MOBILIDADE,Santos,São Vicente,MUDANÇA DE ITINERÁRIO,PLANEJAMENTO,2026-01-14,-1.0,NO PRAZO,-1.0,METROPOLITANO,OK
2025121006540140,134.00000336/2026-59,2026-01-05,20,2026-01-25,METROPOLITANO,FRETAMENTO,67.356.568/0001-10,GUERINO SEISCENTOS,GUERINI PLANEJAMENTOS LTDA,GUERINI PLANEJAMENTOS LTD,Birigui,Araçatuba,MUDANÇA DE TABELA DE HORÁRIO,PLANEJAMENTO,2026-01-16,-9.0,NO PRAZO,-9.0,TC3 - BAURU,OK
2026010409574251,134.00000330/2026-81,2026-01-05,20,2026-01-25,METROPOLITANO,REGULAR,20.336.241/0001-13,BUS +,CONSORCIO BUS +,BUS +,Sumaré,Campinas,ADIANTAMENTO/ATRASO DE VEÍCULO,FISCALIZAÇÃO,2026-01-19,-6.0,NO PRAZO,-6.0,CAMPINAS,OK
2025122917585241,134.00000329/2026-57,2026-01-05,20,2026-01-25,METROPOLITANO,REGULAR,45.992.724/0001-05,RAPIDO CAMPINAS,RAPIDO LUXO CAMPINAS LTDA,RAPIDO CAMPINAS,Araçoiaba da Serra,Sorocaba,ADIANTAMENTO/ATRASO DE VEÍCULO,FISCALIZAÇÃO,2026-01-19,-6.0,NO PRAZO,-6.0,CAMPINAS,OK
2026010511305317,134.00000337/2026-01,2026-01-05,20,2026-01-25,METROPOLITANO,,,,,,,,PRESTAÇÃO DE SERVIÇO DA EMPRESA,FISCALIZAÇÃO,2026-01-30,5.0,ATRASADO,5.0,RTO,OK
2026010513013082,134.00000341/2026-61,2026-01-05,20,2026-01-25,METROPOLITANO,REGULAR,08.351.253/0001-11,INTERNORTE,CONSÓRCIO INTERNORTE DE TRANSPORTES,INTERNORTE,Guarulhos,São Paulo,PRESTAÇÃO DE SERVIÇO DA EMPRESA,PLANEJAMENTO,2026-01-29,4.0,ATRASADO,4.0,METROPOLITANO,OK
2026010512045275,134.00000338/2026-48,2026-01-05,33,2026-02-07,METROPOLITANO,REGULAR,08.390.180/0001-77,INTERVIAS,CONSÓRCIO INTERVIAS,INTERVIAS,Embu-Guaçu,São Paulo,MUDANÇA DE ITINERÁRIO,FISCALIZAÇÃO,2026-02-09,2.0,ATRASADO,2.0,SÃO PAULO,OK
2026010510183043,134.00000334/2026-60 ,2026-01-05,33,2026-02-07,METROPOLITANO,REGULAR,08.351.253/0001-11,INTERNORTE,CONSÓRCIO INTERNORTE DE TRANSPORTES,INTERNORTE,Guarulhos,São Paulo,SUPERLOTAÇÃO DE ÔNIBUS,FISCALIZAÇÃO,2026-02-13,6.0,ATRASADO,6.0,SÃO PAULO,OK
2026010513504219,134.00000331/2026-26,2026-01-05,10,2026-01-15,METROPOLITANO,REGULAR,20.336.241/0001-13,BUS +,CONSORCIO BUS +,BUS +,Indaiatuba,Campinas,MUDANÇA DE TABELA DE HORÁRIO,PLANEJAMENTO,2026-01-16,1.0,ATRASADO,1.0,METROPOLITANO,OK
2025122309273462,134.00000513/2026-05,2026-01-06,10,2026-01-16,METROPOLITANO,REGULAR,61.563.557/0001-25,PASSARO MARRON,EMPRESA DE ÔNIBUS PASSARO MARRON S/A,PASSARO MARRON,São Paulo,Caraguatatuba,ADIANTAMENTO/ATRASO DE VEÍCULO,FISCALIZAÇÃO,2026-01-13,-3.0,NO PRAZO,-3.0,INTERMUNICIPAL,OK
2026010510351944,134.00000515/2026-96,2026-01-06,10,2026-01-16,METROPOLITANO,REGULAR,20.336.241/0001-13,BUS +,CONSORCIO BUS +,BUS +,Sumaré,Campinas,SUPERLOTAÇÃO DE ÔNIBUS,FISCALIZAÇÃO,2026-01-16,0.0,NO PRAZO,0.0,CAMPINAS,OK
2026010612110764,134.00000457/2026-09,2026-01-06,20,2026-01-26,METROPOLITANO,REGULAR,20.336.241/0001-13,BUS +,CONSORCIO BUS +,BUS +,Paulínia,Campinas,SUPERLOTAÇÃO DE ÔNIBUS,FISCALIZAÇÃO,2026-01-22,-4.0,NO PRAZO,-4.0,CAMPINAS,OK
2026010507361288,134.00000514/2026-41 ,2026-01-06,10,2026-01-16,METROPOLITANO,REGULAR,08.351.253/0001-11,INTERNORTE,CONSÓRCIO INTERNORTE DE TRANSPORTES,INTERNORTE,Guarulhos,São Paulo,MÁ CONDIÇÃO DE VEÍCULO,FISCALIZAÇÃO,2026-01-14,-2.0,NO PRAZO,-2.0,INSPEÇÃO,OK
2026010611361933,134.00000456/2026-56,2026-01-06,32,2026-02-07,METROPOLITANO,REGULAR,08.351.253/0001-11,INTERNORTE,CONSÓRCIO INTERNORTE DE TRANSPORTES,INTERNORTE,Arujá,,SUPERLOTAÇÃO DE ÔNIBUS,FISCALIZAÇÃO,2026-02-04,-3.0,NO PRAZO,-3.0,SÃO PAULO,OK
2025123107172992,134.00000416/2026-12,2026-01-06,32,2026-02-07,METROPOLITANO,REGULAR,08.351.253/0001-11,INTERNORTE,CONSÓRCIO INTERNORTE DE TRANSPORTES,INTERNORTE,Guarulhos,São Paulo,ADIANTAMENTO/ATRASO DE VEÍCULO,FISCALIZAÇÃO,2026-02-13,6.0,ATRASADO,6.0,SÃO PAULO,OK
2026010521275746,134.00000413/2026-71,2026-01-06,32,2026-02-07,METROPOLITANO,REGULAR,08.351.253/0001-11,INTERNORTE,CONSÓRCIO INTERNORTE DE TRANSPORTES,INTERNORTE,Guarulhos,,SUPERLOTAÇÃO DE ÔNIBUS,FISCALIZAÇÃO,2026-02-13,6.0,ATRASADO,6.0,SÃO PAULO,OK
2026010518380160,134.00000412/2026-26,2026-01-06,32,2026-02-07,METROPOLITANO,REGULAR,08.351.253/0001-11,INTERNORTE,CONSÓRCIO INTERNORTE DE TRANSPORTES,INTERNORTE,Guarulhos,São Paulo,SUPERLOTAÇÃO DE ÔNIBUS,FISCALIZAÇÃO,2026-02-13,6.0,ATRASADO,6.0,SÃO PAULO,OK
2026010611265230,134.00000417/2026-59,2026-01-06,20,2026-01-26,METROPOLITANO,REGULAR,08.351.253/0001-11,INTERNORTE,CONSÓRCIO INTERNORTE DE TRANSPORTES,INTERNORTE,Guarulhos,São Paulo,SUPERLOTAÇÃO DE ÔNIBUS,FISCALIZAÇÃO,2026-01-30,4.0,ATRASADO,4.0,RTO,OK
2026010611232465,134.00000419/2026-48,2026-01-06,20,2026-01-26,METROPOLITANO,,,,,,Guarulhos,,PRESTAÇÃO DE SERVIÇO DA EMPRESA,FISCALIZAÇÃO,2026-01-30,4.0,ATRASADO,4.0,RTO,OK
2026010611043218,134.00000421/2026-17,2026-01-06,20,2026-01-26,METROPOLITANO,REGULAR,08.351.253/0001-11,INTERNORTE,CONSÓRCIO INTERNORTE DE TRANSPORTES,INTERNORTE,Guarulhos,São Paulo,PRESTAÇÃO DE SERVIÇO DA EMPRESA,FISCALIZAÇÃO,2026-01-30,4.0,ATRASADO,4.0,RTO,OK
2026010611535517,134.00000423/2026-14,2026-01-06,20,2026-01-26,METROPOLITANO,,,,,,Guarulhos,,PRESTAÇÃO DE SERVIÇO DA EMPRESA,FISCALIZAÇÃO,2026-01-30,4.0,ATRASADO,4.0,RTO,OK
2026010611501846,134.00000424/2026-51,2026-01-06,20,2026-01-26,METROPOLITANO,REGULAR,08.351.253/0001-11,INTERNORTE,CONSÓRCIO INTERNORTE DE TRANSPORTES,INTERNORTE,Guarulhos,Guarulhos,MUDANÇA DE TABELA DE HORÁRIO,PLANEJAMENTO,2026-01-29,3.0,ATRASADO,3.0,METROPOLITANO,OK
2026010615175687,134.00000460/2026-14,2026-01-06,20,2026-01-26,METROPOLITANO,,,,,,,,PRESTAÇÃO DE SERVIÇO DA EMPRESA,FISCALIZAÇÃO,2026-01-30,4.0,ATRASADO,4.0,RTO,OK
2026010618253237,134.00000516/2026-31,2026-01-06,32,2026-02-07,METROPOLITANO,REGULAR,08.351.253/0001-11,INTERNORTE,CONSÓRCIO INTERNORTE DE TRANSPORTES,INTERNORTE,Arujá,São Paulo,PRESTAÇÃO DE SERVIÇO DA EMPRESA,FISCALIZAÇÃO,2026-02-04,-3.0,NO PRAZO,-3.0,SÃO PAULO,OK
2026010607471839,134.00000422/2026-61,2026-01-06,10,2026-01-16,METROPOLITANO,REGULAR,61.563.557/0001-25,PASSARO MARRON,EMPRESA DE ÔNIBUS PASSARO MARRON S/A,PASSARO MARRON,São Sebastião,Caraguatatuba,PRESTAÇÃO DE SERVIÇO DA EMPRESA,PLANEJAMENTO,2026-01-16,0.0,NO PRAZO,0.0,METROPOLITANO,OK
2026010310104047,134.00000454/2026-67,2026-01-06,10,2026-01-16,METROPOLITANO,,,,,,Guarulhos,São Paulo,MUDANÇA DE TABELA DE HORÁRIO,PLANEJAMENTO,2026-01-16,0.0,NO PRAZO,0.0,METROPOLITANO,OK
2026010615222268,134.00000461/2026-69,2026-01-06,20,2026-01-26,METROPOLITANO,REGULAR,08.351.253/0001-11,INTERNORTE,CONSÓRCIO INTERNORTE DE TRANSPORTES,INTERNORTE,Guarulhos,São Paulo,PRESTAÇÃO DE SERVIÇO DA EMPRESA,PLANEJAMENTO,2026-01-29,3.0,ATRASADO,3.0,METROPOLITANO,OK
2026010506274239,134.00000510/2026-63,2026-01-06,20,2026-01-26,METROPOLITANO,,,,,,Guarulhos,São Paulo,INCLUSÃO DE NOVAS LINHAS,PLANEJAMENTO,2026-01-19,-7.0,NO PRAZO,-7.0,METROPOLITANO,OK
2026010506552613,134.00000511/2026-16,2026-01-06,10,2026-01-16,METROPOLITANO,REGULAR,08.351.253/0001-11,INTERNORTE,CONSÓRCIO INTERNORTE DE TRANSPORTES,INTERNORTE,Guarulhos,São Paulo,MUDANÇA DE TABELA DE HORÁRIO,PLANEJAMENTO,2026-01-15,-1.0,NO PRAZO,-1.0,METROPOLITANO,OK
2026010618390385,134.00000517/2026-85,2026-01-06,20,2026-01-26,METROPOLITANO,REGULAR,08.351.253/0001-11,INTERNORTE,CONSÓRCIO INTERNORTE DE TRANSPORTES,INTERNORTE,Guarulhos,São Paulo,MUDANÇA DE TABELA DE HORÁRIO,PLANEJAMENTO,2026-01-29,3.0,ATRASADO,3.0,METROPOLITANO,OK
2026010520355766,134.00000566/2026-18,2026-01-06,10,2026-01-16,METROPOLITANO,FRETAMENTO,45.606.720/0001-33,NOSSA SENHORA DE FATIMA,NOSSA SENHORA DE FATIMA AUTO ÔNIBUS LTDA,,Bragança Paulista,Tuiuti,SOLICITAÇÃO DE INFORMAÇÃO,PLANEJAMENTO,2026-01-13,-3.0,NO PRAZO,-3.0,TC1 - CAMPINAS,OK
2026010609485358,134.00000573/2026-10,2026-01-06,20,2026-01-26,METROPOLITANO,REGULAR,61.563.557/0001-25,PASSARO MARRON,EMPRESA DE ÔNIBUS PASSARO MARRON S/A,PASSARO MARRON,Guaratinguetá,Pindamonhangaba,SUPERLOTAÇÃO DE ÔNIBUS,FISCALIZAÇÃO,2026-01-20,-6.0,NO PRAZO,-6.0,VALE DO PARAÍBA,OK
2026010613343022,134.00000580/2026-11,2026-01-06,20,2026-01-26,METROPOLITANO,,,,,,,,PRESTAÇÃO DE SERVIÇO DA EMPRESA,FISCALIZAÇÃO,2026-01-30,4.0,ATRASADO,4.0,RTO,OK
2025122709464588,134.00000586/2026-99,2026-01-06,10,2026-01-16,METROPOLITANO,REGULAR,61.563.557/0001-25,PASSARO MARRON,EMPRESA DE ÔNIBUS PASSARO MARRON S/A,PASSARO MARRON,São Paulo,Caraguatatuba,MÁ CONDUTA DO MOTORISTA,FISCALIZAÇÃO,2026-01-13,-3.0,NO PRAZO,-3.0,INTERMUNICIPAL,OK
2026010619145665,134.00000637/2026-82,2026-01-07,31,2026-02-07,METROPOLITANO,REGULAR,08.351.253/0001-11,INTERNORTE,CONSÓRCIO INTERNORTE DE TRANSPORTES,INTERNORTE,Arujá,São Paulo,SUPERLOTAÇÃO DE ÔNIBUS,FISCALIZAÇÃO,2026-02-04,-3.0,NO PRAZO,-3.0,SÃO PAULO,OK
2026010619132319,134.00000646/2026-73,2026-01-07,31,2026-02-07,METROPOLITANO,REGULAR,08.351.253/0001-11,INTERNORTE,CONSÓRCIO INTERNORTE DE TRANSPORTES,INTERNORTE,Guarulhos,São Paulo,ADIANTAMENTO/ATRASO DE VEÍCULO,FISCALIZAÇÃO,2026-02-04,-3.0,NO PRAZO,-3.0,SÃO PAULO,OK
2026010619382060,134.00000660/2026-77,2026-01-07,31,2026-02-07,METROPOLITANO,REGULAR,08.419.802/0001-42,ANHANGUERA,CONSÓRCIO ANHANGUERA,ANHANGUERA,Carapicuíba,,SUPERLOTAÇÃO DE ÔNIBUS,FISCALIZAÇÃO,2026-02-04,-3.0,NO PRAZO,-3.0,SÃO PAULO,OK
2026010620350068,134.00000676/2026-80,2026-01-07,31,2026-02-07,METROPOLITANO,REGULAR,08.351.253/0001-11,INTERNORTE,CONSÓRCIO INTERNORTE DE TRANSPORTES,INTERNORTE,São Paulo,Arujá,SUPERLOTAÇÃO DE ÔNIBUS,FISCALIZAÇÃO,2026-02-04,-3.0,NO PRAZO,-3.0,SÃO PAULO,OK
2026010513000744,134.00000762/2026-92,2026-01-07,10,2026-01-17,METROPOLITANO,,,,,,Pitangueiras,Jaguariúna,SOLICITAÇÃO DE INFORMAÇÃO,FISCALIZAÇÃO,2026-01-08,-9.0,NO PRAZO,-9.0,FRETAMENTO,OK
2026010717323627,134.00000764/2026-81,2026-01-07,10,2026-01-17,METROPOLITANO,REGULAR,45.992.724/0001-05,RAPIDO CAMPINAS,RAPIDO LUXO CAMPINAS LTDA,RAPIDO CAMPINAS,Cabreúva,Jundiaí,SUPERLOTAÇÃO DE ÔNIBUS,FISCALIZAÇÃO,2026-01-08,-9.0,NO PRAZO,-9.0,INTERMUNICIPAL,OK
2026010615044656,134.00000763/2026-37 ,2026-01-07,20,2026-01-27,METROPOLITANO,REGULAR,20.336.241/0001-13,BUS +,CONSORCIO BUS +,BUS +,Americana,Campinas,MÁ CONDIÇÃO DE VEÍCULO,FISCALIZAÇÃO,2026-01-19,-8.0,NO PRAZO,-8.0,CAMPINAS,OK
2026010718004762,134.00001073/2026-03,2026-01-07,20,2026-01-27,METROPOLITANO,REGULAR,61.563.557/0001-25,PASSARO MARRON,EMPRESA DE ÔNIBUS PASSARO MARRON S/A,PASSARO MARRON,Ubatuba,Caraguatatuba,SUPERLOTAÇÃO DE ÔNIBUS,FISCALIZAÇÃO,2026-01-20,-7.0,NO PRAZO,-7.0,VALE DO PARAÍBA,OK
2026010706570980,134.00000759/2026-79,2026-01-07,20,2026-01-27,METROPOLITANO,REGULAR,20.336.241/0001-13,BUS +,CONSORCIO BUS +,BUS +,Sumaré,Campinas,ADIANTAMENTO/ATRASO DE VEÍCULO,FISCALIZAÇÃO,2026-01-19,-8.0,NO PRAZO,-8.0,CAMPINAS,OK
2026010710212490,134.00000760/2026-01,2026-01-07,20,2026-01-27,METROPOLITANO,,,,,,,,,FISCALIZAÇÃO,2026-01-30,3.0,ATRASADO,3.0,GINV,OK
2026010713342954,134.00000761/2026-48,2026-01-07,10,2026-01-17,METROPOLITANO,REGULAR,20.336.241/0001-13,BUS +,CONSORCIO BUS +,BUS +,Artur Nogueira,Campinas,MUDANÇA DE ITINERÁRIO,PLANEJAMENTO,2026-01-16,-1.0,NO PRAZO,-1.0,METROPOLITANO,OK
2026010717160870,134.00000755/2026-91,2026-01-07,10,2026-01-17,METROPOLITANO,,,,,,,,,FISCALIZAÇÃO,2026-01-30,13.0,ATRASADO,13.0,RTO,OK
2026010717113926,134.00000755/2026-91,2026-01-07,10,2026-01-17,METROPOLITANO,,,,,,,,,FISCALIZAÇÃO,2026-01-30,13.0,ATRASADO,13.0,RTO,OK
2026010706473483,134.00000755/2026-91,2026-01-07,10,2026-01-17,METROPOLITANO,,,,,,,,,FISCALIZAÇÃO,2026-01-30,13.0,ATRASADO,13.0,RTO,OK
2026010611343427,134.00000755/2026-91,2026-01-07,10,2026-01-17,METROPOLITANO,,,,,,,,,FISCALIZAÇÃO,2026-01-30,13.0,ATRASADO,13.0,RTO,OK
2026010710103489,134.00000755/2026-91,2026-01-07,10,2026-01-17,METROPOLITANO,,,,,,,,,FISCALIZAÇÃO,2026-01-30,13.0,ATRASADO,13.0,RTO,OK
2026010709315818,134.00000755/2026-91,2026-01-07,10,2026-01-17,METROPOLITANO,,,,,,,,,FISCALIZAÇÃO,2026-01-30,13.0,ATRASADO,13.0,RTO,OK
2026010708413762,134.00000755/2026-91,2026-01-07,10,2026-01-17,METROPOLITANO,,,,,,,,,FISCALIZAÇÃO,2026-01-30,13.0,ATRASADO,13.0,RTO,OK
2026010622311747,134.00000755/2026-91,2026-01-07,10,2026-01-17,METROPOLITANO,,,,,,,,,FISCALIZAÇÃO,2026-01-30,13.0,ATRASADO,13.0,RTO,OK
2026010620443867,134.00000755/2026-91,2026-01-07,10,2026-01-17,METROPOLITANO,,,,,,,,,FISCALIZAÇÃO,2026-01-30,13.0,ATRASADO,13.0,RTO,OK
2026010619523976,134.00000755/2026-91,2026-01-07,10,2026-01-17,METROPOLITANO,,,,,,,,,FISCALIZAÇÃO,2026-01-30,13.0,ATRASADO,13.0,RTO,OK
2026010621415810,134.00000755/2026-91,2026-01-07,10,2026-01-17,METROPOLITANO,,,,,,,,,FISCALIZAÇÃO,2026-01-30,13.0,ATRASADO,13.0,RTO,OK
2026010611100640,134.00000755/2026-91,2026-01-08,10,2026-01-18,METROPOLITANO,,,,,,,,,FISCALIZAÇÃO,2026-01-30,12.0,ATRASADO,12.0,RTO,OK
2026010815252666,134.00000755/2026-91,2026-01-08,10,2026-01-18,METROPOLITANO,,,,,,,,,FISCALIZAÇÃO,2026-01-30,12.0,ATRASADO,12.0,RTO,OK
2026010813155724,134.00000755/2026-91,2026-01-08,10,2026-01-18,METROPOLITANO,,,,,,,,,FISCALIZAÇÃO,2026-01-30,12.0,ATRASADO,12.0,RTO,OK
2026010812184189,134.00000755/2026-91,2026-01-08,10,2026-01-18,METROPOLITANO,,,,,,,,,FISCALIZAÇÃO,2026-01-30,12.0,ATRASADO,12.0,RTO,OK
2026010809505667,134.00000755/2026-91,2026-01-08,10,2026-01-18,METROPOLITANO,,,,,,,,,FISCALIZAÇÃO,2026-01-30,12.0,ATRASADO,12.0,RTO,OK
2026010707253744,134.00000755/2026-91,2026-01-08,10,2026-01-18,METROPOLITANO,,,,,,,,,FISCALIZAÇÃO,2026-01-30,12.0,ATRASADO,12.0,RTO,OK
2026010716033086,134.00000755/2026-91,2026-01-08,10,2026-01-18,METROPOLITANO,,,,,,,,,FISCALIZAÇÃO,2026-01-30,12.0,ATRASADO,12.0,RTO,OK
2026010716470181,134.00000755/2026-91,2026-01-08,10,2026-01-18,METROPOLITANO,,,,,,,,,FISCALIZAÇÃO,2026-01-30,12.0,ATRASADO,12.0,RTO,OK
2026010720232415,134.00000755/2026-91,2026-01-08,10,2026-01-18,METROPOLITANO,,,,,,,,,FISCALIZAÇÃO,2026-01-30,12.0,ATRASADO,12.0,RTO,OK
2026010806335093,134.00000755/2026-91,2026-01-08,10,2026-01-18,METROPOLITANO,,,,,,,,,FISCALIZAÇÃO,2026-01-30,12.0,ATRASADO,12.0,RTO,OK
2026010721274352,134.00000755/2026-91,2026-01-08,10,2026-01-18,METROPOLITANO,,,,,,,,,FISCALIZAÇÃO,2026-01-30,12.0,ATRASADO,12.0,RTO,OK
2026010719351391,134.00000755/2026-91,2026-01-08,10,2026-01-18,METROPOLITANO,,,,,,,,,FISCALIZAÇÃO,2026-01-30,12.0,ATRASADO,12.0,RTO,OK
2026010714092071,134.00000755/2026-91,2026-01-08,10,2026-01-18,METROPOLITANO,,,,,,,,,FISCALIZAÇÃO,2026-01-30,12.0,ATRASADO,12.0,RTO,OK
2026010807190422,134.00000755/2026-91,2026-01-08,10,2026-01-18,METROPOLITANO,,,,,,,,,FISCALIZAÇÃO,2026-01-30,12.0,ATRASADO,12.0,RTO,OK
2026010805295754,134.00000755/2026-91,2026-01-08,10,2026-01-18,METROPOLITANO,,,,,,,,,FISCALIZAÇÃO,2026-01-30,12.0,ATRASADO,12.0,RTO,OK
2026010719465265,134.00000755/2026-91,2026-01-08,10,2026-01-18,METROPOLITANO,,,,,,,,,FISCALIZAÇÃO,2026-01-30,12.0,ATRASADO,12.0,RTO,OK
2026010719005747,134.00000755/2026-91,2026-01-08,10,2026-01-18,METROPOLITANO,,,,,,,,,FISCALIZAÇÃO,2026-01-30,12.0,ATRASADO,12.0,RTO,OK
2026010722234857,134.00000755/2026-91,2026-01-08,10,2026-01-18,METROPOLITANO,,,,,,,,,FISCALIZAÇÃO,2026-01-30,12.0,ATRASADO,12.0,RTO,OK
2026010718531760,134.00000755/2026-91,2026-01-08,10,2026-01-18,METROPOLITANO,,,,,,,,,FISCALIZAÇÃO,2026-01-30,12.0,ATRASADO,12.0,RTO,OK
2026010719273847,134.00000755/2026-91,2026-01-08,10,2026-01-18,METROPOLITANO,,,,,,,,,FISCALIZAÇÃO,2026-01-30,12.0,ATRASADO,12.0,RTO,OK
2026010719570749,134.00000755/2026-91,2026-01-08,10,2026-01-18,METROPOLITANO,,,,,,,,,FISCALIZAÇÃO,2026-01-30,12.0,ATRASADO,12.0,RTO,OK
2025121411372824,134.00000875/2026-98,2026-01-08,20,2026-01-28,METROPOLITANO,FRETAMENTO,55.334.262/0001-84,ANDORINHA,EMPRESA DE TRANSPORTES ANDORINHA S/A,,Presidente Prudente,,GRATUIDADE DE IDOSOS,PLANEJAMENTO,2026-01-19,-9.0,NO PRAZO,-9.0,TC3 - BAURU,OK
2026010809241275,134.00000847/2026-71,2026-01-08,20,2026-01-28,METROPOLITANO,REGULAR,08.351.253/0001-11,INTERNORTE,CONSÓRCIO INTERNORTE DE TRANSPORTES,INTERNORTE,Santa Isabel,São Paulo,ADIANTAMENTO/ATRASO DE VEÍCULO,FISCALIZAÇÃO,2026-01-23,-5.0,NO PRAZO,-5.0,SÃO PAULO,OK
2026010711123660,134.00000937/2026-61,2026-01-08,10,2026-01-18,METROPOLITANO,REGULAR,61.563.557/0001-25,PASSARO MARRON,EMPRESA DE ÔNIBUS PASSARO MARRON S/A,PASSARO MARRON,São Sebastião,Caraguatatuba,ADIANTAMENTO/ATRASO DE VEÍCULO,FISCALIZAÇÃO,2026-01-15,-3.0,NO PRAZO,-3.0,VALE DO PARAÍBA,OK
2026010808380532,134.00000846/2026-26,2026-01-08,20,2026-01-28,METROPOLITANO,REGULAR,45.992.724/0001-05,RAPIDO CAMPINAS,RAPIDO LUXO CAMPINAS LTDA,RAPIDO CAMPINAS,Itapetininga,Tatuí,MUDANÇA DE TABELA DE HORÁRIO,PLANEJAMENTO,2026-01-19,-9.0,NO PRAZO,-9.0,METROPOLITANO,OK
2026010810170783,134.00000842/2026-48,2026-01-08,10,2026-01-18,METROPOLITANO,REGULAR,08.351.253/0001-11,INTERNORTE,CONSÓRCIO INTERNORTE DE TRANSPORTES,INTERNORTE,Mairiporã,São Paulo,SOLICITAÇÃO DE INFORMAÇÃO,PLANEJAMENTO,2026-01-30,12.0,ATRASADO,12.0,METROPOLITANO,OK
2026010719234928,,2026-01-08,10,2026-01-18,METROPOLITANO,,,,,,Piedade,Sorocaba,SOLICITAÇÃO DE INFORMAÇÃO,SUCOL ATENDIMENTO,2026-01-08,-10.0,NO PRAZO,-10.0,,OK
2026010805551633,134.00000755/2026-91,2026-01-08,10,2026-01-18,METROPOLITANO,,,,,,,,,FISCALIZAÇÃO,2026-01-30,12.0,ATRASADO,12.0,RTO,OK
2026010806024382,134.00001081/2026-41,2026-01-08,20,2026-01-28,METROPOLITANO,REGULAR,08.351.253/0001-11,INTERNORTE,CONSÓRCIO INTERNORTE DE TRANSPORTES,INTERNORTE,Guarulhos,São Paulo,PRESTAÇÃO DE SERVIÇO DA EMPRESA,PLANEJAMENTO,2026-02-02,5.0,ATRASADO,5.0,METROPOLITANO,OK
2025120408581691,134.00045381/2025-51,2026-01-09,7,2026-01-16,METROPOLITANO,REGULAR,08.390.180/0001-77,INTERVIAS,CONSÓRCIO INTERVIAS,INTERVIAS,Cotia,São Paulo,MÁ CONDUTA DO MOTORISTA,FISCALIZAÇÃO,2026-01-16,0.0,NO PRAZO,0.0,SÃO PAULO,OK
2025120904522190,134.00001125/2026-33 ,2026-01-09,7,2026-01-16,METROPOLITANO,REGULAR,40.181.203/0001-46,NEXTMOBILIDADE,ABC SISTEMA DE TRANSPORTE SPE S.A.,NEXTMOBILIDADE,São Bernardo do Campo,São Paulo,NÃO PARADA DO VEÍCULO NO PONTO,FISCALIZAÇÃO,2026-01-16,0.0,NO PRAZO,0.0,SÃO PAULO,OK
2025102920333819,,2026-01-09,10,2026-01-19,METROPOLITANO,,,,,,Guarulhos,,TRANSPORTE CLANDESTINO,SUCOL ATENDIMENTO,2026-01-09,-10.0,NO PRAZO,-10.0,,OK
2026010819145219,,2026-01-09,10,2026-01-19,METROPOLITANO,,,,,,,,SOLICITAÇÃO DE INFORMAÇÃO,SUCOL ATENDIMENTO,2026-01-09,-10.0,NO PRAZO,-10.0,,OK
2026010813152528,134.00001239/2026-83,2026-01-09,10,2026-01-19,METROPOLITANO,FRETAMENTO,15.687.446/0001-03,GUIRRO TRANSPORTES,GUIRRO TRANSPORTES LTDA ME,GUIRRO TUR,São Paulo,Ribeirão Preto,TRANSPORTE CLANDESTINO,FISCALIZAÇÃO,2026-01-09,-10.0,NO PRAZO,-10.0,INTERMUNICIPAL,OK
2025121818544184,134.00001242/2026-05,2026-01-09,30,2026-02-08,METROPOLITANO,REGULAR,21.659.864/0001-90,BR MOBILIDADE,BR MOBILIDADE BAIXADA SANTISTA S.A. - SPE,BR MOBILIDADE,São Vicente,Santos,MUDANÇA DE TABELA DE HORÁRIO,PLANEJAMENTO,2026-02-09,1.0,ATRASADO,1.0,METROPOLITANO,OK
2026010909085892,134.00001129/2026-11,2026-01-09,10,2026-01-19,METROPOLITANO,REGULAR,21.659.864/0001-90,BR MOBILIDADE,BR MOBILIDADE BAIXADA SANTISTA S.A. - SPE,BR MOBILIDADE,Peruíbe,São Vicente,SUPERLOTAÇÃO DE ÔNIBUS,FISCALIZAÇÃO,2026-01-16,-3.0,NO PRAZO,-3.0,BAIXADA SANTISTA,OK
2025121818085834,134.00001317/2026-40,2026-01-09,10,2026-01-19,METROPOLITANO,REGULAR,08.419.802/0001-42,ANHANGUERA,CONSÓRCIO ANHANGUERA,ANHANGUERA,Carapicuíba,,PRESTAÇÃO DE SERVIÇO DA EMPRESA,PLANEJAMENTO,2026-01-19,0.0,NO PRAZO,0.0,METROPOLITANO,OK
2025121610170311,134.00001309/2026-01,2026-01-09,10,2026-01-19,METROPOLITANO,REGULAR,21.659.864/0001-90,BR MOBILIDADE,BR MOBILIDADE BAIXADA SANTISTA S.A. - SPE,BR MOBILIDADE,Peruíbe,São Vicente,MUDANÇA DE TABELA DE HORÁRIO,PLANEJAMENTO,2026-01-16,-3.0,NO PRAZO,-3.0,METROPOLITANO,OK
2026010917442329,134.00000755/2026-91,2026-01-09,10,2026-01-19,METROPOLITANO,,,,,,,,,FISCALIZAÇÃO,2026-01-30,11.0,ATRASADO,11.0,RTO,OK
2026010914141860,134.00000755/2026-91,2026-01-09,10,2026-01-19,METROPOLITANO,,,,,,,,,FISCALIZAÇÃO,2026-01-30,11.0,ATRASADO,11.0,RTO,OK
2026010821173979,134.00000755/2026-91,2026-01-09,10,2026-01-19,METROPOLITANO,,,,,,,,,FISCALIZAÇÃO,2026-01-30,11.0,ATRASADO,11.0,RTO,OK
2026010905012992,134.00000755/2026-91,2026-01-09,10,2026-01-19,METROPOLITANO,,,,,,,,,FISCALIZAÇÃO,2026-01-30,11.0,ATRASADO,11.0,RTO,OK
2026010819491640,134.00000755/2026-91,2026-01-09,10,2026-01-19,METROPOLITANO,,,,,,,,,FISCALIZAÇÃO,2026-01-30,11.0,ATRASADO,11.0,RTO,OK
2026010819443580,134.00000755/2026-91,2026-01-09,10,2026-01-19,METROPOLITANO,,,,,,,,,FISCALIZAÇÃO,2026-01-30,11.0,ATRASADO,11.0,RTO,OK
2026010910014520,134.00000755/2026-91,2026-01-09,10,2026-01-19,METROPOLITANO,,,,,,,,,FISCALIZAÇÃO,2026-01-30,11.0,ATRASADO,11.0,RTO,OK
2026010908465961,134.00000755/2026-91,2026-01-09,10,2026-01-19,METROPOLITANO,,,,,,,,,FISCALIZAÇÃO,2026-01-30,11.0,ATRASADO,11.0,RTO,OK
2026010821275230,134.00000755/2026-91,2026-01-09,10,2026-01-19,METROPOLITANO,,,,,,,,,FISCALIZAÇÃO,2026-01-30,11.0,ATRASADO,11.0,RTO,OK
2025121808264257,134.00001241/2026-52,2026-01-09,20,2026-01-29,METROPOLITANO,REGULAR,20.336.241/0001-13,BUS +,CONSORCIO BUS +,BUS +,Sumaré,Hortolândia,ADIANTAMENTO/ATRASO DE VEÍCULO,FISCALIZAÇÃO,2026-01-20,-9.0,NO PRAZO,-9.0,CAMPINAS,OK
2026010819241513,134.00001238/2026-39,2026-01-09,20,2026-01-29,METROPOLITANO,REGULAR,21.659.864/0001-90,BR MOBILIDADE,BR MOBILIDADE BAIXADA SANTISTA S.A. - SPE,BR MOBILIDADE,São Vicente,Santos,PRESTAÇÃO DE SERVIÇO DA EMPRESA,FISCALIZAÇÃO,2026-01-20,-9.0,NO PRAZO,-9.0,BAIXADA SANTISTA,OK
2026010914002553,134.00001240/2026-16,2026-01-10,10,2026-01-20,METROPOLITANO,REGULAR,45.992.724/0001-05,RAPIDO CAMPINAS,RAPIDO LUXO CAMPINAS LTDA,RAPIDO CAMPINAS,,,ACESSIBILIDADE,PLANEJAMENTO,2026-01-19,-1.0,NO PRAZO,-1.0,TC1 - CAMPINAS,OK
2026010908313029,134.00001344/2026-12,2026-01-12,10,2026-01-22,METROPOLITANO,REGULAR,20.336.241/0001-13,BUS +,CONSORCIO BUS +,BUS +,Sumaré,Campinas,SUPERLOTAÇÃO DE ÔNIBUS,FISCALIZAÇÃO,2026-01-21,-1.0,NO PRAZO,-1.0,CAMPINAS,OK
2026010908023361,134.00001340/2026-34,2026-01-12,10,2026-01-22,METROPOLITANO,REGULAR,20.336.241/0001-13,BUS +,CONSORCIO BUS +,BUS +,Sumaré,Campinas,SUPERLOTAÇÃO DE ÔNIBUS,FISCALIZAÇÃO,2026-01-21,-1.0,NO PRAZO,-1.0,CAMPINAS,OK
2026010916191558,134.00000755/2026-91,2026-01-12,10,2026-01-22,METROPOLITANO,,,,,,,,,FISCALIZAÇÃO,2026-01-30,8.0,ATRASADO,8.0,RTO,OK
2026010621450385,134.00000755/2026-91,2026-01-12,10,2026-01-22,METROPOLITANO,,,,,,,,,FISCALIZAÇÃO,2026-01-30,8.0,ATRASADO,8.0,RTO,OK
2026011013510492,134.00000755/2026-91,2026-01-12,10,2026-01-22,METROPOLITANO,,,,,,,,,FISCALIZAÇÃO,2026-01-30,8.0,ATRASADO,8.0,RTO,OK
2026010920324972,134.00000755/2026-91,2026-01-12,10,2026-01-22,METROPOLITANO,,,,,,,,,FISCALIZAÇÃO,2026-01-30,8.0,ATRASADO,8.0,RTO,OK
2026010920223143,134.00000755/2026-91,2026-01-12,10,2026-01-22,METROPOLITANO,,,,,,,,,FISCALIZAÇÃO,2026-01-30,8.0,ATRASADO,8.0,RTO,OK
2026011215415373,134.00001465/2026-64,2026-01-12,30,2026-02-11,METROPOLITANO,REGULAR,08.390.180/0001-77,INTERVIAS,CONSÓRCIO INTERVIAS,INTERVIAS,Embu das Artes,São Paulo,MÁ CONDUTA DO MOTORISTA,FISCALIZAÇÃO,2026-02-03,-8.0,NO PRAZO,-8.0,SÃO PAULO,OK
2026011208530755,134.00001371/2026-95,2026-01-12,30,2026-02-11,METROPOLITANO,REGULAR,08.390.180/0001-77,INTERVIAS,CONSÓRCIO INTERVIAS,INTERVIAS,Cotia,São Paulo,MUDANÇA DE ITINERÁRIO,FISCALIZAÇÃO,2026-02-05,-6.0,NO PRAZO,-6.0,SÃO PAULO,OK
2026010919441988,134.00001335/2026-21,2026-01-12,10,2026-01-22,METROPOLITANO,FRETAMENTO,44.944.577/0001-27,VIAÇÃO SÃO BENTO,VIAÇÃO SÃO BENTO LTDA,,Batatais,Ribeirão Preto,PRESTAÇÃO DE SERVIÇO DA EMPRESA,PLANEJAMENTO,2026-01-16,-6.0,NO PRAZO,-6.0,TC1 - CAMPINAS,OK
2026011007210980,134.00001337/2026-11,2026-01-12,30,2026-02-11,METROPOLITANO,REGULAR,08.351.253/0001-11,INTERNORTE,CONSÓRCIO INTERNORTE DE TRANSPORTES,INTERNORTE,Guarulhos,São Paulo,ADIANTAMENTO/ATRASO DE VEÍCULO,FISCALIZAÇÃO,2026-02-03,-8.0,NO PRAZO,-8.0,SÃO PAULO,OK
2025122919164031,134.00001464/2026-10,2026-01-12,10,2026-01-22,METROPOLITANO,FRETAMENTO,54.360.623/0001-02,PIRACICABANA,VIAÇÃO PIRACICABANA S/A,PIRACICABANA,Araraquara,São Carlos,ADIANTAMENTO/ATRASO DE VEÍCULO,FISCALIZAÇÃO,2026-01-16,-6.0,NO PRAZO,-6.0,INTERMUNICIPAL,OK
2026010204292322,134.00001331/2026-43,2026-01-12,25,2026-02-06,METROPOLITANO,,,,,,São Paulo,,TRANSPORTE CLANDESTINO,FISCALIZAÇÃO,2026-02-03,-3.0,NO PRAZO,-3.0,SÃO PAULO,OK
2026010808481147,134.00001338/2026-65,2026-01-12,10,2026-01-22,METROPOLITANO,REGULAR,61.563.557/0001-25,PASSARO MARRON,EMPRESA DE ÔNIBUS PASSARO MARRON S/A,PASSARO MARRON,Areias,Cruzeiro,SUPERLOTAÇÃO DE ÔNIBUS,FISCALIZAÇÃO,2026-01-21,-1.0,NO PRAZO,-1.0,VALE DO PARAÍBA,OK
2026010204213636,134.00001329/2026-74,2026-01-12,25,2026-02-06,METROPOLITANO,,,,,,São Paulo,,TRANSPORTE CLANDESTINO,FISCALIZAÇÃO,2026-02-03,-3.0,NO PRAZO,-3.0,SÃO PAULO,OK
2026011210264466,134.00001516/2026-58,2026-01-12,25,2026-02-06,METROPOLITANO,,,,,,Botucatu,Guarujá,TRANSPORTE CLANDESTINO,FISCALIZAÇÃO,2026-01-13,-24.0,NO PRAZO,-24.0,INTERMUNICIPAL,OK
2026011217282258,134.00001468/2026-06,2026-01-12,10,2026-01-22,METROPOLITANO,REGULAR,20.336.241/0001-13,BUS +,CONSORCIO BUS +,BUS +,Valinhos,Campinas,MUDANÇA DE TABELA DE HORÁRIO,PLANEJAMENTO,2026-01-15,-7.0,NO PRAZO,-7.0,METROPOLITANO,OK
2026011215282640,134.00001467/2026-53,2026-01-12,10,2026-01-22,METROPOLITANO,,,,,,,,SOLICITAÇÃO DE INFORMAÇÃO,PLANEJAMENTO,2026-01-16,-6.0,NO PRAZO,-6.0,METROPOLITANO,OK
2026011211262784,134.00001352/2026-69,2026-01-12,10,2026-01-22,METROPOLITANO,REGULAR,08.419.802/0001-42,ANHANGUERA,CONSÓRCIO ANHANGUERA,ANHANGUERA,São Paulo,Santana de Parnaíba,MUDANÇA DE TABELA DE HORÁRIO,PLANEJAMENTO,2026-01-15,-7.0,NO PRAZO,-7.0,METROPOLITANO,OK
2026011121235250,134.00001351/2026-14,2026-01-12,10,2026-01-22,METROPOLITANO,REGULAR,08.351.253/0001-11,INTERNORTE,CONSÓRCIO INTERNORTE DE TRANSPORTES,INTERNORTE,Guarulhos,São Paulo,MUDANÇA DE TABELA DE HORÁRIO,PLANEJAMENTO,2026-01-15,-7.0,NO PRAZO,-7.0,METROPOLITANO,OK
2026010806005320,134.00001466/2026-17,2026-01-12,10,2026-01-22,METROPOLITANO,REGULAR,08.351.253/0001-11,INTERNORTE,CONSÓRCIO INTERNORTE DE TRANSPORTES,INTERNORTE,Guarulhos,São Paulo,MÁ CONDIÇÃO DE VEÍCULO,FISCALIZAÇÃO,2026-01-22,0.0,NO PRAZO,0.0,INSPEÇÃO,OK
2026011121182494,134.00001349/2026-45,2026-01-12,20,2026-02-01,METROPOLITANO,REGULAR,08.351.253/0001-11,INTERNORTE,CONSÓRCIO INTERNORTE DE TRANSPORTES,INTERNORTE,Guarulhos,São Paulo,MUDANÇA DE TABELA DE HORÁRIO,PLANEJAMENTO,2026-01-29,-3.0,NO PRAZO,-3.0,METROPOLITANO,OK
2026011213545988,134.00001374/2026-29,2026-01-12,10,2026-01-22,METROPOLITANO,,,,,,Salmourão,Osvaldo Cruz,MUDANÇA DE TABELA DE HORÁRIO,PLANEJAMENTO,2026-01-22,0.0,NO PRAZO,0.0,TC3 - BAURU,OK
2026011215590953,134.00001514/2026-69,2026-01-12,20,2026-02-01,METROPOLITANO,FRETAMENTO,61.084.018/0001-03,VIAÇÃO COMETA,VIAÇÃO COMETA S/A,COMETA,São Paulo,São Vicente,ADIANTAMENTO/ATRASO DE VEÍCULO,FISCALIZAÇÃO,2026-01-27,,,,INTERMUNICIPAL,OK
2026011121303267,134.00001347/2026-56,2026-01-12,20,2026-02-01,METROPOLITANO,REGULAR,08.351.253/0001-11,INTERNORTE,CONSÓRCIO INTERNORTE DE TRANSPORTES,INTERNORTE,Guarulhos,São Paulo,MUDANÇA DE TABELA DE HORÁRIO,PLANEJAMENTO,2026-01-29,-3.0,NO PRAZO,-3.0,METROPOLITANO,OK
2025112812383062,134.00001332/2026-98,2026-01-12,16,2026-01-28,METROPOLITANO,REGULAR,20.336.241/0001-13,BUS +,CONSORCIO BUS +,BUS +,Hortolândia,Campinas,MUDANÇA DE ITINERÁRIO,PLANEJAMENTO,2026-01-30,2.0,ATRASADO,2.0,METROPOLITANO,OK
2026011317092691,134.00001693/2026-34,2026-01-12,9,2026-01-21,METROPOLITANO,REGULAR,61.563.557/0001-25,PASSARO MARRON,EMPRESA DE ÔNIBUS PASSARO MARRON S/A,PASSARO MARRON,Taubaté,São Paulo,ACESSIBILIDADE,PLANEJAMENTO,2026-01-14,-7.0,NO PRAZO,-7.0,TC5 - SÃO PAULO,OK
2026011316182081,134.00001655/2026-81,2026-01-13,10,2026-01-23,METROPOLITANO,,,,,,Penápolis,Barbosa,MUDANÇA DE TABELA DE HORÁRIO,PLANEJAMENTO,2026-01-22,-1.0,NO PRAZO,-1.0,TC3 - BAURU,OK
2026011213400012,134.00001570/2026-01,2026-01-13,10,2026-01-23,METROPOLITANO,REGULAR,20.336.241/0001-13,BUS +,CONSORCIO BUS +,BUS +,Sumaré,Campinas,PRESTAÇÃO DE SERVIÇO DA EMPRESA,FISCALIZAÇÃO,2026-01-19,-4.0,NO PRAZO,-4.0,CAMPINAS,OK
2026011223390920,134.00000755/2026-91,2026-01-13,10,2026-01-23,METROPOLITANO,,,,,,,,,FISCALIZAÇÃO,2026-01-30,7.0,ATRASADO,7.0,RTO,OK
2026011316213171,,2026-01-13,10,2026-01-23,METROPOLITANO,REGULAR,08.390.180/0001-77,INTERVIAS,CONSÓRCIO INTERVIAS,INTERVIAS,,,SOLICITAÇÃO DE INFORMAÇÃO,SUCOL ATENDIMENTO,2026-01-13,-10.0,NO PRAZO,-10.0,,OK
2026011211582869,134.00001566/2026-35,2026-01-13,10,2026-01-23,METROPOLITANO,REGULAR,20.336.241/0001-13,BUS +,CONSORCIO BUS +,BUS +,Sumaré,Campinas,ADIANTAMENTO/ATRASO DE VEÍCULO,FISCALIZAÇÃO,2026-01-22,-1.0,NO PRAZO,-1.0,CAMPINAS,OK
2026011215251870,134.00001510/2026-81,2026-01-13,25,2026-02-07,METROPOLITANO,,,,,,São Paulo,,TRANSPORTE CLANDESTINO,FISCALIZAÇÃO,2026-02-13,6.0,ATRASADO,6.0,SÃO PAULO,OK
2026011218161722,134.00001578/2026-60,2026-01-13,20,2026-02-02,METROPOLITANO,FRETAMENTO,54.360.623/0001-02,REUNIDAS/GUERINO SEISCENTO/PIRACICABANA,VIAÇÃO PIRACICABANA S/A,PIRACICABANA,Lavínia,,PRESTAÇÃO DE SERVIÇO DA EMPRESA,PLANEJAMENTO,2026-01-26,,,,TC3 - BAURU,OK
2026010709212758,134.00001508/2026-10,2026-01-13,25,2026-02-07,METROPOLITANO,,,,,,São Paulo,,TRANSPORTE CLANDESTINO,FISCALIZAÇÃO,2026-02-13,6.0,ATRASADO,6.0,SÃO PAULO,OK
2026011317075855,134.00001682/2026-54,2026-01-13,10,2026-01-23,METROPOLITANO,REGULAR,08.351.253/0001-11,INTERNORTE,CONSÓRCIO INTERNORTE DE TRANSPORTES,INTERNORTE,Guarulhos,São Paulo,PRESTAÇÃO DE SERVIÇO DA EMPRESA,PLANEJAMENTO,2026-01-15,-8.0,NO PRAZO,-8.0,METROPOLITANO,OK
2026011317160672,134.00001680/2026-65,2026-01-13,10,2026-01-23,METROPOLITANO,REGULAR,08.351.253/0001-11,INTERNORTE,CONSÓRCIO INTERNORTE DE TRANSPORTES,INTERNORTE,Guarulhos,São Paulo,MUDANÇA DE TABELA DE HORÁRIO,PLANEJAMENTO,2026-01-16,-7.0,NO PRAZO,-7.0,METROPOLITANO,OK
2025122707080768,134.00001579/2026-12,2026-01-13,10,2026-01-23,METROPOLITANO,REGULAR,08.351.253/0001-11,INTERNORTE,CONSÓRCIO INTERNORTE DE TRANSPORTES,INTERNORTE,Arujá,Guarulhos,MUDANÇA DE TABELA DE HORÁRIO,PLANEJAMENTO,2026-01-19,-4.0,NO PRAZO,-4.0,METROPOLITANO,OK
2026011311225026,134.00001571/2026-48,2026-01-13,10,2026-01-23,METROPOLITANO,REGULAR,20.336.241/0001-13,BUS +,CONSORCIO BUS +,BUS +,Vinhedo,Campinas,MUDANÇA DE TABELA DE HORÁRIO,PLANEJAMENTO,2026-01-16,-7.0,NO PRAZO,-7.0,METROPOLITANO,OK
2026011212203820,134.00001568/2026-24,2026-01-13,10,2026-01-23,METROPOLITANO,REGULAR,20.336.241/0001-13,BUS +,CONSORCIO BUS +,BUS +,Americana,Campinas,MUDANÇA DE TABELA DE HORÁRIO,PLANEJAMENTO,2026-01-16,-7.0,NO PRAZO,-7.0,METROPOLITANO,OK
2026011314451597,134.00001689/2026-76,2026-01-13,10,2026-01-23,METROPOLITANO,,,,,,Santa Bárbara d'Oeste,,APREENSÃO DE VEÍCULOS,FISCALIZAÇÃO,2026-01-22,-1.0,NO PRAZO,-1.0,CAMPINAS,OK
2026011317455530,,2026-01-13,10,2026-01-23,METROPOLITANO,,,,,,,,GRATUIDADE DE ESTUDANTE,SUCOL ATENDIMENTO,2026-01-14,-9.0,NO PRAZO,-9.0,SUREF,OK
2026010323434242,134.00001786/2026-69,2026-01-14,10,2026-01-24,METROPOLITANO,FRETAMENTO,54.360.623/0001-02,PIRACICABANA,VIAÇÃO PIRACICABANA S/A,PIRACICABANA,Praia Grande,São Paulo,MÁ CONDIÇÃO DE VEÍCULO,PLANEJAMENTO,2026-01-16,-8.0,NO PRAZO,-8.0,TC5 - SÃO PAULO,OK
2026011319413911,134.00001931/2026-10,2026-01-14,10,2026-01-24,METROPOLITANO,REGULAR,20.336.241/0001-13,BUS +,CONSORCIO BUS +,BUS +,Sumaré,Campinas,ADIANTAMENTO/ATRASO DE VEÍCULO,FISCALIZAÇÃO,2026-01-21,-3.0,NO PRAZO,-3.0,CAMPINAS,OK
2026011409345636,134.00001913/2026-20,2026-01-14,10,2026-01-24,METROPOLITANO,REGULAR,20.336.241/0001-13,BUS +,CONSORCIO BUS +,BUS +,Sumaré,Campinas,ADIANTAMENTO/ATRASO DE VEÍCULO,FISCALIZAÇÃO,2026-01-21,-3.0,NO PRAZO,-3.0,CAMPINAS,OK
2026011406105462,134.00001929/2026-32,2026-01-14,30,2026-02-13,METROPOLITANO,REGULAR,08.419.802/0001-42,ANHANGUERA,CONSÓRCIO ANHANGUERA,ANHANGUERA,Carapicuíba,Cotia,SUPERLOTAÇÃO DE ÔNIBUS,FISCALIZAÇÃO,2026-02-13,0.0,NO PRAZO,0.0,SÃO PAULO,OK
2026011408355294,134.00001907/2026-72,2026-01-14,30,2026-02-13,METROPOLITANO,REGULAR,08.351.253/0001-11,INTERNORTE,CONSÓRCIO INTERNORTE DE TRANSPORTES,INTERNORTE,Guarulhos,São Paulo,SUPERLOTAÇÃO DE ÔNIBUS,FISCALIZAÇÃO,2026-02-23,10.0,ATRASADO,10.0,SÃO PAULO,OK
2026011323460524,134.00001933/2026-09,2026-01-14,10,2026-01-24,METROPOLITANO,REGULAR,20.336.241/0001-13,BUS +,CONSORCIO BUS +,BUS +,Americana,Santa Bárbara d'Oeste,INCLUSÃO DE NOVAS LINHAS,PLANEJAMENTO,2026-01-16,-8.0,NO PRAZO,-8.0,METROPOLITANO,OK
2026011408211227,134.00001921/2026-76,2026-01-14,10,2026-01-24,METROPOLITANO,REGULAR,20.336.241/0001-13,BUS +,CONSORCIO BUS +,BUS +,,,PRESTAÇÃO DE SERVIÇO DA EMPRESA,PLANEJAMENTO,2026-01-22,-2.0,NO PRAZO,-2.0,METROPOLITANO,OK
2026011408583598,134.00001912/2026-85,2026-01-14,10,2026-01-24,METROPOLITANO,REGULAR,08.351.253/0001-11,INTERNORTE,CONSÓRCIO INTERNORTE DE TRANSPORTES,INTERNORTE,Arujá,São Paulo,MUDANÇA DE ITINERÁRIO,PLANEJAMENTO,2026-01-16,-8.0,NO PRAZO,-8.0,METROPOLITANO,OK
2026011408371171,134.00001910/2026-96,2026-01-14,10,2026-01-24,METROPOLITANO,REGULAR,08.351.253/0001-11,INTERNORTE,CONSÓRCIO INTERNORTE DE TRANSPORTES,INTERNORTE,Guarulhos,São Paulo,PRESTAÇÃO DE SERVIÇO DA EMPRESA,PLANEJAMENTO,2026-01-16,-8.0,NO PRAZO,-8.0,METROPOLITANO,OK
2026011318494289,,2026-01-14,10,2026-01-24,METROPOLITANO,REGULAR,08.351.253/0001-11,INTERNORTE,CONSÓRCIO INTERNORTE DE TRANSPORTES,INTERNORTE,Mairiporã,São Paulo,GRATUIDADE DE ESTUDANTE,SUCOL ATENDIMENTO,2026-02-04,11.0,ATRASADO,11.0,,OK
2026011513025645,134.00002118/2026-59,2026-01-15,20,2026-02-04,METROPOLITANO,FRETAMENTO,54.360.623/0001-02,PIRACICABANA,VIAÇÃO PIRACICABANA S/A,PIRACICABANA,Dourado,São Carlos,ADIANTAMENTO/ATRASO DE VEÍCULO,FISCALIZAÇÃO,2026-01-29,-6.0,NO PRAZO,-6.0,INTERMUNICIPAL,OK
2026011509075886,134.00002105/2026-80,2026-01-15,20,2026-02-04,METROPOLITANO,FRETAMENTO,23.419.156/0001-07,PORTO DE REGISTRO,PORTO TRANSPORTES E TURISMO LTDA - ME,PORTO TURISMO,Registro,Cajati,SUPERLOTAÇÃO DE ÔNIBUS,FISCALIZAÇÃO,2026-01-28,-7.0,NO PRAZO,-7.0,INTERMUNICIPAL,OK
2026011421433964,134.00000755/2026-91,2026-01-15,10,2026-01-25,METROPOLITANO,,,,,,,,,FISCALIZAÇÃO,2026-01-30,5.0,ATRASADO,5.0,RTO,OK
2026011510323048,134.00000755/2026-91,2026-01-15,10,2026-01-25,METROPOLITANO,,,,,,,,,FISCALIZAÇÃO,2026-01-30,5.0,ATRASADO,5.0,RTO,OK
2026011417571111,134.00002108/2026-13,2026-01-15,20,2026-02-04,METROPOLITANO,REGULAR,61.563.557/0001-25,PASSARO MARRON,EMPRESA DE ÔNIBUS PASSARO MARRON S/A,PASSARO MARRON,Paraibuna,São José dos Campos,MÁ CONDIÇÃO DE VEÍCULO,FISCALIZAÇÃO,2026-01-29,-6.0,NO PRAZO,-6.0,VALE DO PARAÍBA,OK
2026011516314725,134.00002119/2026-01,2026-01-15,10,2026-01-25,METROPOLITANO,,,,,,,,ACESSIBILIDADE,PLANEJAMENTO,2026-01-16,-9.0,NO PRAZO,-9.0,TC5 - SÃO PAULO,OK
2026011516291626,134.00002117/2026-12,2026-01-15,10,2026-01-25,METROPOLITANO,FRETAMENTO,61.084.018/0001-03,VIAÇÃO COMETA,VIAÇÃO COMETA S/A,COMETA,Santos,São Paulo,GRATUIDADE DE ESTUDANTE,PLANEJAMENTO,2026-01-16,-9.0,NO PRAZO,-9.0,TC5 - SÃO PAULO,OK
2026011508475212,134.00002112/2026-81,2026-01-15,30,2026-02-14,METROPOLITANO,REGULAR,08.351.253/0001-11,INTERNORTE,CONSÓRCIO INTERNORTE DE TRANSPORTES,INTERNORTE,Guarulhos,São Paulo,ADIANTAMENTO/ATRASO DE VEÍCULO,FISCALIZAÇÃO,2026-02-23,9.0,ATRASADO,9.0,SÃO PAULO,OK
2026011414051521,134.00002102/2026-46,2026-01-15,30,2026-02-14,METROPOLITANO,REGULAR,08.351.253/0001-11,INTERNORTE,CONSÓRCIO INTERNORTE DE TRANSPORTES,INTERNORTE,Guarulhos,São Paulo,SUPERLOTAÇÃO DE ÔNIBUS,FISCALIZAÇÃO,2026-02-23,9.0,ATRASADO,9.0,SÃO PAULO,OK
2026011415203286,134.00001995/2026-11,2026-01-15,30,2026-02-14,METROPOLITANO,REGULAR,08.351.253/0001-11,INTERNORTE,CONSÓRCIO INTERNORTE DE TRANSPORTES,INTERNORTE,Guarulhos,São Paulo,MÁ CONDIÇÃO DE VEÍCULO,FISCALIZAÇÃO,2026-02-23,9.0,ATRASADO,9.0,SÃO PAULO,OK
2026011407085747,134.00001992/2026-79,2026-01-15,30,2026-02-14,METROPOLITANO,REGULAR,08.351.253/0001-11,INTERNORTE,CONSÓRCIO INTERNORTE DE TRANSPORTES,INTERNORTE,Guarulhos,São Paulo,MÁ CONDIÇÃO DE VEÍCULO,FISCALIZAÇÃO,2026-02-23,9.0,ATRASADO,9.0,SÃO PAULO,OK
2026011406241771,134.00001986/2026-11,2026-01-15,30,2026-02-14,METROPOLITANO,REGULAR,08.419.802/0001-42,ANHANGUERA,CONSÓRCIO ANHANGUERA,ANHANGUERA,Carapicuíba,Cotia,SUPERLOTAÇÃO DE ÔNIBUS,FISCALIZAÇÃO,2026-02-23,9.0,ATRASADO,9.0,SÃO PAULO,OK
2026011512271043,134.00002116/2026-60,2026-01-15,10,2026-01-25,METROPOLITANO,REGULAR,08.390.180/0001-77,INTERVIAS,CONSÓRCIO INTERVIAS,INTERVIAS,Vargem Grande Paulista,São Paulo,MUDANÇA DE TABELA DE HORÁRIO,PLANEJAMENTO,2026-01-21,-4.0,NO PRAZO,-4.0,METROPOLITANO,OK
2026011513072530,134.00002113/2026-26,2026-01-15,20,2026-02-04,METROPOLITANO,REGULAR,08.351.253/0001-11,INTERNORTE,CONSÓRCIO INTERNORTE DE TRANSPORTES,INTERNORTE,Guarulhos,São Paulo,MUDANÇA DE TABELA DE HORÁRIO,PLANEJAMENTO,2026-01-29,-6.0,NO PRAZO,-6.0,METROPOLITANO,OK
2026011515420398,134.00002104/2026-35,2026-01-15,20,2026-02-04,METROPOLITANO,REGULAR,08.419.802/0001-42,ANHANGUERA,CONSÓRCIO ANHANGUERA,ANHANGUERA,Santana de Parnaíba,São Paulo,MUDANÇA DE TABELA DE HORÁRIO,PLANEJAMENTO,2026-01-27,-8.0,NO PRAZO,-8.0,METROPOLITANO,OK
2026011408504197,134.00001979/2026-10,2026-01-15,20,2026-02-04,METROPOLITANO,REGULAR,08.351.253/0001-11,INTERNORTE,CONSÓRCIO INTERNORTE DE TRANSPORTES,INTERNORTE,Guarulhos,São Paulo,MUDANÇA DE TABELA DE HORÁRIO,PLANEJAMENTO,2026-01-29,-6.0,NO PRAZO,-6.0,METROPOLITANO,OK
2026011420554432,134.00001976/2026-86,2026-01-15,20,2026-02-04,METROPOLITANO,REGULAR,08.351.253/0001-11,INTERNORTE,CONSÓRCIO INTERNORTE DE TRANSPORTES,INTERNORTE,Guarulhos,São Paulo,PRESTAÇÃO DE SERVIÇO DA EMPRESA,PLANEJAMENTO,2026-01-29,-6.0,NO PRAZO,-6.0,METROPOLITANO,OK
2026011417491110,134.00002160/2026-70,2026-01-16,30,2026-02-15,METROPOLITANO,REGULAR,08.419.802/0001-42,ANHANGUERA,CONSÓRCIO ANHANGUERA,ANHANGUERA,Barueri,Osasco,SUPERLOTAÇÃO DE ÔNIBUS,FISCALIZAÇÃO,2026-02-23,8.0,ATRASADO,8.0,SÃO PAULO,OK
2026010911390763,134.00002165/2026-01,2026-01-16,20,2026-02-05,METROPOLITANO,FRETAMENTO,61.084.018/0001-03,VIAÇÃO COMETA,VIAÇÃO COMETA S/A,COMETA,Mairiporã,São Paulo,PRESTAÇÃO DE SERVIÇO DA EMPRESA,PLANEJAMENTO,2026-02-03,-2.0,NO PRAZO,-2.0,TC1 - CAMPINAS,OK
2026011418240293,134.00002170/2026-13,2026-01-16,25,2026-02-10,METROPOLITANO,FRETAMENTO,,M.F. DE LIMA,,,Quatá,,MÁ CONDIÇÃO DE VEÍCULO,FISCALIZAÇÃO,2026-01-22,-19.0,NO PRAZO,-19.0,INSPEÇÃO,OK
2026011509134011,134.00002171/2026-50,2026-01-16,10,2026-01-26,METROPOLITANO,REGULAR,21.659.864/0001-90,BR MOBILIDADE,BR MOBILIDADE BAIXADA SANTISTA S.A. - SPE,BR MOBILIDADE,Cubatão,Santos,ADIANTAMENTO/ATRASO DE VEÍCULO,FISCALIZAÇÃO,2026-01-21,-5.0,NO PRAZO,-5.0,BAIXADA SANTISTA,OK
2026011418044345,134.00002173/2026-49,2026-01-16,20,2026-02-05,METROPOLITANO,REGULAR,08.351.253/0001-11,INTERNORTE,CONSÓRCIO INTERNORTE DE TRANSPORTES,INTERNORTE,Guarulhos,São Paulo,MUDANÇA DE TABELA DE HORÁRIO,PLANEJAMENTO,2026-01-29,-7.0,NO PRAZO,-7.0,METROPOLITANO,OK
2026011509302182,134.00002176/2026-82,2026-01-16,20,2026-02-05,METROPOLITANO,REGULAR,21.659.864/0001-90,BR MOBILIDADE,BR MOBILIDADE BAIXADA SANTISTA S.A. - SPE,BR MOBILIDADE,Cubatão,Santos,ADIANTAMENTO/ATRASO DE VEÍCULO,FISCALIZAÇÃO,2026-02-03,-2.0,NO PRAZO,-2.0,BAIXADA SANTISTA,OK
2026011412070541,134.00002366/2026-08,2026-01-16,20,2026-02-05,METROPOLITANO,,,,,,,,SOLICITAÇÃO DE INFORMAÇÃO,FISCALIZAÇÃO,2026-02-03,-2.0,NO PRAZO,-2.0,INSPEÇÃO,OK
2026011616005962,134.00002372/2026-57,2026-01-16,10,2026-01-26,METROPOLITANO,FRETAMENTO,55.334.262/0001-84,ANDORINHA,EMPRESA DE TRANSPORTES ANDORINHA S/A,,Presidente Epitácio,Presidente Venceslau,MUDANÇA DE TABELA DE HORÁRIO,PLANEJAMENTO,2026-01-23,-3.0,NO PRAZO,-3.0,TC3 - BAURU,OK
202601160857256,134.00002373/2026-00,2026-01-16,10,2026-01-26,METROPOLITANO,REGULAR,08.351.253/0001-11,INTERNORTE,CONSÓRCIO INTERNORTE DE TRANSPORTES,INTERNORTE,Guarulhos,São Paulo,MÁ CONDIÇÃO DE VEÍCULO,FISCALIZAÇÃO,2026-01-22,-4.0,NO PRAZO,-4.0,INSPEÇÃO,OK
2026011517113450,134.00002369/2026-33,2026-01-16,10,2026-01-26,METROPOLITANO,REGULAR,20.336.241/0001-13,BUS +,CONSORCIO BUS +,BUS +,Sumaré,São Paulo,SUPERLOTAÇÃO DE ÔNIBUS,FISCALIZAÇÃO,2026-01-21,-5.0,NO PRAZO,-5.0,CAMPINAS,OK
2026011613154632,134.00002369/2026-33,2026-01-16,10,2026-01-26,METROPOLITANO,REGULAR,20.336.241/0001-13,BUS +,CONSORCIO BUS +,BUS +,Sumaré,Campinas,SUPERLOTAÇÃO DE ÔNIBUS,FISCALIZAÇÃO,2026-01-21,-5.0,NO PRAZO,-5.0,CAMPINAS,OK
2026011611191631,134.00002371/2026-11,2026-01-16,30,2026-02-15,METROPOLITANO,REGULAR,08.419.802/0001-42,ANHANGUERA,CONSÓRCIO ANHANGUERA,ANHANGUERA,São Paulo,Santana de Parnaíba,SUPERLOTAÇÃO DE ÔNIBUS,FISCALIZAÇÃO,2026-02-23,8.0,ATRASADO,8.0,SÃO PAULO,OK
2026011611265793,134.00002371/2026-11,2026-01-16,30,2026-02-15,METROPOLITANO,REGULAR,08.419.802/0001-42,ANHANGUERA,CONSÓRCIO ANHANGUERA,ANHANGUERA,São Paulo,Santana de Parnaíba,SUPERLOTAÇÃO DE ÔNIBUS,FISCALIZAÇÃO,2026-02-23,8.0,ATRASADO,8.0,SÃO PAULO,OK
2026011612531960,134.00002367/2026-44,2026-01-16,10,2026-01-26,METROPOLITANO,REGULAR,50.479.476/0001-25,JACAREI,VIAÇÃO JACAREI LTDA,JACAREI,Igaratá,Jacareí,MUDANÇA DE TABELA DE HORÁRIO,PLANEJAMENTO,2026-01-21,-5.0,NO PRAZO,-5.0,METROPOLITANO,OK
2026011613404878,134.00002368/2026-99,2026-01-16,10,2026-01-26,METROPOLITANO,REGULAR,53.401.659/0001-16,TRANS-CINTER,CIDADE NATUREZA TRANSPORTES E TURISMO LTDA,TRANS-CINTER,Monteiro Lobato,São José dos Campos,MUDANÇA DE ITINERÁRIO,PLANEJAMENTO,2026-01-21,-5.0,NO PRAZO,-5.0,METROPOLITANO,OK
2026011614352398,134.00002370/2026-68,2026-01-16,10,2026-01-26,METROPOLITANO,REGULAR,08.390.180/0001-77,INTERVIAS,CONSÓRCIO INTERVIAS,INTERVIAS,Campo Limpo Paulista,,MUDANÇA DE ITINERÁRIO,PLANEJAMENTO,2026-01-21,-5.0,NO PRAZO,-5.0,METROPOLITANO,OK
2026011615321285,134.00002564/2026-63,2026-01-19,10,2026-01-29,METROPOLITANO,,,,,,Presidente Prudente,,SOLICITAÇÃO DE INFORMAÇÃO,FISCALIZAÇÃO,2026-01-28,-1.0,NO PRAZO,-1.0,FRETAMENTO,OK
2026011622555118,134.00002548/2026-71,2026-01-19,20,2026-02-08,METROPOLITANO,FRETAMENTO,54.360.623/0001-02,PIRACICABANA,VIAÇÃO PIRACICABANA S/A,PIRACICABANA,São Paulo,Piracicaba,ADIANTAMENTO/ATRASO DE VEÍCULO,FISCALIZAÇÃO,2026-01-28,-11.0,NO PRAZO,-11.0,INTERMUNICIPAL,OK
2026011800455814,134.00002547/2026-26,2026-01-19,10,2026-01-29,METROPOLITANO,REGULAR,46.014.122/0001-38,VB TRANSPORTES E TURISMO,VB TRANSPORTES E TURISMO LTDA,VB TRANSPORTES E TURISMO,Indaiatuba,São Paulo,PRESTAÇÃO DE SERVIÇO DA EMPRESA,PLANEJAMENTO,2026-01-22,-7.0,NO PRAZO,-7.0,TC1 - CAMPINAS,OK
2026011714440026,134.00002559/2026-51,2026-01-19,10,2026-01-29,METROPOLITANO,FRETAMENTO,75.156.265/0001-82,TRANSPEN,TRANSPEN-TRANSPORTE COLETIVO E ENCOMENDAS LTDA,,Sorocaba,Apiaí,GRATUIDADE POLICIAIS,PLANEJAMENTO,2026-01-29,0.0,NO PRAZO,0.0,TC2 - SOROCABA,OK
2026011912080390,134.00002570/2026-11,2026-01-19,20,2026-02-08,METROPOLITANO,FRETAMENTO,59.965.038/0001-41,EXPRESSO ITAMARATI,EXPRESSO ITAMARATI S/A,,São Paulo,São José do Rio Preto,PRESTAÇÃO DE SERVIÇO DA EMPRESA,PLANEJAMENTO,2026-02-09,1.0,ATRASADO,1.0,TC4 - ARARAQUARA,OK
2025121811521436,134.00002572/2026-18,2026-01-19,20,2026-02-08,METROPOLITANO,FRETAMENTO,54.360.623/0001-02,PIRACICABANA,VIAÇÃO PIRACICABANA S/A,PIRACICABANA,Campinas,São Carlos,COMPRA DE PASSAGEM,PLANEJAMENTO,2026-02-02,-6.0,NO PRAZO,-6.0,TC4 - ARARAQUARA,OK
2026010711360896,134.00002561/2026-20,2026-01-19,10,2026-01-29,METROPOLITANO,REGULAR,20.336.241/0001-13,BUS +,CONSORCIO BUS +,BUS +,Santos,,MUDANÇA DE ITINERÁRIO,FISCALIZAÇÃO,2026-01-30,1.0,ATRASADO,1.0,BAIXADA SANTISTA,OK
2026011608270669,134.00002566/2026-52,2026-01-19,10,2026-01-29,METROPOLITANO,REGULAR,20.336.241/0001-13,BUS +,CONSORCIO BUS +,BUS +,Americana,Campinas,MÁ CONDIÇÃO DE VEÍCULO,FISCALIZAÇÃO,2026-01-28,-1.0,NO PRAZO,-1.0,CAMPINAS,OK
2026011623493524,134.00000755/2026-91,2026-01-19,10,2026-01-29,METROPOLITANO,,,,,,,,,FISCALIZAÇÃO,2026-01-30,1.0,ATRASADO,1.0,RTO,OK
2026011715201671,134.00002563/2026-19,2026-01-19,20,2026-02-08,METROPOLITANO,,,,,,São Paulo,,MÁ CONDUTA DE FUNCIONÁRIOS,FISCALIZAÇÃO,2026-02-05,-3.0,NO PRAZO,-3.0,SÃO PAULO,OK
2026011714414593,134.00002580/2026-56,2026-01-19,10,2026-01-29,METROPOLITANO,FRETAMENTO,54.360.623/0001-02,PIRACICABANA,VIAÇÃO PIRACICABANA S/A,PIRACICABANA,São Paulo,Mongaguá,PRESTAÇÃO DE SERVIÇO DA EMPRESA,PLANEJAMENTO,2026-01-20,-9.0,NO PRAZO,-9.0,TC5 - SÃO PAULO,OK
2026011913020320,,2026-01-19,10,2026-01-29,METROPOLITANO,,,,,,,,GRATUIDADE DE ESTUDANTE,SUCOL ATENDIMENTO,2026-01-19,-10.0,NO PRAZO,-10.0,,OK
2026011711321234,,2026-01-19,10,2026-01-29,METROPOLITANO,,,,,,,,GRATUIDADE DE ESTUDANTE,SUCOL ATENDIMENTO,2026-01-19,-10.0,NO PRAZO,-10.0,,OK
2026012016252369,134.00002711/2026-03,2026-01-20,10,2026-01-30,METROPOLITANO,,,,,,,,SOLICITAÇÃO DE INFORMAÇÃO,PLANEJAMENTO,2026-01-22,-8.0,NO PRAZO,-8.0,METROPOLITANO,OK
2026012008274090,134.00002606/2026-66,2026-01-20,10,2026-01-30,METROPOLITANO,REGULAR,40.181.203/0001-46,NEXTMOBILIDADE,ABC SISTEMA DE TRANSPORTE SPE S.A.,NEXTMOBILIDADE,Santo André,São Paulo,SOLICITAÇÃO DE INFORMAÇÃO,PLANEJAMENTO,2026-01-23,-7.0,NO PRAZO,-7.0,GINV,OK
2026012013442275,134.00002632/2026-94,2026-01-20,20,2026-02-09,METROPOLITANO,REGULAR,08.351.253/0001-11,INTERNORTE,CONSÓRCIO INTERNORTE DE TRANSPORTES,INTERNORTE,Guarulhos,São Paulo,SUPERLOTAÇÃO DE ÔNIBUS,FISCALIZAÇÃO,2026-02-20,11.0,ATRASADO,11.0,SÃO PAULO,OK
2026011908143249,134.00002369/2026-33,2026-01-20,20,2026-02-09,METROPOLITANO,REGULAR,20.336.241/0001-13,BUS +,CONSORCIO BUS +,BUS +,Sumaré,Campinas,SUPERLOTAÇÃO DE ÔNIBUS,FISCALIZAÇÃO,2026-02-09,0.0,NO PRAZO,0.0,CAMPINAS,OK
2026012009061439,134.00002605/2026-11,2026-01-20,10,2026-01-30,METROPOLITANO,REGULAR,20.336.241/0001-13,BUS +,CONSORCIO BUS +,BUS +,Sumaré,Campinas,ADIANTAMENTO/ATRASO DE VEÍCULO,FISCALIZAÇÃO,2026-01-28,-2.0,NO PRAZO,-2.0,CAMPINAS,OK
2026012006392418,134.00002604/2026-77,2026-01-20,10,2026-01-30,METROPOLITANO,REGULAR,20.336.241/0001-13,BUS +,CONSORCIO BUS +,BUS +,Sumaré,Campinas,ADIANTAMENTO/ATRASO DE VEÍCULO,FISCALIZAÇÃO,2026-01-28,-2.0,NO PRAZO,-2.0,CAMPINAS,OK
2026011920035156,134.00002602/2026-88,2026-01-20,10,2026-01-30,METROPOLITANO,REGULAR,20.336.241/0001-13,BUS +,CONSORCIO BUS +,BUS +,Sumaré,Campinas,SUPERLOTAÇÃO DE ÔNIBUS,FISCALIZAÇÃO,2026-01-28,-2.0,NO PRAZO,-2.0,CAMPINAS,OK
2026011919145033,134.00002734/2026-18,2026-01-20,20,2026-02-09,METROPOLITANO,REGULAR,08.351.253/0001-11,INTERNORTE,CONSÓRCIO INTERNORTE DE TRANSPORTES,INTERNORTE,Guarulhos,São Paulo,SUPERLOTAÇÃO DE ÔNIBUS,FISCALIZAÇÃO,2026-02-23,14.0,ATRASADO,14.0,SÃO PAULO,OK
2026012006161975,134.00002740/2026-67,2026-01-20,10,2026-01-30,METROPOLITANO,REGULAR,08.351.253/0001-11,INTERNORTE,CONSÓRCIO INTERNORTE DE TRANSPORTES,INTERNORTE,Arujá,São Paulo,MÁ CONDIÇÃO DE VEÍCULO,FISCALIZAÇÃO,2026-01-23,-7.0,NO PRAZO,-7.0,INSPEÇÃO,OK
2026012008005855,134.00000755/2026-91,2026-01-20,10,2026-01-30,METROPOLITANO,,,,,,,,,FISCALIZAÇÃO,2026-01-30,0.0,NO PRAZO,0.0,RTO,OK
2026012011554493,,2026-01-20,10,2026-01-30,METROPOLITANO,,,,,,,,,SUCOL ATENDIMENTO,2026-01-21,-9.0,NO PRAZO,-9.0,,OK
2026012009184316,134.00002749/2026-78,2026-01-20,10,2026-01-30,METROPOLITANO,REGULAR,20.336.241/0001-13,BUS +,CONSORCIO BUS +,BUS +,Americana,Santa Bárbara d'Oeste,MUDANÇA DE TABELA DE HORÁRIO,PLANEJAMENTO,2026-01-28,-2.0,NO PRAZO,-2.0,PLANEJAMENTO/CAMPINAS,OK
2026012015195396,134.00002753/2026-36,2026-01-20,10,2026-01-30,METROPOLITANO,REGULAR,08.351.253/0001-11,INTERNORTE,CONSÓRCIO INTERNORTE DE TRANSPORTES,INTERNORTE,Arujá,São Paulo,MUDANÇA DE ITINERÁRIO,PLANEJAMENTO,2026-01-23,-7.0,NO PRAZO,-7.0,METROPOLITANO,OK
2026010511450298,134.00002805/2026-74,2026-01-21,10,2026-01-31,METROPOLITANO,REGULAR,21.659.864/0001-90,BR MOBILIDADE,BR MOBILIDADE BAIXADA SANTISTA S.A. - SPE,BR MOBILIDADE,Guarujá,Cubatão,MÁ CONDIÇÃO DE VEÍCULO,PLANEJAMENTO,2026-01-23,-8.0,NO PRAZO,-8.0,METROPOLITANO,OK
2026011914203712,134.00002824/2026-09,2026-01-21,10,2026-01-31,METROPOLITANO,REGULAR,08.390.180/0001-77,INTERVIAS,CONSÓRCIO INTERVIAS,INTERVIAS,Itapecerica da Serra,São Paulo,MUDANÇA DE ITINERÁRIO,PLANEJAMENTO,2026-01-29,-2.0,NO PRAZO,-2.0,METROPOLITANO,OK
2026011916413374,134.00002841/2026-38,2026-01-21,10,2026-01-31,METROPOLITANO,REGULAR,40.181.203/0001-46,NEXTMOBILIDADE,ABC SISTEMA DE TRANSPORTE SPE S.A.,NEXTMOBILIDADE,São Caetano do Sul,São Paulo,MUDANÇA DE TABELA DE HORÁRIO,PLANEJAMENTO,2026-01-23,-8.0,NO PRAZO,-8.0,METROPOLITANO,OK
2026012110511285,134.00000755/2026-91,2026-01-21,10,2026-01-31,METROPOLITANO,,,,,,,,,FISCALIZAÇÃO,2026-01-30,-1.0,NO PRAZO,-1.0,RTO,OK
2026012108225414,134.00002845/2026-16,2026-01-21,10,2026-01-31,METROPOLITANO,REGULAR,45.992.724/0001-05,RAPIDO CAMPINAS,RAPIDO LUXO CAMPINAS LTDA,RAPIDO CAMPINAS,Tatuí,Sorocaba,MUDANÇA DE ITINERÁRIO,PLANEJAMENTO,2026-01-23,-8.0,NO PRAZO,-8.0,METROPOLITANO,OK
2026012109515188,134.00002981/2026-14,2026-01-21,10,2026-01-31,METROPOLITANO,FRETAMENTO,10.927.535/0001-66,NEW BUS PARTY COMPANY,NEW BUS FRETAMENTO LTDA,NEW BUS FRETAMENTO LTDA,,,PRESTAÇÃO DE SERVIÇO DA EMPRESA,FISCALIZAÇÃO,2026-01-26,-5.0,NO PRAZO,-5.0,FRETAMENTO,OK
2026012107331691,134.00002982/2026-51 ,2026-01-21,20,2026-02-10,METROPOLITANO,FRETAMENTO,46.917.472/0001-04,PEVETUR,PEVÊ-TUR TRANSPORTES E TURISMO LTDA,,Ubarana,José Bonifácio,ADIANTAMENTO/ATRASO DE VEÍCULO,FISCALIZAÇÃO,2026-02-05,-5.0,NO PRAZO,-5.0,INTERMUNICIPAL,OK
2026011917020291,134.00000755/2026-91,2026-01-21,10,2026-01-31,METROPOLITANO,,,,,,,,,FISCALIZAÇÃO,2026-01-30,-1.0,NO PRAZO,-1.0,RTO,OK
2026012106465593,134.00000755/2026-91,2026-01-21,10,2026-01-31,METROPOLITANO,,,,,,,,,FISCALIZAÇÃO,2026-01-30,-1.0,NO PRAZO,-1.0,RTO,OK
2026012115341045,134.00002983/2026-03,2026-01-21,20,2026-02-10,METROPOLITANO,REGULAR,08.351.253/0001-11,INTERNORTE,CONSÓRCIO INTERNORTE DE TRANSPORTES,INTERNORTE,Guarulhos,São Paulo,ADIANTAMENTO/ATRASO DE VEÍCULO,FISCALIZAÇÃO,2026-02-23,13.0,ATRASADO,13.0,SÃO PAULO,OK
2026011922180560,134.00002980/2026-61,2026-01-21,20,2026-02-10,METROPOLITANO,REGULAR,08.351.253/0001-11,INTERNORTE,CONSÓRCIO INTERNORTE DE TRANSPORTES,INTERNORTE,Guarulhos,São Paulo,ADIANTAMENTO/ATRASO DE VEÍCULO,FISCALIZAÇÃO,2026-02-23,13.0,ATRASADO,13.0,SÃO PAULO,OK
2026011909421833,134.00002979/2026-37,2026-01-21,10,2026-01-31,METROPOLITANO,REGULAR,08.419.802/0001-42,ANHANGUERA,CONSÓRCIO ANHANGUERA,ANHANGUERA,São Paulo,Santana de Parnaíba,MUDANÇA DE TABELA DE HORÁRIO,PLANEJAMENTO,2026-01-23,-8.0,NO PRAZO,-8.0,METROPOLITANO,OK
2026012115243698,134.00002984/2026-40,2026-01-21,10,2026-01-31,METROPOLITANO,REGULAR,20.336.241/0001-13,BUS +,CONSORCIO BUS +,BUS +,Americana,Santa Bárbara d'Oeste,PRESTAÇÃO DE SERVIÇO DA EMPRESA,PLANEJAMENTO,2026-01-28,-3.0,NO PRAZO,-3.0,PLANEJAMENTO/CAMPINAS,OK
2026012017535551,134.00002985/2026-94,2026-01-21,20,2026-02-10,METROPOLITANO,REGULAR,20.336.241/0001-13,BUS +,CONSORCIO BUS +,BUS +,Hortolândia,Campinas,MUDANÇA DE TABELA DE HORÁRIO,PLANEJAMENTO,2026-02-02,-8.0,NO PRAZO,-8.0,PLANEJAMENTO/CAMPINAS,OK
2026012114530759,,2026-01-21,10,2026-01-31,METROPOLITANO,REGULAR,45.992.724/0001-05,RAPIDO CAMPINAS,RAPIDO LUXO CAMPINAS LTDA,RAPIDO CAMPINAS,Ibiúna,São Roque,GRATUIDADE DE IDOSOS,SUCOL ATENDIMENTO,2026-01-23,-8.0,NO PRAZO,-8.0,,OK
2026012107032029,134.00003078/2026-62,2026-01-22,10,2026-02-01,METROPOLITANO,REGULAR,20.336.241/0001-13,BUS +,CONSORCIO BUS +,BUS +,Monte Mor,Campinas,ADIANTAMENTO/ATRASO DE VEÍCULO,FISCALIZAÇÃO,2026-01-28,-4.0,NO PRAZO,-4.0,CAMPINAS,OK
2026011223532829,134.00003097/2026-99,2026-01-22,20,2026-02-11,METROPOLITANO,FRETAMENTO,59.965.038/0001-41,EXPRESSO ITAMARATI,EXPRESSO ITAMARATI S/A,,Jales,Ilha Solteira,PRESTAÇÃO DE SERVIÇO DA EMPRESA,PLANEJAMENTO,2026-02-02,-9.0,NO PRAZO,-9.0,TC4 - ARARAQUARA,OK
2026012111172259,134.00003077/2026-18,2026-01-22,20,2026-02-11,METROPOLITANO,REGULAR,46.014.122/0001-38,VB TRANSPORTES E TURISMO,VB TRANSPORTES E TURISMO LTDA,VB TRANSPORTES E TURISMO,Salto,Campinas,GRATUIDADE DE IDOSOS,PLANEJAMENTO,2026-02-06,-5.0,NO PRAZO,-5.0,TC1 - CAMPINAS,OK
2026012118484147,134.00003211/2026-81,2026-01-22,10,2026-02-01,METROPOLITANO,REGULAR,08.351.253/0001-11,INTERNORTE,CONSÓRCIO INTERNORTE DE TRANSPORTES,INTERNORTE,Arujá,São Paulo,MÁ CONDIÇÃO DE VEÍCULO,FISCALIZAÇÃO,2026-01-29,-3.0,NO PRAZO,-3.0,INSPEÇÃO,OK
2026012213112719,134.00048549/2025-81,2026-01-22,20,2026-02-11,METROPOLITANO,REGULAR,08.351.253/0001-11,INTERNORTE,CONSÓRCIO INTERNORTE DE TRANSPORTES,INTERNORTE,Guarulhos,São Paulo,MÁ CONDUTA DO MOTORISTA,FISCALIZAÇÃO,2026-03-09,26.0,ATRASADO,26.0,SÃO PAULO,OK
2026012212313746,134.00003235/2026-30,2026-01-22,10,2026-02-01,METROPOLITANO,FRETAMENTO,44.507.796/0001-49,VIAÇÃO ATIBAIA,VIAÇÃO ATIBAIA LTDA,,Atibaia,,ACESSIBILIDADE,PLANEJAMENTO,2026-01-30,-2.0,NO PRAZO,-2.0,TC1 - CAMPINAS,OK
2026012213420214,134.00003236/2026-84,2026-01-22,10,2026-02-01,METROPOLITANO,REGULAR,08.351.253/0001-11,INTERNORTE,CONSÓRCIO INTERNORTE DE TRANSPORTES,INTERNORTE,Guarulhos,São Paulo,MÁ CONDIÇÃO DE VEÍCULO,FISCALIZAÇÃO,2026-01-28,-4.0,NO PRAZO,-4.0,INSPEÇÃO,OK
2026012215363320,134.00003238/2026-73,2026-01-22,20,2026-02-11,METROPOLITANO,REGULAR,21.659.864/0001-90,BR MOBILIDADE,BR MOBILIDADE BAIXADA SANTISTA S.A. - SPE,BR MOBILIDADE,Santos,,SUGESTÃO,PLANEJAMENTO,2026-02-11,0.0,NO PRAZO,0.0,GINV,OK
2026012308191798,134.00003246/2026-10,2026-01-23,20,2026-02-12,METROPOLITANO,FRETAMENTO,14.876.241/0001-03,PRINCESA DOS CAMPOS,VIACAO CAMPOS VERDES LTDA - ME,CAMPOS VERDES,Iporanga,Registro,MUDANÇA DE TABELA DE HORÁRIO,PLANEJAMENTO,2026-02-20,8.0,ATRASADO,8.0,TC2 - SOROCABA,OK
2026012309510130,134.00003248/2026-17,2026-01-23,20,2026-02-12,METROPOLITANO,,,,,,Sorocaba,,APREENSÃO DE VEÍCULOS,FISCALIZAÇÃO,2026-02-25,13.0,ATRASADO,13.0,LIBERAÇÃO,OK
2026012309343959,134.00003251/2026-22,2026-01-23,20,2026-02-12,METROPOLITANO,FRETAMENTO,47.939.199/0001-81,BAESA TRANSPORTES,HELIO APARECIDO BRAGA 06885710857 - ME,TRANSPORTE,Itatiba,,SOLICITAÇÃO DE INFORMAÇÃO,FISCALIZAÇÃO,2026-02-06,-6.0,NO PRAZO,-6.0,FRETAMENTO,OK
2026012314393819,,2026-01-23,10,2026-02-02,METROPOLITANO,,,,,,,,SOLICITAÇÃO DE INFORMAÇÃO,SUCOL ATENDIMENTO,2026-01-23,-10.0,NO PRAZO,-10.0,SUTID,OK
2026012310284293,134.00000755/2026-91,2026-01-23,10,2026-02-02,METROPOLITANO,,,,,,,,,FISCALIZAÇÃO,2026-01-30,-3.0,NO PRAZO,-3.0,RTO,OK
2026012112134135,134.00003388/2026-87,2026-01-23,20,2026-02-12,METROPOLITANO,,,,,,Botucatu,Piracicaba,MUDANÇA DE TABELA DE HORÁRIO,PLANEJAMENTO,2026-02-20,8.0,ATRASADO,8.0,TC1 - CAMPINAS,OK
2026012318222026,134.00003380/2026-11,2026-01-23,20,2026-02-12,METROPOLITANO,FRETAMENTO,56.927.163/0003-30,DANUBIO AZUL,VIAÇÃO DANUBIO AZUL LTDA,,Barretos,Colina,COBRANÇA DE PASSAGEM,PLANEJAMENTO,2026-02-02,-10.0,NO PRAZO,-10.0,TC4 - ARARAQUARA,OK
2026012315320625,134.00002369/2026-33,2026-01-23,20,2026-02-12,METROPOLITANO,REGULAR,20.336.241/0001-13,BUS +,CONSORCIO BUS +,BUS +,Sumaré,Campinas,SUPERLOTAÇÃO DE ÔNIBUS,FISCALIZAÇÃO,2026-02-02,-10.0,NO PRAZO,-10.0,CAMPINAS,OK
2026012312420968,134.00001689/2026-76,2026-01-23,20,2026-02-12,METROPOLITANO,,,,,,Santa Bárbara d'Oeste,,APREENSÃO DE VEÍCULOS,FISCALIZAÇÃO,2026-02-02,-10.0,NO PRAZO,-10.0,LIBERAÇÃO,OK
2026012315252692,134.00003389/2026-21,2026-01-23,20,2026-02-12,METROPOLITANO,REGULAR,08.390.180/0001-77,INTERVIAS,CONSÓRCIO INTERVIAS,INTERVIAS,Itapecerica da Serra,São Paulo,MÁ CONDUTA DO MOTORISTA,FISCALIZAÇÃO,2026-02-23,11.0,ATRASADO,11.0,SÃO PAULO,OK
2026012321102636,134.00003427/2026-46,2026-01-26,20,2026-02-15,METROPOLITANO,FRETAMENTO,75.156.265/0001-82,TRANSPEN,TRANSPEN-TRANSPORTE COLETIVO E ENCOMENDAS LTDA,,Sorocaba,Ilha Comprida,GRATUIDADE DE IDOSOS,PLANEJAMENTO,2026-02-05,-10.0,NO PRAZO,-10.0,TC2 - SOROCABA,OK
2026012413150980,134.00003473/2026-45,2026-01-26,20,2026-02-15,METROPOLITANO,,,,,,Piracicaba,Botucatu,MUDANÇA DE TABELA DE HORÁRIO,PLANEJAMENTO,2026-02-05,-10.0,NO PRAZO,-10.0,TC1 - CAMPINAS,OK
2026012419231256,,2026-01-26,10,2026-02-05,METROPOLITANO,,,,,,Bragança Paulista,,GRATUIDADE DE IDOSOS,SUCOL ATENDIMENTO,2026-01-26,-10.0,NO PRAZO,-10.0,,OK
2026011208112773,134.00003475/2026-34,2026-01-26,10,2026-02-05,METROPOLITANO,REGULAR,08.351.253/0001-11,INTERNORTE,CONSÓRCIO INTERNORTE DE TRANSPORTES,INTERNORTE,Guarulhos,São Paulo,MUDANÇA DE ITINERÁRIO,PLANEJAMENTO,2026-02-03,-2.0,NO PRAZO,-2.0,METROPOLITANO,OK
2026012418450771,134.00003480/2026-47,2026-01-26,10,2026-02-05,METROPOLITANO,,,,,,São Paulo,Mongaguá,SUGESTÃO,PLANEJAMENTO,2026-01-30,-6.0,NO PRAZO,-6.0,TC5 - SÃO PAULO,OK
2026012421424424,134.00003481/2026-91,2026-01-26,20,2026-02-15,METROPOLITANO,FRETAMENTO,13.835.628/0001-59,RAPIDO D'OESTE,RAPIDO BRASIL LOCADORA LTDA - ME,RAPIDO BRASIL,Ribeirão Preto,Santa Rosa de Viterbo,MUDANÇA DE TABELA DE HORÁRIO,PLANEJAMENTO,2026-02-05,-10.0,NO PRAZO,-10.0,TC1 - CAMPINAS,OK
2026012313024492,134.00003511/2026-60,2026-01-26,10,2026-02-05,METROPOLITANO,REGULAR,61.563.557/0001-25,PASSARO MARRON,EMPRESA DE ÔNIBUS PASSARO MARRON S/A,PASSARO MARRON,São Paulo,São José dos Campos,PRESTAÇÃO DE SERVIÇO DA EMPRESA,PLANEJAMENTO,2026-01-27,-9.0,NO PRAZO,-9.0,TC5 - SÃO PAULO,OK
2026012414382618,134.00003515/2026-48,2026-01-26,10,2026-02-05,METROPOLITANO,REGULAR,08.390.180/0001-77,INTERVIAS,CONSÓRCIO INTERVIAS,INTERVIAS,Itapecerica da Serra,São Paulo,MUDANÇA DE ITINERÁRIO,PLANEJAMENTO,2026-01-29,-7.0,NO PRAZO,-7.0,METROPOLITANO,OK
2026012316480359,134.00003612/2026-31,2026-01-26,20,2026-02-15,METROPOLITANO,FRETAMENTO,58.565.771/0001-06,LIRABUS,VIAÇÃO LIRA LTDA,LIRABUSS,Piracicaba,Limeira,MÁ CONDIÇÃO DE VEÍCULO,FISCALIZAÇÃO,2026-02-20,5.0,ATRASADO,5.0,TC1 - CAMPINAS,OK
2026012319371446,134.00000755/2026-91,2026-01-26,10,2026-02-05,METROPOLITANO,,,,,,,,,FISCALIZAÇÃO,2026-01-30,-6.0,NO PRAZO,-6.0,RTO,OK
2026010619495883,134.00003613/2026-85,2026-01-26,10,2026-02-05,METROPOLITANO,REGULAR,08.419.802/0001-42,ANHANGUERA,CONSÓRCIO ANHANGUERA,ANHANGUERA,Osasco,,MÁ CONDUTA DO MOTORISTA,FISCALIZAÇÃO,2026-01-28,-8.0,NO PRAZO,-8.0,SÃO PAULO,OK
2026012717473534,134.00001514/2026-69,2026-01-27,10,2026-02-06,METROPOLITANO,FRETAMENTO,61.084.018/0001-03,VIAÇÃO COMETA,VIAÇÃO COMETA S/A,COMETA,São Paulo,São Vicente,ADIANTAMENTO/ATRASO DE VEÍCULO,FISCALIZAÇÃO,2026-01-28,-9.0,NO PRAZO,-9.0,INTERMUNICIPAL,OK
2026012717224681,134.00003849/2026-11,2026-01-27,10,2026-02-06,METROPOLITANO,FRETAMENTO,44.341.190/0001-86,VIAÇÃO FENIX,MHS TRANSPORTE E TURISMO LTDA - ME,FENIX,Itatiba,Jundiaí,NÃO PARADA DO VEÍCULO NO PONTO,FISCALIZAÇÃO,2026-02-05,-1.0,NO PRAZO,-1.0,INTERMUNICIPAL,OK
2026012709144815,134.00003715/2026-09,2026-01-27,20,2026-02-16,METROPOLITANO,FRETAMENTO,14.876.241/0001-03,PRINCESA DOS CAMPOS,VIACAO CAMPOS VERDES LTDA - ME,CAMPOS VERDES,Registro,Cajati,SUPERLOTAÇÃO DE ÔNIBUS,FISCALIZAÇÃO,2026-02-18,2.0,ATRASADO,2.0,INTERMUNICIPAL,OK
2026012718182656,134.00003850/2026-46,2026-01-27,20,2026-02-16,METROPOLITANO,REGULAR,45.992.724/0001-05,RAPIDO CAMPINAS,RAPIDO LUXO CAMPINAS LTDA,RAPIDO CAMPINAS,Alumínio,São Roque,SUPERLOTAÇÃO DE ÔNIBUS,FISCALIZAÇÃO,2026-02-10,-6.0,NO PRAZO,-6.0,CAMPINAS,OK
2026012716214970,134.00003848/2026-77,2026-01-27,10,2026-02-06,METROPOLITANO,REGULAR,20.336.241/0001-13,BUS +,CONSORCIO BUS +,BUS +,Americana,Santa Bárbara d'Oeste,SUPERLOTAÇÃO DE ÔNIBUS,FISCALIZAÇÃO,2026-02-04,-2.0,NO PRAZO,-2.0,CAMPINAS,OK
2026012707393919,134.00003684/2026-88,2026-01-27,10,2026-02-06,METROPOLITANO,REGULAR,61.563.557/0001-25,PASSARO MARRON,EMPRESA DE ÔNIBUS PASSARO MARRON S/A,PASSARO MARRON,Ubatuba,,MUDANÇA DE TABELA DE HORÁRIO,PLANEJAMENTO,2026-02-03,-3.0,NO PRAZO,-3.0,METROPOLITANO,OK
2026012621294686,134.00003645/2026-81,2026-01-27,10,2026-02-06,METROPOLITANO,REGULAR,08.325.415/0001-47,UNILESTE,CONSÓRCIO UNILESTE,UNILESTE,Arujá,São Paulo,MUDANÇA DE TABELA DE HORÁRIO,PLANEJAMENTO,2026-02-03,-3.0,NO PRAZO,-3.0,METROPOLITANO,OK
2026012711532880,134.00003868/2026-48,2026-01-27,10,2026-02-06,METROPOLITANO,REGULAR,08.351.253/0001-11,INTERNORTE,CONSÓRCIO INTERNORTE DE TRANSPORTES,INTERNORTE,Arujá,Itaquaquecetuba,MUDANÇA DE ITINERÁRIO,PLANEJAMENTO,2026-02-06,0.0,NO PRAZO,0.0,METROPOLITANO,OK
2026012709233252,134.00003871/2026-61,2026-01-27,20,2026-02-16,METROPOLITANO,,,,,,Barueri,,MÁ CONDUTA DO MOTORISTA,FISCALIZAÇÃO,2026-02-23,7.0,ATRASADO,7.0,SÃO PAULO,OK
2026012721073955,134.00003935/2026-24,2026-01-28,20,2026-02-17,METROPOLITANO,REGULAR,45.992.724/0001-05,RAPIDO CAMPINAS,RAPIDO LUXO CAMPINAS LTDA,RAPIDO CAMPINAS,Cabreúva,,ACESSIBILIDADE,PLANEJAMENTO,2026-02-12,-5.0,NO PRAZO,-5.0,TC1 - CAMPINAS,OK
2026012800081315,,2026-01-28,10,2026-02-07,METROPOLITANO,,,,,,,,SOLICITAÇÃO DE INFORMAÇÃO,SUCOL ATENDIMENTO,2026-01-28,-10.0,NO PRAZO,-10.0,,OK
2026012720011415,134.00000755/2026-91,2026-01-28,10,2026-02-07,METROPOLITANO,,,,,,,,,FISCALIZAÇÃO,2026-01-30,-8.0,NO PRAZO,-8.0,RTO,OK
2026012710412472,134.00004069/2026-99,2026-01-28,10,2026-02-07,METROPOLITANO,FRETAMENTO,47.939.199/0001-81,R.Q. TRANSPORTES,HELIO APARECIDO BRAGA 06885710857 - ME,TRANSPORTE,,,SOLICITAÇÃO FRETAMENTO,FISCALIZAÇÃO,2026-02-06,-1.0,NO PRAZO,-1.0,FRETAMENTO,OK
2026012712483823,134.00004328/2026-81,2026-01-28,10,2026-02-07,METROPOLITANO,REGULAR,08.351.253/0001-11,INTERNORTE,CONSÓRCIO INTERNORTE DE TRANSPORTES,INTERNORTE,Arujá,São Paulo,MUDANÇA DE TABELA DE HORÁRIO,PLANEJAMENTO,2026-02-06,-1.0,NO PRAZO,-1.0,METROPOLITANO,OK
2026012617245825,134.00004067/2026-08,2026-01-28,20,2026-02-17,METROPOLITANO,FRETAMENTO,61.084.018/0001-03,VIAÇÃO COMETA,VIAÇÃO COMETA S/A,COMETA,Franca,São Paulo,GRATUIDADE DE IDOSOS,PLANEJAMENTO,2026-03-06,17.0,ATRASADO,17.0,TC1 - CAMPINAS,OK
2026012715373920,134.00004065/2026-19 ,2026-01-28,25,2026-02-22,METROPOLITANO,,,,,,Sumaré,,TRANSPORTE CLANDESTINO,FISCALIZAÇÃO,2026-02-18,-4.0,NO PRAZO,-4.0,CAMPINAS,OK
2026012811031550,134.00000755/2026-91,2026-01-28,10,2026-02-07,METROPOLITANO,,,,,,,,,FISCALIZAÇÃO,2026-01-30,-8.0,NO PRAZO,-8.0,RTO,OK
2026012720042932,134.00004072/2026-11,2026-01-28,10,2026-02-07,METROPOLITANO,REGULAR,20.336.241/0001-13,BUS +,CONSORCIO BUS +,BUS +,Monte Mor,Campinas,,FISCALIZAÇÃO,2026-02-06,-1.0,NO PRAZO,-1.0,CAMPINAS,OK
2026012908522789,134.00004193/2026-54,2026-01-29,10,2026-02-08,METROPOLITANO,REGULAR,45.992.724/0001-05,RAPIDO CAMPINAS,RAPIDO LUXO CAMPINAS LTDA,RAPIDO CAMPINAS,Várzea Paulista,Jundiaí,ADIANTAMENTO/ATRASO DE VEÍCULO,FISCALIZAÇÃO,2026-02-05,-3.0,NO PRAZO,-3.0,INTERMUNICIPAL,OK
2026012709165267,134.00004280/2026-10,2026-01-29,20,2026-02-18,METROPOLITANO,FRETAMENTO,61.084.018/0001-03,VIAÇÃO COMETA,VIAÇÃO COMETA S/A,COMETA,São Vicente,São Paulo,ADIANTAMENTO/ATRASO DE VEÍCULO,FISCALIZAÇÃO,2026-02-11,-7.0,NO PRAZO,-7.0,INTERMUNICIPAL,OK
2026012913222119,134.00001655/2026-81,2026-01-29,20,2026-02-18,METROPOLITANO,,,,,,Penápolis,Barbosa,MUDANÇA DE TABELA DE HORÁRIO,PLANEJAMENTO,2026-01-22,-27.0,NO PRAZO,-27.0,TC3 - BAURU,OK
2026012808571111,134.00004162/2026-01,2026-01-29,20,2026-02-18,METROPOLITANO,REGULAR,08.351.253/0001-11,INTERNORTE,CONSÓRCIO INTERNORTE DE TRANSPORTES,INTERNORTE,Guarulhos,São Paulo,SUPERLOTAÇÃO DE ÔNIBUS,FISCALIZAÇÃO,2026-02-23,5.0,ATRASADO,5.0,SÃO PAULO,OK
2026012620190886,134.00004276/2026-43,2026-01-29,10,2026-02-08,METROPOLITANO,REGULAR,45.992.724/0001-05,RAPIDO CAMPINAS,RAPIDO LUXO CAMPINAS LTDA,RAPIDO CAMPINAS,Sorocaba,,MÁ CONDIÇÃO DE VEÍCULO,FISCALIZAÇÃO,2026-02-05,-3.0,NO PRAZO,-3.0,SOROCABA,OK
2026012911413880,134.00004185/2026-16,2026-01-29,10,2026-02-08,METROPOLITANO,REGULAR,08.351.253/0001-11,INTERNORTE,CONSÓRCIO INTERNORTE DE TRANSPORTES,INTERNORTE,Guarulhos,São Paulo,MUDANÇA DE TABELA DE HORÁRIO,PLANEJAMENTO,2026-02-02,-6.0,NO PRAZO,-6.0,METROPOLITANO,OK
2026012911480858,134.00004181/2026-20,2026-01-29,10,2026-02-08,METROPOLITANO,REGULAR,08.351.253/0001-11,INTERNORTE,CONSÓRCIO INTERNORTE DE TRANSPORTES,INTERNORTE,Guarulhos,São Paulo,MUDANÇA DE TABELA DE HORÁRIO,PLANEJAMENTO,2026-02-02,-6.0,NO PRAZO,-6.0,METROPOLITANO,OK
2026012815595140,134.00004281/2026-56,2026-01-29,20,2026-02-18,METROPOLITANO,REGULAR,08.351.253/0001-11,INTERNORTE,CONSÓRCIO INTERNORTE DE TRANSPORTES,INTERNORTE,Vinhedo,Campinas,ADIANTAMENTO/ATRASO DE VEÍCULO,FISCALIZAÇÃO,2026-02-10,-8.0,NO PRAZO,-8.0,CAMPINAS,OK
2026012809164685,134.00004177/2026-61,2026-01-29,10,2026-02-08,METROPOLITANO,REGULAR,20.336.241/0001-13,BUS +,CONSORCIO BUS +,BUS +,Sumaré,Campinas,SUPERLOTAÇÃO DE ÔNIBUS,FISCALIZAÇÃO,2026-02-05,-3.0,NO PRAZO,-3.0,CAMPINAS,OK
2026012808310896,134.00004170/2026-40,2026-01-29,10,2026-02-08,METROPOLITANO,REGULAR,20.336.241/0001-13,BUS +,CONSORCIO BUS +,BUS +,Sumaré,Campinas,ADIANTAMENTO/ATRASO DE VEÍCULO,FISCALIZAÇÃO,2026-02-02,-6.0,NO PRAZO,-6.0,CAMPINAS,OK
2026012806252896,134.00004166/2026-81,2026-01-29,20,2026-02-18,METROPOLITANO,REGULAR,20.336.241/0001-13,BUS +,CONSORCIO BUS +,BUS +,Sumaré,Campinas,MÁ CONDIÇÃO DE VEÍCULO,FISCALIZAÇÃO,2026-02-10,-8.0,NO PRAZO,-8.0,CAMPINAS,OK
2026011515174423,134.00004153/2026-11,2026-01-29,20,2026-02-18,METROPOLITANO,REGULAR,20.336.241/0001-13,BUS +,CONSORCIO BUS +,BUS +,Paulínia,Campinas,ADIANTAMENTO/ATRASO DE VEÍCULO,FISCALIZAÇÃO,2026-02-10,-8.0,NO PRAZO,-8.0,CAMPINAS,OK
2026012820373894,134.00004354/2026-18,2026-01-29,25,2026-02-23,METROPOLITANO,,,,,,Hortolândia,,TRANSPORTE CLANDESTINO,FISCALIZAÇÃO,2026-02-19,-4.0,NO PRAZO,-4.0,CAMPINAS,OK
2026012820544220,134.00004354/2026-18,2026-01-29,25,2026-02-23,METROPOLITANO,,,,,,Hortolândia,,TRANSPORTE CLANDESTINO,FISCALIZAÇÃO,2026-02-19,-4.0,NO PRAZO,-4.0,CAMPINAS,OK
2026010923054595,134.00004359/2026-32,2026-01-29,10,2026-02-08,METROPOLITANO,REGULAR,20.336.241/0001-13,BUS +,CONSORCIO BUS +,BUS +,Sumaré,Hortolândia,ADIANTAMENTO/ATRASO DE VEÍCULO,FISCALIZAÇÃO,2026-02-06,-2.0,NO PRAZO,-2.0,CAMPINAS,OK
2026010919201140,134.00004363/2026-09,2026-01-30,20,2026-02-19,METROPOLITANO,FRETAMENTO,44.341.190/0001-86,VIAÇÃO FENIX,MHS TRANSPORTE E TURISMO LTDA - ME,FENIX,Itatiba,Jundiaí,REEMBOLSO DE PASSAGEM ,PLANEJAMENTO,2026-03-13,22.0,ATRASADO,22.0,TC1 - CAMPINAS,OK
2026013008083824,134.00004563/2026-53,2026-01-30,10,2026-02-09,METROPOLITANO,FRETAMENTO,44.341.190/0001-86,VIAÇÃO FENIX,MHS TRANSPORTE E TURISMO LTDA - ME,FENIX,Itatiba,Jundiaí,ADIANTAMENTO/ATRASO DE VEÍCULO,FISCALIZAÇÃO,2026-02-05,-4.0,NO PRAZO,-4.0,INTERMUNICIPAL,OK
2026013015415213,134.00004564/2026-06,2026-01-30,10,2026-02-09,METROPOLITANO,FRETAMENTO,,PRUMO ENGENHARIA,,,,,APREENSÃO DE VEÍCULOS,FISCALIZAÇÃO,2026-02-06,-3.0,NO PRAZO,-3.0,LIBERAÇÃO,OK
2026012920335134,134.00004561/2026-64,2026-01-30,10,2026-02-09,METROPOLITANO,REGULAR,50.479.476/0001-25,JACAREI,VIAÇÃO JACAREI LTDA,JACAREI,Jacareí,São José dos Campos,SUPERLOTAÇÃO DE ÔNIBUS,FISCALIZAÇÃO,2026-02-06,-3.0,NO PRAZO,-3.0,VALE DO PARAIBA,OK
2026012920044324,,2026-01-30,10,2026-02-09,METROPOLITANO,,,,,,,,ADIANTAMENTO/ATRASO DE VEÍCULO,SUCOL ATENDIMENTO,2026-02-02,-7.0,NO PRAZO,-7.0,RTO,OK
2026013007560962,134.00004562/2026-17,2026-01-30,10,2026-02-09,METROPOLITANO,REGULAR,08.351.253/0001-11,INTERNORTE,CONSÓRCIO INTERNORTE DE TRANSPORTES,INTERNORTE,Arujá,Guarulhos,MUDANÇA DE ITINERÁRIO,PLANEJAMENTO,2026-02-06,-3.0,NO PRAZO,-3.0,METROPOLITANO,OK
2026012918522595,134.00004560/2026-10,2026-01-30,10,2026-02-09,METROPOLITANO,REGULAR,08.351.253/0001-11,INTERNORTE,CONSÓRCIO INTERNORTE DE TRANSPORTES,INTERNORTE,Arujá,São Paulo,MUDANÇA DE TABELA DE HORÁRIO,PLANEJAMENTO,2026-02-06,-3.0,NO PRAZO,-3.0,METROPOLITANO,OK
2026012916221435,134.00004559/2026-95,2026-01-30,10,2026-02-09,METROPOLITANO,REGULAR,20.336.241/0001-13,BUS +,CONSORCIO BUS +,BUS +,Hortolândia,Campinas,MUDANÇA DE TABELA DE HORÁRIO,PLANEJAMENTO,2026-02-06,-3.0,NO PRAZO,-3.0,METROPOLITANO,OK
2026013009320915,134.00004614/2026-47,2026-02-02,25,2026-02-27,METROPOLITANO,,,,,,Barueri,Cajamar,TRANSPORTE CLANDESTINO,FISCALIZAÇÃO,2026-02-25,-2.0,NO PRAZO,-2.0,SÃO PAULO,OK
2026013020342127,134.00004646/2026-42,2026-02-02,10,2026-02-12,METROPOLITANO,FRETAMENTO,23.419.156/0001-07,PORTO DE REGISTRO,PORTO TRANSPORTES E TURISMO LTDA - ME,PORTO TURISMO,Cajati,Registro,MÁ CONDIÇÃO DE VEÍCULO,FISCALIZAÇÃO,2026-02-06,-6.0,NO PRAZO,-6.0,INSPEÇÃO,OK
2026012022073523,134.00004774/2026-96,2026-02-02,10,2026-02-12,METROPOLITANO,FRETAMENTO,54.360.623/0001-02,PIRACICABANA,VIAÇÃO PIRACICABANA S/A,PIRACICABANA,São Paulo,Cubatão,MÁ CONDIÇÃO DE VEÍCULO,PLANEJAMENTO,2026-02-09,-3.0,NO PRAZO,-3.0,INTERMUNICIPAL,OK
2026020208072235,134.00005133/2026-59,2026-02-02,10,2026-02-12,METROPOLITANO,FRETAMENTO,44.341.190/0001-86,VIAÇÃO FENIX,MHS TRANSPORTE E TURISMO LTDA - ME,FENIX,Itatiba,Jundiaí,ADIANTAMENTO/ATRASO DE VEÍCULO,FISCALIZAÇÃO,2026-02-05,,,,INTERMUNICIPAL,OK
2026013009520760,134.00004775/2026-31,2026-02-02,10,2026-02-12,METROPOLITANO,REGULAR,20.336.241/0001-13,BUS +,CONSORCIO BUS +,BUS +,Santa Bárbara d'Oeste,Americana,MUDANÇA DE TABELA DE HORÁRIO,PLANEJAMENTO,2026-02-19,7.0,ATRASADO,7.0,METROPOLITANO,OK
2026012911475052,134.00004776/2026-85,2026-02-02,20,2026-02-22,METROPOLITANO,,,,,,,,SOLICITAÇÃO DE INFORMAÇÃO,PLANEJAMENTO,2026-02-23,1.0,ATRASADO,1.0,INTERMUNICIPAL,OK
2026020113424134,134.00004781/2026-98,2026-02-02,10,2026-02-12,METROPOLITANO,REGULAR,20.336.241/0001-13,BUS +,CONSORCIO BUS +,BUS +,Vinhedo,Campinas,MÁ CONDIÇÃO DE VEÍCULO,FISCALIZAÇÃO,2026-02-18,6.0,ATRASADO,6.0,CAMPINAS,OK
2026020109553155,134.00004779/2026-19,2026-02-02,20,2026-02-22,METROPOLITANO,REGULAR,08.351.253/0001-11,INTERNORTE,CONSÓRCIO INTERNORTE DE TRANSPORTES,INTERNORTE,Guarulhos,São Paulo,ADIANTAMENTO/ATRASO DE VEÍCULO,FISCALIZAÇÃO,2026-02-23,1.0,ATRASADO,1.0,SÃO PAULO,OK
2026020109371392,134.00004779/2026-19,2026-02-02,20,2026-02-22,METROPOLITANO,REGULAR,08.351.253/0001-11,INTERNORTE,CONSÓRCIO INTERNORTE DE TRANSPORTES,INTERNORTE,Guarulhos,São Paulo,ADIANTAMENTO/ATRASO DE VEÍCULO,FISCALIZAÇÃO,2026-02-23,1.0,ATRASADO,1.0,SÃO PAULO,OK
2026020113160631,134.00004780/2026-43,2026-02-02,10,2026-02-12,METROPOLITANO,REGULAR,20.336.241/0001-13,BUS +,CONSORCIO BUS +,BUS +,Americana,Santa Bárbara d'Oeste,MUDANÇA DE TABELA DE HORÁRIO,PLANEJAMENTO,2026-02-18,6.0,ATRASADO,6.0,METROPOLITANO,OK
2026013115310818,134.00002116/2026-60,2026-02-02,10,2026-02-12,METROPOLITANO,REGULAR,08.390.180/0001-77,INTERVIAS,CONSÓRCIO INTERVIAS,INTERVIAS,Vargem Grande Paulista,São Paulo,MUDANÇA DE TABELA DE HORÁRIO,PLANEJAMENTO,2026-02-09,-3.0,NO PRAZO,-3.0,METROPOLITANO,OK
2026020306362883,134.00004923/2026-17,2026-02-03,10,2026-02-13,METROPOLITANO,FRETAMENTO,44.341.190/0001-86,VIAÇÃO FENIX,MHS TRANSPORTE E TURISMO LTDA - ME,FENIX,Itatiba,Jundiaí,ADIANTAMENTO/ATRASO DE VEÍCULO,FISCALIZAÇÃO,2026-02-10,-3.0,NO PRAZO,-3.0,INTERMUNICIPAL,OK
2026020218554389,134.00004920/2026-83,2026-02-03,10,2026-02-13,METROPOLITANO,FRETAMENTO,13.835.628/0001-59,RAPIDO D'OESTE,RAPIDO BRASIL LOCADORA LTDA - ME,RAPIDO BRASIL,Morro Agudo,Ribeirão Preto,MÁ CONDIÇÃO DE VEÍCULO,FISCALIZAÇÃO,2026-02-06,-7.0,NO PRAZO,-7.0,INSPEÇÃO,OK
2026020311125610,134.00005003/2026-16,2026-02-03,20,2026-02-23,METROPOLITANO,REGULAR,08.351.253/0001-11,INTERNORTE,CONSÓRCIO INTERNORTE DE TRANSPORTES,INTERNORTE,Guarulhos,São Paulo,SUPERLOTAÇÃO DE ÔNIBUS,FISCALIZAÇÃO,2026-02-23,0.0,NO PRAZO,0.0,SÃO PAULO,OK
2026020312165694,134.00004968/2026-91,2026-02-03,20,2026-02-23,METROPOLITANO,REGULAR,08.351.253/0001-11,INTERNORTE,CONSÓRCIO INTERNORTE DE TRANSPORTES,INTERNORTE,Guarulhos,São Paulo,ADIANTAMENTO/ATRASO DE VEÍCULO,FISCALIZAÇÃO,2026-02-23,0.0,NO PRAZO,0.0,SÃO PAULO,OK
2026020310145380,134.00004902/2026-00,2026-02-03,45,2026-03-20,METROPOLITANO,,,,,,Diadema,,TRANSPORTE CLANDESTINO,FISCALIZAÇÃO,2026-03-20,0.0,NO PRAZO,0.0,SÃO PAULO,OK
2026013014505393,134.00005052/2026-59,2026-02-03,10,2026-02-13,METROPOLITANO,FRETAMENTO,72.189.988/0001-90,VIAÇÃO SANTA ROSA,EMPRESA DE ONIBUS ROSA LTDA,ROSA,Bauru,Pederneiras,MÁ CONDUTA DO MOTORISTA,PLANEJAMENTO,2026-02-19,6.0,ATRASADO,6.0,TC3/FISCALIZAÇÃO,OK
2026020315144491,134.00005051/2026-12,2026-02-03,20,2026-02-23,METROPOLITANO,FRETAMENTO,10.983.783/0001-24,VIAÇÃO SANTA CRUZ,SANTA CLARA TRANSPORTES TURISMO E LOCADORA EIRELI ME,SANTA CLARA TRANSPORTES,Campinas,,ACESSIBILIDADE,PLANEJAMENTO,2026-03-09,14.0,ATRASADO,14.0,TC1 - CAMPINAS,OK
2026010521275746,,2026-02-03,10,2026-02-13,METROPOLITANO,,,,,,,,,SUCOL ATENDIMENTO,2026-02-03,-10.0,NO PRAZO,-10.0,RTO,OK
2026020314574847,134.00005050/2026-60 ,2026-02-03,20,2026-02-23,METROPOLITANO,,,,,,,,GRATUIDADE DE IDOSOS,PLANEJAMENTO,2026-03-09,14.0,ATRASADO,14.0,METROPOLITANO,OK
2026020310172488,134.00004980/2026-04,2026-02-03,20,2026-02-23,METROPOLITANO,FRETAMENTO,61.084.018/0001-03,VIAÇÃO COMETA,VIAÇÃO COMETA S/A,COMETA,Campinas,São Paulo,GRATUIDADE DE IDOSOS,PLANEJAMENTO,2026-03-13,18.0,ATRASADO,18.0,TC1 - CAMPINAS,OK
2026020310082513,134.00004951/2026-34,2026-02-03,10,2026-02-13,METROPOLITANO,REGULAR,08.351.253/0001-11,INTERNORTE,CONSÓRCIO INTERNORTE DE TRANSPORTES,INTERNORTE,Guarulhos,São Paulo,MUDANÇA DE ITINERÁRIO,PLANEJAMENTO,2026-02-06,-7.0,NO PRAZO,-7.0,METROPOLITANO,OK
2026020309592669,134.00004947/2026-76,2026-02-03,10,2026-02-13,METROPOLITANO,REGULAR,61.563.557/0001-25,PASSARO MARRON,EMPRESA DE ÔNIBUS PASSARO MARRON S/A,PASSARO MARRON,Lorena,São José dos Campos,MUDANÇA DE ITINERÁRIO,PLANEJAMENTO,2026-02-06,-7.0,NO PRAZO,-7.0,METROPOLITANO,OK
2026020308114345,134.00004929/2026-94 ,2026-02-03,20,2026-02-23,METROPOLITANO,REGULAR,40.181.203/0001-46,NEXTMOBILIDADE,ABC SISTEMA DE TRANSPORTE SPE S.A.,NEXTMOBILIDADE,Diadema,São Paulo,MUDANÇA DE TABELA DE HORÁRIO,FISCALIZAÇÃO,2026-03-09,14.0,ATRASADO,14.0,METROPOLITANO/SÃO PAULO,OK
2026020218035178,134.00004913/2026-81,2026-02-03,10,2026-02-13,METROPOLITANO,REGULAR,08.419.802/0001-42,ANHANGUERA,CONSÓRCIO ANHANGUERA,ANHANGUERA,Pirapora do Bom Jesus,Osasco,MUDANÇA DE ITINERÁRIO,PLANEJAMENTO,2026-02-06,-7.0,NO PRAZO,-7.0,METROPOLITANO,OK
2026020216531660,134.00004905/2026-35,2026-02-03,10,2026-02-13,METROPOLITANO,REGULAR,20.336.241/0001-13,BUS +,CONSORCIO BUS +,BUS +,Americana,,MUDANÇA DE TABELA DE HORÁRIO,PLANEJAMENTO,2026-02-18,5.0,ATRASADO,5.0,METROPOLITANO,OK
2026020211475091,134.00004900/2026-11,2026-02-03,10,2026-02-13,METROPOLITANO,REGULAR,08.390.180/0001-77,INTERVIAS,CONSÓRCIO INTERVIAS,INTERVIAS,Embu-Guaçu,Itapecerica da Serra,MUDANÇA DE TABELA DE HORÁRIO,PLANEJAMENTO,2026-02-06,-7.0,NO PRAZO,-7.0,METROPOLITANO,OK
2026020308573693,134.00005135/2026-48,2026-02-03,45,2026-03-20,METROPOLITANO,REGULAR,08.390.180/0001-77,INTERVIAS,CONSÓRCIO INTERVIAS,INTERVIAS,Cotia,São Paulo,TRANSPORTE CLANDESTINO,FISCALIZAÇÃO,2026-03-20,0.0,NO PRAZO,0.0,SÃO PAULO,OK
2026020219043964,134.00005136/2026-92,2026-02-03,20,2026-02-23,METROPOLITANO,FRETAMENTO,67.356.568/0001-10,GUERINO SEISCENTOS,GUERINI PLANEJAMENTOS LTDA,GUERINI PLANEJAMENTOS LTD,Adamantina,Santos,GRATUIDADE DE IDOSOS,PLANEJAMENTO,2026-03-02,7.0,ATRASADO,7.0,TC3 - BAURU,OK
2026020311254755,134.00005138/2026-81,2026-02-03,10,2026-02-13,METROPOLITANO,FRETAMENTO,44.341.190/0001-86,VIAÇÃO FENIX,MHS TRANSPORTE E TURISMO LTDA - ME,FENIX,Itatiba,Jundiaí,ADIANTAMENTO/ATRASO DE VEÍCULO,FISCALIZAÇÃO,2026-02-05,-8.0,NO PRAZO,-8.0,INTERMUNICIPAL,OK
2026020311380550,134.00005140/2026-51,2026-02-03,10,2026-02-13,METROPOLITANO,REGULAR,08.351.253/0001-11,INTERNORTE,CONSÓRCIO INTERNORTE DE TRANSPORTES,INTERNORTE,Guarulhos,São Paulo,MUDANÇA DE TABELA DE HORÁRIO,PLANEJAMENTO,2026-02-19,6.0,ATRASADO,6.0,METROPOLITANO,OK
2026012117233273,134.00005170/2026-67,2026-02-04,20,2026-02-24,METROPOLITANO,REGULAR,45.992.724/0001-05,RAPIDO CAMPINAS,RAPIDO LUXO CAMPINAS LTDA,RAPIDO CAMPINAS,Vinhedo,,PRESTAÇÃO DE SERVIÇO DA EMPRESA,PLANEJAMENTO,2026-03-02,6.0,ATRASADO,6.0,METROPOLITANO,OK
2026020321563942,134.00005177/2026-89,2026-02-04,10,2026-02-14,METROPOLITANO,REGULAR,45.992.724/0001-05,RAPIDO CAMPINAS,RAPIDO LUXO CAMPINAS LTDA,RAPIDO CAMPINAS,Mairinque,São Roque,ADIANTAMENTO/ATRASO DE VEÍCULO,FISCALIZAÇÃO,2026-02-19,5.0,ATRASADO,5.0,CAMPINAS,OK
2026020406013260,134.00005182/2026-91,2026-02-04,20,2026-02-24,METROPOLITANO,REGULAR,08.351.253/0001-11,INTERNORTE,CONSÓRCIO INTERNORTE DE TRANSPORTES,INTERNORTE,Guarulhos,São Paulo,SUPERLOTAÇÃO DE ÔNIBUS,FISCALIZAÇÃO,2026-02-23,-1.0,NO PRAZO,-1.0,SÃO PAULO,OK
2026020407580739,134.00005188/2026-69,2026-02-04,20,2026-02-24,METROPOLITANO,REGULAR,45.992.724/0001-05,RAPIDO CAMPINAS,RAPIDO LUXO CAMPINAS LTDA,RAPIDO CAMPINAS,Tatuí,Sorocaba,COBRANÇA DE PASSAGEM,FISCALIZAÇÃO,2026-02-20,-4.0,NO PRAZO,-4.0,INTERMUNICIPAL,OK
2026020409122311,134.00005138/2026-81,2026-02-04,10,2026-02-14,METROPOLITANO,FRETAMENTO,44.341.190/0001-86,VIAÇÃO FENIX,MHS TRANSPORTE E TURISMO LTDA - ME,FENIX,Itatiba,Jundiaí,ADIANTAMENTO/ATRASO DE VEÍCULO,FISCALIZAÇÃO,2026-02-05,-9.0,NO PRAZO,-9.0,INTERMUNICIPAL,OK
2026012610403285,134.00005295/2026-97 ,2026-02-04,10,2026-02-14,METROPOLITANO,REGULAR,20.336.241/0001-13,BUS +,CONSORCIO BUS +,BUS +,Sumaré,Campinas,ADIANTAMENTO/ATRASO DE VEÍCULO,FISCALIZAÇÃO,2026-02-18,4.0,ATRASADO,4.0,CAMPINAS,OK
2026012316160233,134.00005297/2026-86 ,2026-02-04,10,2026-02-14,METROPOLITANO,REGULAR,20.336.241/0001-13,BUS +,CONSORCIO BUS +,BUS +,Sumaré,Campinas,ADIANTAMENTO/ATRASO DE VEÍCULO,FISCALIZAÇÃO,2026-02-18,4.0,ATRASADO,4.0,CAMPINAS,OK
2026012213581084,134.00005298/2026-21,2026-02-04,10,2026-02-14,METROPOLITANO,REGULAR,20.336.241/0001-13,BUS +,CONSORCIO BUS +,BUS +,Sumaré,Campinas,ADIANTAMENTO/ATRASO DE VEÍCULO,FISCALIZAÇÃO,2026-02-18,4.0,ATRASADO,4.0,CAMPINAS,OK
2026012108124596,134.00005299/2026-75,2026-02-04,10,2026-02-14,METROPOLITANO,REGULAR,20.336.241/0001-13,BUS +,CONSORCIO BUS +,BUS +,Sumaré,Campinas,ADIANTAMENTO/ATRASO DE VEÍCULO,FISCALIZAÇÃO,2026-02-18,4.0,ATRASADO,4.0,CAMPINAS,OK
2026020211375295,134.00005293/2026-06,2026-02-04,10,2026-02-14,METROPOLITANO,REGULAR,08.390.180/0001-77,INTERVIAS,CONSÓRCIO INTERVIAS,INTERVIAS,Embu-Guaçu,Itapecerica da Serra,MUDANÇA DE TABELA DE HORÁRIO,PLANEJAMENTO,2026-02-18,4.0,ATRASADO,4.0,METROPOLITANO,OK
2026013018323124,134.00005292/2026-53,2026-02-04,10,2026-02-14,METROPOLITANO,REGULAR,08.419.802/0001-42,ANHANGUERA,CONSÓRCIO ANHANGUERA,ANHANGUERA,Osasco,,MUDANÇA DE TABELA DE HORÁRIO,PLANEJAMENTO,2026-02-18,4.0,ATRASADO,4.0,METROPOLITANO,OK
2026020406260125,134.00005291/2026-17,2026-02-04,10,2026-02-14,METROPOLITANO,REGULAR,08.390.180/0001-77,INTERVIAS,CONSÓRCIO INTERVIAS,INTERVIAS,Cotia,São Paulo,MUDANÇA DE TABELA DE HORÁRIO,PLANEJAMENTO,2026-02-18,4.0,ATRASADO,4.0,METROPOLITANO,OK
2026012919005113,134.00005290/2026-64,2026-02-04,10,2026-02-14,METROPOLITANO,REGULAR,20.336.241/0001-13,BUS +,CONSORCIO BUS +,BUS +,Sumaré,Campinas,MUDANÇA DE TABELA DE HORÁRIO,PLANEJAMENTO,2026-02-12,-2.0,NO PRAZO,-2.0,METROPOLITANO,OK
2026020408385146,134.00005300/2026-61,2026-02-04,10,2026-02-14,METROPOLITANO,REGULAR,45.992.724/0001-05,RAPIDO CAMPINAS,RAPIDO LUXO CAMPINAS LTDA,RAPIDO CAMPINAS,Itupeva,Campinas,SUPERLOTAÇÃO DE ÔNIBUS,FISCALIZAÇÃO,2026-02-18,4.0,ATRASADO,4.0,INTERMUNICIPAL,OK
2026020409070280,134.00005303/2026-03,2026-02-04,20,2026-02-24,METROPOLITANO,REGULAR,08.325.415/0001-47,UNILESTE,CONSÓRCIO UNILESTE,UNILESTE,Suzano,Mogi das Cruzes,ADIANTAMENTO/ATRASO DE VEÍCULO,FISCALIZAÇÃO,2026-02-23,-1.0,NO PRAZO,-1.0,SÃO PAULO,OK
2026020216065396,134.00005304/2026-40,2026-02-04,10,2026-02-14,METROPOLITANO,,,,,,,,SOLICITAÇÃO FRETAMENTO,FISCALIZAÇÃO,2026-02-18,4.0,ATRASADO,4.0,FRETAMENTO,OK
2026020410441992,134.00005289/2026-30,2026-02-04,20,2026-02-24,METROPOLITANO,REGULAR,08.351.253/0001-11,INTERNORTE,CONSÓRCIO INTERNORTE DE TRANSPORTES,INTERNORTE,Guarulhos,São Paulo,PRESTAÇÃO DE SERVIÇO DA EMPRESA,PLANEJAMENTO,2026-03-10,14.0,ATRASADO,14.0,METROPOLITANO,OK
2026020118493514,134.00005305/2026-94,2026-02-04,10,2026-02-14,METROPOLITANO,REGULAR,45.992.724/0001-05,RAPIDO CAMPINAS,RAPIDO LUXO CAMPINAS LTDA,RAPIDO CAMPINAS,Tatuí,Sorocaba,MUDANÇA DE ITINERÁRIO,PLANEJAMENTO,2026-02-18,4.0,ATRASADO,4.0,METROPOLITANO,OK
2026020413525089,134.00005302/2026-51,2026-02-04,20,2026-02-24,METROPOLITANO,,,,,,Itapetininga,Campinas,SOLICITAÇÃO DE INFORMAÇÃO,PLANEJAMENTO,2026-02-23,-1.0,NO PRAZO,-1.0,INTERMUNICIPAL,OK
2026020417470694,134.00005301/2026-14,2026-02-04,20,2026-02-24,METROPOLITANO,FRETAMENTO,44.341.190/0001-86,VIAÇÃO FENIX,MHS TRANSPORTE E TURISMO LTDA - ME,FENIX,Jundiaí,Itatiba,ADIANTAMENTO/ATRASO DE VEÍCULO,FISCALIZAÇÃO,2026-02-20,-4.0,NO PRAZO,-4.0,INTERMUNICIPAL,OK
2026020515341922,134.00005539/2026-31,2026-02-05,10,2026-02-15,METROPOLITANO,FRETAMENTO,44.341.190/0001-86,VIAÇÃO FENIX,MHS TRANSPORTE E TURISMO LTDA - ME,FENIX,Itatiba,Jundiaí,ADIANTAMENTO/ATRASO DE VEÍCULO,FISCALIZAÇÃO,2026-02-06,-9.0,NO PRAZO,-9.0,INTERMUNICIPAL,OK
2026020419050885,134.00005538/2026-97,2026-02-05,10,2026-02-15,METROPOLITANO,FRETAMENTO,15.687.446/0001-03,GUIRRO TRANSPORTES,GUIRRO TRANSPORTES LTDA ME,GUIRRO TUR,Jambeiro,,MÁ CONDUTA DE FUNCIONÁRIOS,FISCALIZAÇÃO,2026-02-18,3.0,ATRASADO,3.0,INTERMUNICIPAL,OK
2026020516085089,134.00005537/2026-42,2026-02-05,10,2026-02-15,METROPOLITANO,FRETAMENTO,46.090.221/0001-07,CAPELLINI,TRANSPORTES CAPELLINI LTDA,TRANSPORTES CAPELLINI,Santa Bárbara d'Oeste,Americana,SUPERLOTAÇÃO DE ÔNIBUS,FISCALIZAÇÃO,2026-02-18,3.0,ATRASADO,3.0,CAMPINAS,OK
2026020509170134,134.00005537/2026-4,2026-02-05,20,2026-02-25,METROPOLITANO,REGULAR,45.992.724/0001-05,RAPIDO CAMPINAS,RAPIDO LUXO CAMPINAS LTDA,RAPIDO CAMPINAS,São Roque,Alumínio,SUPERLOTAÇÃO DE ÔNIBUS,FISCALIZAÇÃO,2026-02-25,0.0,NO PRAZO,0.0,CAMPINAS,OK
2026020407592854,134.00005454/2026-53,2026-02-05,20,2026-02-25,METROPOLITANO,REGULAR,20.336.241/0001-13,BUS +,CONSORCIO BUS +,BUS +,Sumaré,Hortolândia,SUPERLOTAÇÃO DE ÔNIBUS,FISCALIZAÇÃO,2026-02-25,0.0,NO PRAZO,0.0,CAMPINAS,OK
2026020508105221,134.00005467/2026-22,2026-02-05,20,2026-02-25,METROPOLITANO,REGULAR,08.351.253/0001-11,INTERNORTE,CONSÓRCIO INTERNORTE DE TRANSPORTES,INTERNORTE,Guarulhos,São Paulo,MÁ CONDIÇÃO DE VEÍCULO,FISCALIZAÇÃO,2026-02-20,-5.0,NO PRAZO,-5.0,INSPEÇÃO,OK
2026020420382181,,2026-02-05,10,2026-02-15,METROPOLITANO,REGULAR,08.351.253/0001-11,INTERNORTE,CONSÓRCIO INTERNORTE DE TRANSPORTES,INTERNORTE,Guarulhos,São Paulo,SUPERLOTAÇÃO DE ÔNIBUS,SUCOL ATENDIMENTO,2026-02-06,-9.0,NO PRAZO,-9.0,RTO,OK
2026020418335935,,2026-02-05,10,2026-02-15,METROPOLITANO,REGULAR,08.351.253/0001-11,INTERNORTE,CONSÓRCIO INTERNORTE DE TRANSPORTES,INTERNORTE,Santa Isabel,São Paulo,SUPERLOTAÇÃO DE ÔNIBUS,SUCOL ATENDIMENTO,2026-02-06,-9.0,NO PRAZO,-9.0,RTO,OK
2026020518114445,134.00005536/2026-06,2026-02-05,20,2026-02-25,METROPOLITANO,REGULAR,08.351.253/0001-11,INTERNORTE,CONSÓRCIO INTERNORTE DE TRANSPORTES,INTERNORTE,Guarulhos,São Paulo,ADIANTAMENTO/ATRASO DE VEÍCULO,FISCALIZAÇÃO,2026-02-23,-2.0,NO PRAZO,-2.0,SÃO PAULO,OK
2026020511290993,134.00005478/2026-11,2026-02-05,20,2026-02-25,METROPOLITANO,REGULAR,08.351.253/0001-11,INTERNORTE,CONSÓRCIO INTERNORTE DE TRANSPORTES,INTERNORTE,Guarulhos,São Paulo,ADIANTAMENTO/ATRASO DE VEÍCULO,FISCALIZAÇÃO,2026-02-23,-2.0,NO PRAZO,-2.0,SÃO PAULO,OK
2026020508255817,134.00005470/2026-46,2026-02-05,20,2026-02-25,METROPOLITANO,REGULAR,40.181.203/0001-46,NEXTMOBILIDADE,ABC SISTEMA DE TRANSPORTE SPE S.A.,NEXTMOBILIDADE,Santo André,São Bernardo do Campo,ADIANTAMENTO/ATRASO DE VEÍCULO,FISCALIZAÇÃO,2026-02-23,-2.0,NO PRAZO,-2.0,SÃO PAULO,OK
2026020411400490,134.00005461/2026-55 ,2026-02-05,10,2026-02-15,METROPOLITANO,REGULAR,45.176.864/0001-05,ABC TRANSPORTES,ABC - TRANSPORTES COLETIVOS VALE DO PARAIBA LTDA,ABC TRANSPORTES,Pindamonhangaba,Taubaté,MÁ CONDIÇÃO DE VEÍCULO,FISCALIZAÇÃO,2026-02-18,3.0,ATRASADO,3.0,VALE DO PARAIBA,OK
2026020205063498,134.00005534/2026-17,2026-02-05,10,2026-02-15,METROPOLITANO,FRETAMENTO,46.887.139/0001-08,EXPRESSO AMARELINHO,EXPRESSO AMARELINHO LTDA,EXPRESSO AMARELINHO LTDA,Votorantim,Sorocaba,PRESTAÇÃO DE SERVIÇO DA EMPRESA,PLANEJAMENTO,2026-02-11,-4.0,NO PRAZO,-4.0,METROPOLITANO,OK
2026020514331140,134.00005533/2026-64,2026-02-05,20,2026-02-25,METROPOLITANO,,,,,,Guarulhos,São Paulo,INCLUSÃO DE NOVAS LINHAS,PLANEJAMENTO,2026-02-13,-12.0,NO PRAZO,-12.0,METROPOLITANO,OK
2026020506193776,134.00005464/2026-99,2026-02-05,10,2026-02-15,METROPOLITANO,REGULAR,20.336.241/0001-13,BUS +,CONSORCIO BUS +,BUS +,Americana,Santa Bárbara d'Oeste,MUDANÇA DE TABELA DE HORÁRIO,PLANEJAMENTO,2026-02-18,3.0,ATRASADO,3.0,METROPOLITANO,OK
2026020121242314,134.00005457/2026-97,2026-02-05,10,2026-02-15,METROPOLITANO,,,,,,Osasco,São Paulo,INCLUSÃO DE NOVAS LINHAS,PLANEJAMENTO,2026-02-18,3.0,ATRASADO,3.0,METROPOLITANO,OK
2026020513425992,134.00005589/2026-19,2026-02-05,20,2026-02-25,METROPOLITANO,,,,,,Barbosa,Penápolis,PRESTAÇÃO DE SERVIÇO DA EMPRESA,PLANEJAMENTO,2026-02-13,-12.0,NO PRAZO,-12.0,INTERMUNICIPAL,OK
2026020512543025,134.00005599/2026-54,2026-02-05,20,2026-02-25,METROPOLITANO,REGULAR,08.351.253/0001-11,INTERNORTE,CONSÓRCIO INTERNORTE DE TRANSPORTES,INTERNORTE,Guarulhos,São Paulo,ADIANTAMENTO/ATRASO DE VEÍCULO,FISCALIZAÇÃO,2026-02-23,-2.0,NO PRAZO,-2.0,SÃO PAULO,OK
2026020512242722,134.00005608/2026-15,2026-02-05,20,2026-02-25,METROPOLITANO,FRETAMENTO,61.084.018/0001-03,VIAÇÃO COMETA,VIAÇÃO COMETA S/A,COMETA,São Paulo,Santos,REEMBOLSO DE PASSAGEM ,PLANEJAMENTO,2026-02-23,-2.0,NO PRAZO,-2.0,INTERMUNICIPAL,OK
2026020505465380,134.00005658/2026-94,2026-02-05,20,2026-02-25,METROPOLITANO,REGULAR,08.351.253/0001-11,INTERNORTE,CONSÓRCIO INTERNORTE DE TRANSPORTES,INTERNORTE,Guarulhos,São Paulo,SUPERLOTAÇÃO DE ÔNIBUS,FISCALIZAÇÃO,2026-02-23,-2.0,NO PRAZO,-2.0,SÃO PAULO,OK
2026020411265534,134.00005662/2026-52,2026-02-05,20,2026-02-25,METROPOLITANO,REGULAR,61.563.557/0001-25,PASSARO MARRON,EMPRESA DE ÔNIBUS PASSARO MARRON S/A,PASSARO MARRON,São José dos Campos,,ACESSIBILIDADE,PLANEJAMENTO,2026-03-09,12.0,ATRASADO,12.0,METROPOLITANO,OK
2026020509235963,134.00005701/2026-11,2026-02-06,10,2026-02-16,METROPOLITANO,FRETAMENTO,54.360.623/0001-02,PIRACICABANA,VIAÇÃO PIRACICABANA S/A,PIRACICABANA,Mogi das Cruzes,,ACESSIBILIDADE,PLANEJAMENTO,2026-02-19,3.0,ATRASADO,3.0,INTERMUNICIPAL,OK
2026020522120282,134.00005706/2026-44,2026-02-06,10,2026-02-16,METROPOLITANO,REGULAR,61.563.557/0001-25,PASSARO MARRON,EMPRESA DE ÔNIBUS PASSARO MARRON S/A,PASSARO MARRON,,,,PLANEJAMENTO,2026-02-18,2.0,ATRASADO,2.0,METROPOLITANO,OK
2026020209261545,134.00005939/2026-47,2026-02-06,20,2026-02-26,METROPOLITANO,REGULAR,08.390.180/0001-77,INTERVIAS,CONSÓRCIO INTERVIAS,INTERVIAS,Taboão da Serra,Osasco,MUDANÇA DE ITINERÁRIO,PLANEJAMENTO,2026-02-27,1.0,ATRASADO,1.0,METROPOLITANO,OK
2026020515382163,134.00005943/2026-13,2026-02-06,10,2026-02-16,METROPOLITANO,FRETAMENTO,46.917.472/0001-04,PEVETUR,PEVÊ-TUR TRANSPORTES E TURISMO LTDA,,Ubarana,José Bonifácio,ADIANTAMENTO/ATRASO DE VEÍCULO,FISCALIZAÇÃO,2026-02-20,4.0,ATRASADO,4.0,INTERMUNICIPAL,OK
2026020520563014,134.00005936/2026-11,2026-02-06,20,2026-02-26,METROPOLITANO,REGULAR,20.336.241/0001-13,BUS +,CONSORCIO BUS +,BUS +,Americana,Santa Bárbara d'Oeste,MUDANÇA DE TABELA DE HORÁRIO,PLANEJAMENTO,2026-02-13,-13.0,NO PRAZO,-13.0,METROPOLITANO,OK
2026020608122663,134.00005937/2026-58,2026-02-06,20,2026-02-26,METROPOLITANO,REGULAR,40.181.203/0001-46,NEXTMOBILIDADE,ABC SISTEMA DE TRANSPORTE SPE S.A.,NEXTMOBILIDADE,Santo André,São Paulo,MUDANÇA DE ITINERÁRIO,PLANEJAMENTO,2026-02-13,-13.0,NO PRAZO,-13.0,METROPOLITANO,OK
2026020414565636,134.00005938/2026-01,2026-02-06,20,2026-02-26,METROPOLITANO,REGULAR,08.419.802/0001-42,ANHANGUERA,CONSÓRCIO ANHANGUERA,ANHANGUERA,Santana de Parnaíba,São Paulo,MUDANÇA DE ITINERÁRIO,PLANEJAMENTO,2026-02-13,-13.0,NO PRAZO,-13.0,METROPOLITANO,OK
2026020608100177,134.00005940/2026-71,2026-02-06,10,2026-02-16,METROPOLITANO,FRETAMENTO,46.887.139/0001-08,EXPRESSO AMARELINHO,EXPRESSO AMARELINHO LTDA,EXPRESSO AMARELINHO LTDA,Piedade,Sorocaba,ADIANTAMENTO/ATRASO DE VEÍCULO,FISCALIZAÇÃO,2026-02-19,3.0,ATRASADO,3.0,SOROCABA,OK
2026020606011426,134.00005941/2026-16,2026-02-06,20,2026-02-26,METROPOLITANO,REGULAR,08.325.415/0001-47,UNILESTE,CONSÓRCIO UNILESTE,UNILESTE,Santa Isabel,Mogi das Cruzes,SUPERLOTAÇÃO DE ÔNIBUS,FISCALIZAÇÃO,2026-02-23,-3.0,NO PRAZO,-3.0,SÃO PAULO,OK
2026020607365738,134.00005942/2026-61,2026-02-06,10,2026-02-16,METROPOLITANO,REGULAR,08.351.253/0001-11,INTERNORTE,CONSÓRCIO INTERNORTE DE TRANSPORTES,INTERNORTE,Guarulhos,São Paulo,MÁ CONDIÇÃO DE VEÍCULO,FISCALIZAÇÃO,2026-02-11,-5.0,NO PRAZO,-5.0,INSPEÇÃO,OK
2026020417032881,134.00002369/2026-33,2026-02-06,20,2026-02-26,METROPOLITANO,REGULAR,20.336.241/0001-13,BUS +,CONSORCIO BUS +,BUS +,Sumaré,Campinas,SUPERLOTAÇÃO DE ÔNIBUS,FISCALIZAÇÃO,2026-02-25,-1.0,NO PRAZO,-1.0,CAMPINAS,OK
2026020614431953,134.00005944/2026-50,2026-02-06,20,2026-02-26,METROPOLITANO,FRETAMENTO,67.356.568/0001-10,GUERINO SEISCENTOS,GUERINI PLANEJAMENTOS LTDA,GUERINI PLANEJAMENTOS LTD,Marília,São Paulo,GRATUIDADE DE IDOSOS,PLANEJAMENTO,2026-03-06,8.0,ATRASADO,8.0,INTERMUNICIPAL,OK
2026020807503976,134.00005987/2026-35,2026-02-09,25,2026-03-06,METROPOLITANO,,,,,,São Paulo,,TRANSPORTE CLANDESTINO,FISCALIZAÇÃO,2026-02-10,-24.0,NO PRAZO,-24.0,INTERMUNICIPAL,OK
2026020910001543,134.00005990/2026-59,2026-02-09,20,2026-03-01,METROPOLITANO,REGULAR,45.992.724/0001-05,RAPIDO CAMPINAS,RAPIDO LUXO CAMPINAS LTDA,RAPIDO CAMPINAS,Cabreúva,Jundiaí,MÁ CONDIÇÃO DE VEÍCULO,PLANEJAMENTO,2026-03-11,10.0,ATRASADO,10.0,INSPEÇÃO/PLANEJAMENTO,OK
2026011517552649,134.00006046/2026-19,2026-02-09,20,2026-03-01,METROPOLITANO,REGULAR,08.390.180/0001-77,INTERVIAS,CONSÓRCIO INTERVIAS,INTERVIAS,Cotia,São Paulo,MÁ CONDUTA DO MOTORISTA,FISCALIZAÇÃO,2026-02-25,-4.0,NO PRAZO,-4.0,SÃO PAULO,OK
2026020418284484,134.00006050/2026-87,2026-02-09,20,2026-03-01,METROPOLITANO,REGULAR,08.390.180/0001-77,INTERVIAS,CONSÓRCIO INTERVIAS,INTERVIAS,Cotia,São Paulo,SUPERLOTAÇÃO DE ÔNIBUS,FISCALIZAÇÃO,2026-02-25,-4.0,NO PRAZO,-4.0,SÃO PAULO,OK
2026020619523191,134.00006091/2026-73,2026-02-09,20,2026-03-01,METROPOLITANO,REGULAR,08.351.253/0001-11,INTERNORTE,CONSÓRCIO INTERNORTE DE TRANSPORTES,INTERNORTE,Arujá,Guarulhos,ADIANTAMENTO/ATRASO DE VEÍCULO,FISCALIZAÇÃO,2026-02-25,-4.0,NO PRAZO,-4.0,SÃO PAULO,OK
2026020516541757,134.00006567/2026-76,2026-02-09,20,2026-03-01,METROPOLITANO,REGULAR,08.325.415/0001-47,UNILESTE,CONSÓRCIO UNILESTE,UNILESTE,Mogi das Cruzes,São Paulo,SOLICITAÇÃO DE INFORMAÇÃO,PLANEJAMENTO,2026-02-26,-3.0,NO PRAZO,-3.0,METROPOLITANO,OK
2026020220394439,134.00006568/2026-11,2026-02-09,20,2026-03-01,METROPOLITANO,REGULAR,40.181.203/0001-46,NEXTMOBILIDADE,ABC SISTEMA DE TRANSPORTE SPE S.A.,NEXTMOBILIDADE,,,MUDANÇA DE ITINERÁRIO,PLANEJAMENTO,2026-02-26,-3.0,NO PRAZO,-3.0,METROPOLITANO,OK
2026020901070653,134.00006190/2026-55,2026-02-09,10,2026-02-19,METROPOLITANO,FRETAMENTO,45.993.490/0001-02,PRINCESA DO NORTE,VIACAO PRINCESA D OESTE LTDA.,PRINCESA D OESTE,Piraju,Cerqueira César,COMPRA DE PASSAGEM,PLANEJAMENTO,2026-02-11,-8.0,NO PRAZO,-8.0,INTERMUNICIPAL,OK
2026020710575443,134.00006188/2026-86,2026-02-09,20,2026-03-01,METROPOLITANO,FRETAMENTO,75.156.265/0001-82,TRANSPEN,TRANSPEN-TRANSPORTE COLETIVO E ENCOMENDAS LTDA,,São Paulo,,GRATUIDADE DE IDOSOS,PLANEJAMENTO,2026-02-26,-3.0,NO PRAZO,-3.0,INTERMUNICIPAL,OK
2026020606285943,134.00006572/2026-89,2026-02-09,20,2026-03-01,METROPOLITANO,REGULAR,08.390.180/0001-77,INTERVIAS,CONSÓRCIO INTERVIAS,INTERVIAS,Itapecerica da Serra,São Paulo,ADIANTAMENTO/ATRASO DE VEÍCULO,FISCALIZAÇÃO,2026-02-25,-4.0,NO PRAZO,-4.0,SÃO PAULO,OK
2026020505473051,,2026-02-09,10,2026-02-19,METROPOLITANO,REGULAR,08.351.253/0001-11,INTERNORTE,CONSÓRCIO INTERNORTE DE TRANSPORTES,INTERNORTE,Guarulhos,São Paulo,SUPERLOTAÇÃO DE ÔNIBUS,SUCOL ATENDIMENTO,2026-02-11,-8.0,NO PRAZO,-8.0,RTO,OK
2026020910595982,134.00006193/2026-99,2026-02-09,25,2026-03-06,METROPOLITANO,,,,,,Monte Mor,Indaiatuba,TRANSPORTE CLANDESTINO,FISCALIZAÇÃO,2026-02-19,-15.0,NO PRAZO,-15.0,CAMPINAS,OK
2026020821012628,134.00006189/2026-21,2026-02-09,20,2026-03-01,METROPOLITANO,,,,,,,,SOLICITAÇÃO FRETAMENTO,FISCALIZAÇÃO,2026-02-23,-6.0,NO PRAZO,-6.0,FRETAMENTO,OK
2026021009400933,134.00006320/2026-50,2026-02-10,20,2026-03-02,METROPOLITANO,FRETAMENTO,60.896.248/0001-04,VALLESUL,VALLESUL TRANSPORTES E TURISMO LTDA,,Registro,Juquiá,SUPERLOTAÇÃO DE ÔNIBUS,FISCALIZAÇÃO,2026-02-27,-3.0,NO PRAZO,-3.0,INTERMUNICIPAL,OK
2026021009155526,134.00006317/2026-36,2026-02-10,20,2026-03-02,METROPOLITANO,FRETAMENTO,44.341.190/0001-86,VIAÇÃO FENIX,MHS TRANSPORTE E TURISMO LTDA - ME,FENIX,Itatiba,Jundiaí,ADIANTAMENTO/ATRASO DE VEÍCULO,FISCALIZAÇÃO,2026-02-23,-7.0,NO PRAZO,-7.0,INTERMUNICIPAL,OK
2026020918113121,134.00006310/2026-14,2026-02-10,10,2026-02-20,METROPOLITANO,REGULAR,46.014.122/0001-38,VB TRANSPORTES E TURISMO,VB TRANSPORTES E TURISMO LTDA,VB TRANSPORTES E TURISMO,São Paulo,Artur Nogueira,MÁ CONDIÇÃO DE VEÍCULO,FISCALIZAÇÃO,2026-02-18,-2.0,NO PRAZO,-2.0,INTERMUNICIPAL,OK
2026012806244150,134.00006295/2026-12,2026-02-10,10,2026-02-20,METROPOLITANO,REGULAR,20.336.241/0001-13,BUS +,CONSORCIO BUS +,BUS +,Sumaré,Campinas,MÁ CONDIÇÃO DE VEÍCULO,FISCALIZAÇÃO,2026-02-18,-2.0,NO PRAZO,-2.0,CAMPINAS,OK
2026012806234336,134.00006295/2026-12,2026-02-10,10,2026-02-20,METROPOLITANO,REGULAR,20.336.241/0001-13,BUS +,CONSORCIO BUS +,BUS +,Sumaré,Campinas,MÁ CONDIÇÃO DE VEÍCULO,FISCALIZAÇÃO,2026-02-18,-2.0,NO PRAZO,-2.0,CAMPINAS,OK
2026020909434589,134.00006306/2026-56,2026-02-10,20,2026-03-02,METROPOLITANO,REGULAR,40.181.203/0001-46,NEXTMOBILIDADE,ABC SISTEMA DE TRANSPORTE SPE S.A.,NEXTMOBILIDADE,São Bernardo do Campo,São Paulo,ADIANTAMENTO/ATRASO DE VEÍCULO,FISCALIZAÇÃO,2026-02-25,-5.0,NO PRAZO,-5.0,SÃO PAULO,OK
2026020912475282,134.00006302/2026-78,2026-02-10,20,2026-03-02,METROPOLITANO,REGULAR,08.351.253/0001-11,INTERNORTE,CONSÓRCIO INTERNORTE DE TRANSPORTES,INTERNORTE,Guarulhos,São Paulo,SUPERLOTAÇÃO DE ÔNIBUS,FISCALIZAÇÃO,2026-02-25,-5.0,NO PRAZO,-5.0,SÃO PAULO,OK
2026021010072291,134.00006322/2026-49,2026-02-10,20,2026-03-02,METROPOLITANO,,,,,,Sete Barras,Juquiá,MUDANÇA DE TABELA DE HORÁRIO,PLANEJAMENTO,2026-02-25,-5.0,NO PRAZO,-5.0,INTERMUNICIPAL,OK
2026020921220110,134.00006315/2026-47,2026-02-10,20,2026-03-02,METROPOLITANO,FRETAMENTO,05.160.935/0001-59,BREDA,BREDA TRANSPORTES E SERVIÇOS S/A,,Praia Grande,São Paulo,GRATUIDADE DE IDOSOS,PLANEJAMENTO,2026-03-09,7.0,ATRASADO,7.0,INTERMUNICIPAL,OK
2026021012313644,134.00006459/2026-01,2026-02-10,20,2026-03-02,METROPOLITANO,REGULAR,08.390.180/0001-77,INTERVIAS,CONSÓRCIO INTERVIAS,INTERVIAS,Vargem Grande Paulista,São Paulo,MUDANÇA DE TABELA DE HORÁRIO,PLANEJAMENTO,2026-02-26,-4.0,NO PRAZO,-4.0,METROPOLITANO,OK
2026021012195655,134.00006455/2026-15,2026-02-10,20,2026-03-02,METROPOLITANO,,,,,,Cotia,,MUDANÇA DE TABELA DE HORÁRIO,PLANEJAMENTO,2026-03-06,4.0,ATRASADO,4.0,METROPOLITANO,OK
2026020920542750,134.00006312/2026-11,2026-02-10,20,2026-03-02,METROPOLITANO,,,,,,Juquitiba,São Lourenço da Serra,MUDANÇA DE ITINERÁRIO,PLANEJAMENTO,2026-02-26,-4.0,NO PRAZO,-4.0,METROPOLITANO,OK
2026020917153244,134.00006308/2026-45,2026-02-10,20,2026-03-02,METROPOLITANO,REGULAR,08.351.253/0001-11,INTERNORTE,CONSÓRCIO INTERNORTE DE TRANSPORTES,INTERNORTE,Guarulhos,São Paulo,MUDANÇA DE TABELA DE HORÁRIO,PLANEJAMENTO,2026-02-26,-4.0,NO PRAZO,-4.0,METROPOLITANO,OK
2026020917122635,134.00006308/2026-45,2026-02-10,20,2026-03-02,METROPOLITANO,REGULAR,08.351.253/0001-11,INTERNORTE,CONSÓRCIO INTERNORTE DE TRANSPORTES,INTERNORTE,Guarulhos,São Paulo,MUDANÇA DE TABELA DE HORÁRIO,PLANEJAMENTO,2026-02-26,-4.0,NO PRAZO,-4.0,METROPOLITANO,OK
2026020915154034,134.00006317/2026-36,2026-02-10,20,2026-03-02,METROPOLITANO,FRETAMENTO,44.341.190/0001-86,VIAÇÃO FENIX,MHS TRANSPORTE E TURISMO LTDA - ME,FENIX,Itatiba,Jundiaí,ADIANTAMENTO/ATRASO DE VEÍCULO,FISCALIZAÇÃO,2026-02-23,-7.0,NO PRAZO,-7.0,INTERMUNICIPAL,OK
2026020917153884,134.00006508/2026-06,2026-02-10,20,2026-03-02,METROPOLITANO,FRETAMENTO,15.687.446/0001-03,GUIRRO TRANSPORTES,GUIRRO TRANSPORTES LTDA ME,GUIRRO TUR,São Paulo,Caraguatatuba,MÁ CONDIÇÃO DE VEÍCULO,FISCALIZAÇÃO,2026-02-27,-3.0,NO PRAZO,-3.0,INSPEÇÃO,OK
2026020918392689,134.00006520/2026-11,2026-02-10,45,2026-03-27,METROPOLITANO,,,,,,Barueri,Cajamar,TRANSPORTE CLANDESTINO,FISCALIZAÇÃO,,-46108.0,NO PRAZO,-46108.0,SÃO PAULO,PENDENTE
2026021011495856,134.00006560/2026-54,2026-02-10,20,2026-03-02,METROPOLITANO,FRETAMENTO,45.993.490/0001-02,PRINCESA DO NORTE,VIACAO PRINCESA D OESTE LTDA.,PRINCESA D OESTE,Chavantes,,GRATUIDADE DE IDOSOS,PLANEJAMENTO,2026-03-05,3.0,ATRASADO,3.0,INTERMUNICIPAL,OK
2026021013212836,134.00006317/2026-36,2026-02-10,20,2026-03-02,METROPOLITANO,FRETAMENTO,44.341.190/0001-86,VIAÇÃO FENIX,MHS TRANSPORTE E TURISMO LTDA - ME,FENIX,Itatiba,Jundiaí,ADIANTAMENTO/ATRASO DE VEÍCULO,FISCALIZAÇÃO,2026-02-23,-7.0,NO PRAZO,-7.0,INTERMUNICIPAL,OK
2026020918475496,134.00006563/2026-98,2026-02-10,45,2026-03-27,METROPOLITANO,,,,,,Barueri,Cajamar,TRANSPORTE CLANDESTINO,FISCALIZAÇÃO,,-46108.0,NO PRAZO,-46108.0,SÃO PAULO,PENDENTE
2026020918533577,134.00006563/2026-98,2026-02-10,45,2026-03-27,METROPOLITANO,,,,,,Barueri,Cajamar,TRANSPORTE CLANDESTINO,FISCALIZAÇÃO,,-46108.0,NO PRAZO,-46108.0,SÃO PAULO,PENDENTE
2026012217451817,134.00006708/2026-51,2026-02-11,20,2026-03-03,METROPOLITANO,FRETAMENTO,44.341.190/0001-86,VIAÇÃO FENIX,MHS TRANSPORTE E TURISMO LTDA - ME,FENIX,Itatiba,Jundiaí,ADIANTAMENTO/ATRASO DE VEÍCULO,FISCALIZAÇÃO,2026-02-20,-11.0,NO PRAZO,-11.0,INTERMUNICIPAL,OK
2026021008040561,134.00006715/2026-52,2026-02-11,10,2026-02-21,METROPOLITANO,REGULAR,20.336.241/0001-13,BUS +,CONSORCIO BUS +,BUS +,Campinas,Hortolândia,ADIANTAMENTO/ATRASO DE VEÍCULO,FISCALIZAÇÃO,2026-02-19,-2.0,NO PRAZO,-2.0,CAMPINAS,OK
2026021008174485,134.00006928/2026-84,2026-02-11,10,2026-02-21,METROPOLITANO,REGULAR,20.336.241/0001-13,BUS +,CONSORCIO BUS +,BUS +,Sumaré,Campinas,SUPERLOTAÇÃO DE ÔNIBUS,FISCALIZAÇÃO,2026-02-25,4.0,ATRASADO,4.0,CAMPINAS,OK
2026021109471110,,2026-02-11,20,2026-03-03,METROPOLITANO,REGULAR,08.351.253/0001-11,INTERNORTE,CONSÓRCIO INTERNORTE DE TRANSPORTES,INTERNORTE,Guarulhos,São Paulo,SUPERLOTAÇÃO DE ÔNIBUS,FISCALIZAÇÃO,2026-03-11,8.0,ATRASADO,8.0,SÃO PAULO,OK
2026020617471951,,2026-02-11,10,2026-02-21,METROPOLITANO,REGULAR,08.351.253/0001-11,INTERNORTE,CONSÓRCIO INTERNORTE DE TRANSPORTES,INTERNORTE,Guarulhos,São Paulo,ADIANTAMENTO/ATRASO DE VEÍCULO,SUCOL ATENDIMENTO,2026-03-09,16.0,ATRASADO,16.0,SÃO PAULO,OK
2026021019530975,134.00006710/2026-20,2026-02-11,10,2026-02-21,METROPOLITANO,REGULAR,20.336.241/0001-13,BUS +,CONSORCIO BUS +,BUS +,Campinas,Indaiatuba,ADIANTAMENTO/ATRASO DE VEÍCULO,FISCALIZAÇÃO,2026-02-19,-2.0,NO PRAZO,-2.0,CAMPINAS,OK
2026021021041648,134.00006712/2026-19,2026-02-11,20,2026-03-03,METROPOLITANO,REGULAR,61.563.557/0001-25,PASSARO MARRON,EMPRESA DE ÔNIBUS PASSARO MARRON S/A,PASSARO MARRON,,,MÁ CONDIÇÃO DE VEÍCULO,FISCALIZAÇÃO,2026-02-27,-4.0,NO PRAZO,-4.0,INSPEÇÃO,OK
2026021107590746,134.00006716/2026-05,2026-02-11,20,2026-03-03,METROPOLITANO,REGULAR,08.351.253/0001-11,INTERNORTE,CONSÓRCIO INTERNORTE DE TRANSPORTES,INTERNORTE,São Paulo,Guarulhos,ADIANTAMENTO/ATRASO DE VEÍCULO,FISCALIZAÇÃO,2026-02-25,-6.0,NO PRAZO,-6.0,SÃO PAULO,OK
2026021021125084,134.00006714/2026-16,2026-02-11,20,2026-03-03,METROPOLITANO,,,,,,São Paulo,,ELOGIO ,PLANEJAMENTO,2026-02-23,-8.0,NO PRAZO,-8.0,METROPOLITANO,OK
2026011416444956,134.00006709/2026-03,2026-02-11,20,2026-03-03,METROPOLITANO,,,,,,Registro,,GRATUIDADE DE IDOSOS,PLANEJAMENTO,2026-03-11,8.0,ATRASADO,8.0,INTERMUNICIPAL,OK
2026020617194529,134.00006706/2026-61,2026-02-11,20,2026-03-03,METROPOLITANO,REGULAR,45.992.724/0001-05,RAPIDO CAMPINAS,RAPIDO LUXO CAMPINAS LTDA,RAPIDO CAMPINAS,Cajamar,Jundiaí,MUDANÇA DE TABELA DE HORÁRIO,PLANEJAMENTO,2026-02-26,-5.0,NO PRAZO,-5.0,METROPOLITANO,OK
2026021114585442,134.00006943/2026-22,2026-02-12,25,2026-03-09,METROPOLITANO,,,,,,Capão Bonito,Jaú,TRANSPORTE CLANDESTINO,FISCALIZAÇÃO,2026-02-18,-19.0,NO PRAZO,-19.0,INTERMUNICIPAL,OK
2026012916093869,134.00006947/2026-19,2026-02-12,20,2026-03-04,METROPOLITANO,FRETAMENTO,43.257.658/0001-96,OURO VERDE,AUTO VIAÇÃO OURO VERDE LTDA,,Americana,São Paulo,PRESTAÇÃO DE SERVIÇO DA EMPRESA,PLANEJAMENTO,2026-03-05,1.0,ATRASADO,1.0,TC1 - CAMPINAS,OK
2026021119463452,,2026-02-12,10,2026-02-22,METROPOLITANO,REGULAR,08.351.253/0001-11,INTERNORTE,CONSÓRCIO INTERNORTE DE TRANSPORTES,INTERNORTE,São Paulo,Guarulhos,ADIANTAMENTO/ATRASO DE VEÍCULO,SUCOL ATENDIMENTO,2026-02-12,-10.0,NO PRAZO,-10.0,RTO,OK
2026021119303345,,2026-02-12,10,2026-02-22,METROPOLITANO,REGULAR,08.351.253/0001-11,INTERNORTE,CONSÓRCIO INTERNORTE DE TRANSPORTES,INTERNORTE,São Paulo,Guarulhos,ADIANTAMENTO/ATRASO DE VEÍCULO,SUCOL ATENDIMENTO,2026-02-12,-10.0,NO PRAZO,-10.0,RTO,OK
2026021117465188,134.00006817/2026-78,2026-02-12,20,2026-03-04,METROPOLITANO,REGULAR,08.351.253/0001-11,INTERNORTE,CONSÓRCIO INTERNORTE DE TRANSPORTES,INTERNORTE,Cajamar,São Paulo,MUDANÇA DE ITINERÁRIO,PLANEJAMENTO,2026-02-24,-8.0,NO PRAZO,-8.0,METROPOLITANO,OK
2026021205531888,134.00006951/2026-79,2026-02-12,10,2026-02-22,METROPOLITANO,REGULAR,20.336.241/0001-13,BUS +,CONSORCIO BUS +,BUS +,Hortolândia,Campinas,ADIANTAMENTO/ATRASO DE VEÍCULO,FISCALIZAÇÃO,2026-02-25,3.0,ATRASADO,3.0,CAMPINAS,OK
2026021118143638,134.00006821/2026-36 ,2026-02-12,20,2026-03-04,METROPOLITANO,REGULAR,08.419.802/0001-42,ANHANGUERA,CONSÓRCIO ANHANGUERA,ANHANGUERA,Jandira,Santana de Parnaíba,MUDANÇA DE TABELA DE HORÁRIO,PLANEJAMENTO,2026-02-23,-9.0,NO PRAZO,-9.0,METROPOLITANO,OK
2026021019473983,134.00006828/2026-58,2026-02-12,20,2026-03-04,METROPOLITANO,REGULAR,20.336.241/0001-13,BUS +,CONSORCIO BUS +,BUS +,Americana,Santa Bárbara d'Oeste,MUDANÇA DE TABELA DE HORÁRIO,FISCALIZAÇÃO,2026-03-06,2.0,ATRASADO,2.0,METROPOLITANO/CAMPINAS,OK
2026021106181410,134.00006837/2026-49,2026-02-12,20,2026-03-04,METROPOLITANO,REGULAR,40.181.203/0001-46,NEXTMOBILIDADE,ABC SISTEMA DE TRANSPORTE SPE S.A.,NEXTMOBILIDADE,São Bernardo do Campo,São Paulo,MUDANÇA DE TABELA DE HORÁRIO,PLANEJAMENTO,2026-02-23,-9.0,NO PRAZO,-9.0,METROPOLITANO,OK
2026021120404416,134.00006838/2026-93,2026-02-12,20,2026-03-04,METROPOLITANO,REGULAR,61.563.557/0001-25,PASSARO MARRON,EMPRESA DE ÔNIBUS PASSARO MARRON S/A,PASSARO MARRON,Taubaté,São Paulo,PRESTAÇÃO DE SERVIÇO DA EMPRESA,PLANEJAMENTO,2026-03-11,7.0,ATRASADO,7.0,METROPOLITANO,OK
2026021117465319,134.00006810/2026-56,2026-02-12,20,2026-03-04,METROPOLITANO,REGULAR,61.563.557/0001-25,PASSARO MARRON,EMPRESA DE ÔNIBUS PASSARO MARRON S/A,PASSARO MARRON,São Sebastião,Caraguatatuba,ADIANTAMENTO/ATRASO DE VEÍCULO,FISCALIZAÇÃO,2026-02-24,-8.0,NO PRAZO,-8.0,VALE DO PARAIBA,OK
2026021020180013,134.00006833/2026-61,2026-02-12,20,2026-03-04,METROPOLITANO,REGULAR,45.992.724/0001-05,RAPIDO CAMPINAS,RAPIDO LUXO CAMPINAS LTDA,RAPIDO CAMPINAS,Mairinque,Sorocaba,MÁ CONDIÇÃO DE VEÍCULO,FISCALIZAÇÃO,2026-02-25,-7.0,NO PRAZO,-7.0,SOROCABA,OK
2026021119030018,134.00006824/2026-70,2026-02-12,10,2026-02-22,METROPOLITANO,REGULAR,45.992.724/0001-05,RAPIDO CAMPINAS,RAPIDO LUXO CAMPINAS LTDA,RAPIDO CAMPINAS,Mairinque,Sorocaba,ADIANTAMENTO/ATRASO DE VEÍCULO,FISCALIZAÇÃO,2026-02-19,-3.0,NO PRAZO,-3.0,SOROCABA,OK
2026021206193883,134.00006907/2026-69,2026-02-12,20,2026-03-04,METROPOLITANO,REGULAR,08.351.253/0001-11,INTERNORTE,CONSÓRCIO INTERNORTE DE TRANSPORTES,INTERNORTE,Arujá,São Paulo,ADIANTAMENTO/ATRASO DE VEÍCULO,FISCALIZAÇÃO,2026-02-25,-7.0,NO PRAZO,-7.0,SÃO PAULO,OK
2026021118280150,,2026-02-12,10,2026-02-22,METROPOLITANO,,,,,,,,SUPERLOTAÇÃO DE ÔNIBUS,SUCOL ATENDIMENTO,2026-02-13,-9.0,NO PRAZO,-9.0,RTO,OK
2026021107481997,,2026-02-12,10,2026-02-22,METROPOLITANO,,,,,,,,SUPERLOTAÇÃO DE ÔNIBUS,SUCOL ATENDIMENTO,2026-02-13,-9.0,NO PRAZO,-9.0,RTO,OK
2026021208273078,134.00006708/2026-51,2026-02-12,20,2026-03-04,METROPOLITANO,FRETAMENTO,44.341.190/0001-86,VIAÇÃO FENIX,MHS TRANSPORTE E TURISMO LTDA - ME,FENIX,Itatiba,Jundiaí,ADIANTAMENTO/ATRASO DE VEÍCULO,FISCALIZAÇÃO,2026-02-20,-12.0,NO PRAZO,-12.0,INTERMUNICIPAL,OK
2026021310224130,134.00006317/2026-36,2026-02-13,10,2026-02-23,METROPOLITANO,FRETAMENTO,44.341.190/0001-86,VIAÇÃO FENIX,MHS TRANSPORTE E TURISMO LTDA - ME,FENIX,Itatiba,Jundiaí,ADIANTAMENTO/ATRASO DE VEÍCULO,FISCALIZAÇÃO,2026-02-23,0.0,NO PRAZO,0.0,INTERMUNICIPAL,OK
2026021318363075,134.00007169/2026-77,2026-02-13,20,2026-03-05,METROPOLITANO,REGULAR,45.992.724/0001-05,RAPIDO CAMPINAS,RAPIDO LUXO CAMPINAS LTDA,RAPIDO CAMPINAS,Mairinque,Sorocaba,MUDANÇA DE TABELA DE HORÁRIO,PLANEJAMENTO,2026-02-26,-7.0,NO PRAZO,-7.0,METROPOLITANO,OK
2026021208290450,134.00007168/2026-22,2026-02-13,20,2026-03-05,METROPOLITANO,REGULAR,20.336.241/0001-13,BUS +,CONSORCIO BUS +,BUS +,Americana,Santa Bárbara d'Oeste,MUDANÇA DE TABELA DE HORÁRIO,PLANEJAMENTO,2026-03-06,1.0,ATRASADO,1.0,METROPOLITANO,OK
2026021311381111,134.00007167/2026-88,2026-02-13,20,2026-03-05,METROPOLITANO,REGULAR,08.351.253/0001-11,INTERNORTE,CONSÓRCIO INTERNORTE DE TRANSPORTES,INTERNORTE,Mairiporã,São Paulo,GRATUIDADE DE IDOSOS,PLANEJAMENTO,2026-02-26,-7.0,NO PRAZO,-7.0,METROPOLITANO,OK
2026021216052643,134.00007174/2026-80,2026-02-13,45,2026-03-30,METROPOLITANO,,,,,,São Paulo,Guarulhos,TRANSPORTE CLANDESTINO,FISCALIZAÇÃO,,-46111.0,NO PRAZO,-46111.0,SÃO PAULO,PENDENTE
2026021111524915,134.00006939/2026-64,2026-02-13,20,2026-03-05,METROPOLITANO,FRETAMENTO,13.835.628/0001-59,RAPIDO D'OESTE,RAPIDO BRASIL LOCADORA LTDA - ME,RAPIDO BRASIL,São João da Boa Vista,,ACESSIBILIDADE,PLANEJAMENTO,2026-02-26,-7.0,NO PRAZO,-7.0,INTERMUNICIPAL,OK
2026021312305456,134.00007202/2026-69,2026-02-13,20,2026-03-05,METROPOLITANO,REGULAR,45.992.724/0001-05,RAPIDO CAMPINAS,RAPIDO LUXO CAMPINAS LTDA,RAPIDO CAMPINAS,Mairinque,Sorocaba,ADIANTAMENTO/ATRASO DE VEÍCULO,FISCALIZAÇÃO,2026-02-27,-6.0,NO PRAZO,-6.0,CAMPINAS/PLANEJAMENTO,OK
2026021122020170,134.00007173/2026-35,2026-02-13,20,2026-03-05,METROPOLITANO,REGULAR,45.992.724/0001-05,RAPIDO CAMPINAS,RAPIDO LUXO CAMPINAS LTDA,RAPIDO CAMPINAS,São Roque,Sorocaba,SUPERLOTAÇÃO DE ÔNIBUS,FISCALIZAÇÃO,2026-02-27,-6.0,NO PRAZO,-6.0,CAMPINAS,OK
2026021214375233,134.00007172/2026-91,2026-02-13,20,2026-03-05,METROPOLITANO,,,,,,Penápolis,Barbosa,INCLUSÃO DE NOVAS LINHAS,PLANEJAMENTO,2026-03-06,1.0,ATRASADO,1.0,TC3 - BAURU,OK
2026021317063056,134.00007203/2026-11,2026-02-13,20,2026-03-05,METROPOLITANO,FRETAMENTO,45.007.937/0001-27,EXPRESSO DE PRATA,EXPRESSO DE PRATA LTDA,,Bauru,São Paulo,PRESTAÇÃO DE SERVIÇO DA EMPRESA,PLANEJAMENTO,2026-02-26,-7.0,NO PRAZO,-7.0,TC3 - BAURU,OK
2026021222410521,134.00007170/2026-00,2026-02-13,20,2026-03-05,METROPOLITANO,FRETAMENTO,54.360.623/0001-02,PIRACICABANA,VIAÇÃO PIRACICABANA S/A,PIRACICABANA,Piracicaba,São Paulo,ADIANTAMENTO/ATRASO DE VEÍCULO,FISCALIZAÇÃO,2026-03-04,-1.0,NO PRAZO,-1.0,INTERMUNICIPAL,OK
2026021312442257,134.00007171/2026-46,2026-02-13,20,2026-03-05,METROPOLITANO,FRETAMENTO,45.606.720/0001-33,VIAÇÃO NOSSA SENHORA DE FATIMA,NOSSA SENHORA DE FATIMA AUTO ÔNIBUS LTDA,,Bragança Paulista,Tuiuti,SUPERLOTAÇÃO DE ÔNIBUS,FISCALIZAÇÃO,2026-02-26,-7.0,NO PRAZO,-7.0,INTERMUNICIPAL,OK
2026021521251266,134.00007272/2026-17,2026-02-18,45,2026-04-04,METROPOLITANO,,,,,,São Paulo,Guarulhos,TRANSPORTE CLANDESTINO,FISCALIZAÇÃO,,-46116.0,NO PRAZO,-46116.0,SÃO PAULO,PENDENTE
2026021308060877,134.00007250/2026-57,2026-02-18,45,2026-04-04,METROPOLITANO,,,,,,São Paulo,Guarulhos,TRANSPORTE CLANDESTINO,FISCALIZAÇÃO,,-46116.0,NO PRAZO,-46116.0,SÃO PAULO,PENDENTE
2026020514295275,134.00007242/2026-19,2026-02-18,20,2026-03-10,METROPOLITANO,REGULAR,20.336.241/0001-13,BUS +,CONSORCIO BUS +,BUS +,Sumaré,Campinas,ADIANTAMENTO/ATRASO DE VEÍCULO,FISCALIZAÇÃO,2026-03-09,-1.0,NO PRAZO,-1.0,CAMPINAS,OK
2026020418464062,134.00007240/2026-11,2026-02-18,20,2026-03-10,METROPOLITANO,REGULAR,20.336.241/0001-13,BUS +,CONSORCIO BUS +,BUS +,Sumaré,Campinas,ADIANTAMENTO/ATRASO DE VEÍCULO,FISCALIZAÇÃO,2026-03-09,-1.0,NO PRAZO,-1.0,CAMPINAS,OK
2026020216353695,134.00007276/2026-03,2026-02-18,20,2026-03-10,METROPOLITANO,REGULAR,20.336.241/0001-13,BUS +,CONSORCIO BUS +,BUS +,Americana,Campinas,MÁ CONDIÇÃO DE VEÍCULO,FISCALIZAÇÃO,2026-03-09,-1.0,NO PRAZO,-1.0,CAMPINAS,OK
2026021613132247,134.00007386/2026-67,2026-02-19,20,2026-03-11,METROPOLITANO,REGULAR,20.336.241/0001-13,BUS +,CONSORCIO BUS +,BUS +,Hortolândia,Campinas,SUGESTÃO,PLANEJAMENTO,2026-02-26,-13.0,NO PRAZO,-13.0,METROPOLITANO,OK
2026021522033384,134.00007382/2026-89,2026-02-19,20,2026-03-11,METROPOLITANO,REGULAR,08.351.253/0001-11,INTERNORTE,CONSÓRCIO INTERNORTE DE TRANSPORTES,INTERNORTE,São Paulo,Guarulhos,MUDANÇA DE TABELA DE HORÁRIO,PLANEJAMENTO,2026-02-26,-13.0,NO PRAZO,-13.0,METROPOLITANO,OK
2026020320311865,134.00007375/2026-87,2026-02-19,10,2026-03-01,METROPOLITANO,REGULAR,08.419.802/0001-42,ANHANGUERA,CONSÓRCIO ANHANGUERA,ANHANGUERA,Carapicuíba,Santana de Parnaíba,MUDANÇA DE ITINERÁRIO,PLANEJAMENTO,2026-02-23,-6.0,NO PRAZO,-6.0,METROPOLITANO,OK
2026021821004243,134.00007400/2026-22,2026-02-19,20,2026-03-11,METROPOLITANO,FRETAMENTO,56.927.163/0003-30,DANUBIO AZUL,VIAÇÃO DANUBIO AZUL LTDA,,Araçariguama,São Roque,ADIANTAMENTO/ATRASO DE VEÍCULO,PLANEJAMENTO,2026-03-13,2.0,ATRASADO,2.0,INTERMUNICIPAL,OK
2026021621425346,134.00007414/2026-46,2026-02-19,20,2026-03-11,METROPOLITANO,REGULAR,21.659.864/0001-90,BR MOBILIDADE,BR MOBILIDADE BAIXADA SANTISTA S.A. - SPE,BR MOBILIDADE,Cubatão,Cubatão,MUDANÇA DE ITINERÁRIO,PLANEJAMENTO,2026-03-04,-7.0,NO PRAZO,-7.0,METROPOLITANO,OK
2026021521033169,134.00007416/2026-35,2026-02-19,20,2026-03-11,METROPOLITANO,FRETAMENTO,61.084.018/0001-03,VIAÇÃO COMETA,VIAÇÃO COMETA S/A,COMETA,São Paulo,Franca,PRESTAÇÃO DE SERVIÇO DA EMPRESA,PLANEJAMENTO,2026-03-06,-5.0,NO PRAZO,-5.0,TC1 - CAMPINAS,OK
2026021710393995,134.00006317/2026-36,2026-02-19,10,2026-03-01,METROPOLITANO,FRETAMENTO,44.341.190/0001-86,VIAÇÃO FENIX,MHS TRANSPORTE E TURISMO LTDA - ME,FENIX,Itatiba,Jundiaí,ADIANTAMENTO/ATRASO DE VEÍCULO,FISCALIZAÇÃO,2026-02-23,-6.0,NO PRAZO,-6.0,INTERMUNICIPAL,OK
2026021722030448,134.00007447/2026-96,2026-02-19,10,2026-03-01,METROPOLITANO,FRETAMENTO,45.606.720/0001-33,NOSSA SENHORA DE FATIMA,NOSSA SENHORA DE FATIMA AUTO ÔNIBUS LTDA,,Tuiuti,Bragança Paulista,MUDANÇA DE TABELA DE HORÁRIO,PLANEJAMENTO,2026-02-25,-4.0,NO PRAZO,-4.0,TC1 - CAMPINAS,OK
2026021807495219,134.00007441/2026-19,2026-02-19,10,2026-03-01,METROPOLITANO,REGULAR,21.659.864/0001-90,BR MOBILIDADE,BR MOBILIDADE BAIXADA SANTISTA S.A. - SPE,BR MOBILIDADE,Santos,São Vicente,SUPERLOTAÇÃO DE ÔNIBUS,FISCALIZAÇÃO,2026-02-25,-4.0,NO PRAZO,-4.0,BAIXADA SANTISTA,OK
2026021809511322,134.00007457/2026-21,2026-02-19,20,2026-03-11,METROPOLITANO,FRETAMENTO,75.156.265/0001-82,TRANSPEN,TRANSPEN-TRANSPORTE COLETIVO E ENCOMENDAS LTDA,,Angatuba,Itapetininga,MUDANÇA DE TABELA DE HORÁRIO,PLANEJAMENTO,2026-02-26,-13.0,NO PRAZO,-13.0,TC2 - SOROCABA,OK
2026021814184855,134.00007501/2026-01,2026-02-19,10,2026-03-01,METROPOLITANO,FRETAMENTO,59.965.038/0001-41,EXPRESSO ITAMARATI,EXPRESSO ITAMARATI S/A,,São Paulo,Fernandópolis,ACESSIBILIDADE,PLANEJAMENTO,2026-02-25,-4.0,NO PRAZO,-4.0,TC4 - ARARAQUARA,OK
2026021815192758,134.00007502/2026-48,2026-02-19,10,2026-03-01,METROPOLITANO,,,,,,Osasco,,MUDANÇA DE ITINERÁRIO,PLANEJAMENTO,2026-02-23,-6.0,NO PRAZO,-6.0,METROPOLITANO,OK
2026021818302253,134.00007529/2026-31,2026-02-19,20,2026-03-11,METROPOLITANO,REGULAR,45.992.724/0001-05,RAPIDO CAMPINAS,RAPIDO LUXO CAMPINAS LTDA,RAPIDO CAMPINAS,Jundiaí,Campinas,MÁ CONDIÇÃO DE VEÍCULO,FISCALIZAÇÃO,2026-03-04,-7.0,NO PRAZO,-7.0,INTERMUNICIPAL,OK
2026021819373324,134.00007545/2026-23,2026-02-19,10,2026-03-01,METROPOLITANO,FRETAMENTO,75.156.265/0001-82,TRANSPEN,TRANSPEN-TRANSPORTE COLETIVO E ENCOMENDAS LTDA,,Angatuba,Itapetininga,MUDANÇA DE TABELA DE HORÁRIO,PLANEJAMENTO,2026-02-25,-4.0,NO PRAZO,-4.0,TC2 - SOROCABA,OK
2026021217530432,,2026-02-19,10,2026-03-01,METROPOLITANO,,,,,,,,SUPERLOTAÇÃO DE ÔNIBUS,SUCOL ATENDIMENTO,2026-02-19,-10.0,NO PRAZO,-10.0,RTO,OK
2026021820290985,,2026-02-19,10,2026-03-01,METROPOLITANO,,,,,,,,BENEFICIO DE ESTUDANTE,SUCOL ATENDIMENTO,2026-02-19,-10.0,NO PRAZO,-10.0,,OK
2026021911475532,134.00006317/2026-36,2026-02-20,10,2026-03-02,METROPOLITANO,FRETAMENTO,44.341.190/0001-86,VIAÇÃO FENIX,MHS TRANSPORTE E TURISMO LTDA - ME,FENIX,Itatiba,Jundiaí,ADIANTAMENTO/ATRASO DE VEÍCULO,FISCALIZAÇÃO,2026-02-23,-46083.0,NO PRAZO,-46083.0,INTERMUNICIPAL,OK
2026021813003350,134.00007821/2026-53,2026-02-20,25,2026-03-17,METROPOLITANO,FRETAMENTO,47.939.199/0001-81,PAULA SOUZA TRANSPORTES,HELIO APARECIDO BRAGA 06885710857 - ME,TRANSPORTE,Poloni,Mirassol,TRANSPORTE CLANDESTINO,FISCALIZAÇÃO,2026-03-10,-46098.0,NO PRAZO,-46098.0,INTERMUNICIPAL,OK
2026021912205847,134.00007545/2026-23,2026-02-20,20,2026-03-02,METROPOLITANO,FRETAMENTO,75.156.265/0001-82,TRANSPEN,TRANSPEN-TRANSPORTE COLETIVO E ENCOMENDAS LTDA,,Angatuba,Itapetininga,MUDANÇA DE TABELA DE HORÁRIO,PLANEJAMENTO,2026-02-27,-46083.0,NO PRAZO,-46083.0,TC2 - SOROCABA,OK
2026021913451088,134.00007825/2026-31,2026-02-20,20,2026-03-02,METROPOLITANO,FRETAMENTO,75.156.265/0001-82,TRANSPEN,TRANSPEN-TRANSPORTE COLETIVO E ENCOMENDAS LTDA,,Angatuba,Itapetininga,ADIANTAMENTO/ATRASO DE VEÍCULO,FISCALIZAÇÃO,2026-03-05,-46083.0,NO PRAZO,-46083.0,INTERMUNICIPAL,OK
2026021915112444,134.00007822/2026-06,2026-02-20,20,2026-03-02,METROPOLITANO,REGULAR,20.336.241/0001-13,BUS +,CONSORCIO BUS +,BUS +,Americana,São Paulo,SUPERLOTAÇÃO DE ÔNIBUS,FISCALIZAÇÃO,2026-03-09,-46083.0,NO PRAZO,-46083.0,CAMPINAS,OK
2026021915015694,134.00007822/2026-06,2026-02-20,20,2026-03-02,METROPOLITANO,REGULAR,20.336.241/0001-13,BUS +,CONSORCIO BUS +,BUS +,Americana,São Paulo,SUPERLOTAÇÃO DE ÔNIBUS,FISCALIZAÇÃO,2026-03-09,-46083.0,NO PRAZO,-46083.0,CAMPINAS,OK
2026021919154787,134.00007823/2026-42,2026-02-20,20,2026-03-02,METROPOLITANO,FRETAMENTO,46.887.139/0001-08,EXPRESSO AMARELINHO,EXPRESSO AMARELINHO LTDA,EXPRESSO AMARELINHO LTDA,Salto,Pirapora do Bom Jesus,ADIANTAMENTO/ATRASO DE VEÍCULO,FISCALIZAÇÃO,2026-03-02,-46083.0,NO PRAZO,-46083.0,SOROCABA,OK
2026022009301298,134.00007942/2026-03,2026-02-23,10,2026-03-05,METROPOLITANO,FRETAMENTO,75.156.265/0001-82,TRANSPEN,TRANSPEN-TRANSPORTE COLETIVO E ENCOMENDAS LTDA,,Iporanga,Registro,INCLUSÃO DE NOVAS LINHAS,PLANEJAMENTO,2026-02-25,-8.0,NO PRAZO,-8.0,TC2 - SOROCABA,OK
2026022011171149,134.00007949/2026-17,2026-02-23,10,2026-03-05,METROPOLITANO,REGULAR,40.181.203/0001-46,NEXTMOBILIDADE,ABC SISTEMA DE TRANSPORTE SPE S.A.,NEXTMOBILIDADE,São Caetano do Sul,São Paulo,ADIANTAMENTO/ATRASO DE VEÍCULO,FISCALIZAÇÃO,2026-02-25,-8.0,NO PRAZO,-8.0,SÃO PAULO,OK
2026022011263315,134.00007953/2026-85,2026-02-23,20,2026-03-15,METROPOLITANO,FRETAMENTO,03.945.884/0001-45,REAL SERVICE TURISMO,REAL SANTUR TRANPORTES DE PASSAGEIROS LTDA - ME,REAL SANTUR TRANSPORTES,Sorocaba,São Roque,SOLICITAÇÃO DE INFORMAÇÃO,FISCALIZAÇÃO,2026-03-05,-10.0,NO PRAZO,-10.0,INSPEÇÃO,OK
2026022111313757,134.00007968/2026-43,2026-02-23,10,2026-03-05,METROPOLITANO,FRETAMENTO,75.156.265/0001-82,TRANSPEN,TRANSPEN-TRANSPORTE COLETIVO E ENCOMENDAS LTDA,,Iporanga,Registro,MUDANÇA DE TABELA DE HORÁRIO,PLANEJAMENTO,2026-02-25,-8.0,NO PRAZO,-8.0,TC2 - SOROCABA,OK
2026022214092826,134.00007988/2026-14,2026-02-23,20,2026-03-15,METROPOLITANO,FRETAMENTO,59.965.038/0001-41,EXPRESSO ITAMARATI,EXPRESSO ITAMARATI S/A,,São Paulo,,GRATUIDADE DE IDOSOS,PLANEJAMENTO,2026-03-06,-9.0,NO PRAZO,-9.0,TC4 - ARARAQUARA,OK
2026022111430780,134.00007980/2026-58,2026-02-23,20,2026-03-15,METROPOLITANO,REGULAR,45.992.724/0001-05,RAPIDO CAMPINAS,RAPIDO LUXO CAMPINAS LTDA,RAPIDO CAMPINAS,Jundiaí,Franco da Rocha,ADIANTAMENTO/ATRASO DE VEÍCULO,FISCALIZAÇÃO,2026-03-04,-11.0,NO PRAZO,-11.0,INTERMUNICIPAL,OK
2026022307313070,134.00008076/2026-60,2026-02-23,10,2026-03-05,METROPOLITANO,FRETAMENTO,46.917.472/0001-04,PEVETUR,PEVÊ-TUR TRANSPORTES E TURISMO LTDA,,Ubarana,José Bonifácio,ADIANTAMENTO/ATRASO DE VEÍCULO,FISCALIZAÇÃO,2026-02-25,-8.0,NO PRAZO,-8.0,INTERMUNICIPAL,OK
2026022307270386,134.00008075/2026-15,2026-02-23,10,2026-03-05,METROPOLITANO,FRETAMENTO,46.917.472/0001-04,PEVETUR,PEVÊ-TUR TRANSPORTES E TURISMO LTDA,,Ubarana,José Bonifácio,ADIANTAMENTO/ATRASO DE VEÍCULO,FISCALIZAÇÃO,2026-02-25,-8.0,NO PRAZO,-8.0,INTERMUNICIPAL,OK
2026022011402578,134.00008077/2026-12,2026-02-23,10,2026-03-05,METROPOLITANO,FRETAMENTO,48.589.265/0001-01,VIAÇÃO MIRACATIBA,VIACAO LBM TRANSPORTES LTDA EPP,VIAÇÃO LBM TRANSPORTES,,,MÁ CONDUTA DO MOTORISTA,FISCALIZAÇÃO,2026-02-25,-8.0,NO PRAZO,-8.0,SÃO PAULO,OK
2026021909471796,134.00008074/2026-71,2026-02-23,20,2026-03-15,METROPOLITANO,REGULAR,08.351.253/0001-11,INTERNORTE,CONSÓRCIO INTERNORTE DE TRANSPORTES,INTERNORTE,São Paulo,Guarulhos,PRESTAÇÃO DE SERVIÇO DA EMPRESA,FISCALIZAÇÃO,2026-03-09,-6.0,NO PRAZO,-6.0,METROPOLITANO/GFISC,OK
2026022012133433,134.00007955/2026-74,2026-02-23,10,2026-03-05,METROPOLITANO,,,,,,São José dos Campos,Jacareí,INCLUSÃO DE NOVAS LINHAS,PLANEJAMENTO,2026-02-25,-8.0,NO PRAZO,-8.0,INTERMUNICIPAL,OK
2026022020563428,134.00007957/2026-63,2026-02-23,10,2026-03-05,METROPOLITANO,REGULAR,08.351.253/0001-11,INTERNORTE,CONSÓRCIO INTERNORTE DE TRANSPORTES,INTERNORTE,Guarulhos,São Paulo,MUDANÇA DE TABELA DE HORÁRIO,PLANEJAMENTO,2026-02-25,-8.0,NO PRAZO,-8.0,METROPOLITANO,OK
2026022111405586,134.00007977/2026-34,2026-02-23,10,2026-03-05,METROPOLITANO,REGULAR,08.419.802/0001-42,ANHANGUERA,CONSÓRCIO ANHANGUERA,ANHANGUERA,Jandira,Santana de Parnaíba,MUDANÇA DE TABELA DE HORÁRIO,PLANEJAMENTO,2026-02-25,-8.0,NO PRAZO,-8.0,METROPOLITANO,OK
2026020620594631,134.00008121/2026-86,2026-02-23,10,2026-03-05,METROPOLITANO,FRETAMENTO,13.835.628/0001-59,RAPIDO D'OESTE,RAPIDO BRASIL LOCADORA LTDA - ME,RAPIDO BRASIL,Ribeirão Preto,Barretos,MÁ CONDIÇÃO DE VEÍCULO,FISCALIZAÇÃO,2026-02-26,-7.0,NO PRAZO,-7.0,INTERMUNICIPAL,OK
2026022310023641,134.00008144/2026-91,2026-02-24,10,2026-03-06,METROPOLITANO,REGULAR,45.992.724/0001-05,RAPIDO CAMPINAS,RAPIDO LUXO CAMPINAS LTDA,RAPIDO CAMPINAS,Itatiba,Jundiaí,ADIANTAMENTO/ATRASO DE VEÍCULO,FISCALIZAÇÃO,2026-03-06,0.0,NO PRAZO,0.0,INTERMUNICIPAL,OK
2026022311233818,134.00008418/2026-41,2026-02-25,10,2026-03-07,METROPOLITANO,REGULAR,08.419.802/0001-42,ANHANGUERA,CONSÓRCIO ANHANGUERA,ANHANGUERA,Barueri,Santana de Parnaíba,MUDANÇA DE TABELA DE HORÁRIO,PLANEJAMENTO,2026-03-02,-5.0,NO PRAZO,-5.0,METROPOLITANO,OK
2026022014144244,134.00008506/2026-43,2026-02-26,10,2026-03-08,METROPOLITANO,REGULAR,45.992.724/0001-05,RAPIDO CAMPINAS,RAPIDO LUXO CAMPINAS LTDA,RAPIDO CAMPINAS,Franco da Rocha,Jundiaí,MÁ CONDIÇÃO DE VEÍCULO,FISCALIZAÇÃO,2026-03-04,-4.0,NO PRAZO,-4.0,INTERMUNICIPAL,OK
2026022316501392,134.00008562/2026-88,2026-02-26,10,2026-03-08,METROPOLITANO,REGULAR,46.014.122/0001-38,VB TRANSPORTES E TURISMO,VB TRANSPORTES E TURISMO LTDA,VB TRANSPORTES E TURISMO,Sorocaba,Campinas,MÁ CONDUTA DE FUNCIONÁRIOS,FISCALIZAÇÃO,2026-03-04,-4.0,NO PRAZO,-4.0,INTERMUNICIPAL,OK
2026022406294361,134.00008514/2026-90,2026-02-26,20,2026-03-18,METROPOLITANO,REGULAR,61.563.557/0001-25,PASSARO MARRON,EMPRESA DE ÔNIBUS PASSARO MARRON S/A,PASSARO MARRON,Cachoeira Paulista,,SUPERLOTAÇÃO DE ÔNIBUS,FISCALIZAÇÃO,2026-03-12,-6.0,NO PRAZO,-6.0,VALE DO PARAIBA,OK
2026022015204860,134.00008506/2026-43,2026-02-26,20,2026-03-18,METROPOLITANO,REGULAR,45.992.724/0001-05,RAPIDO CAMPINAS,RAPIDO LUXO CAMPINAS LTDA,RAPIDO CAMPINAS,Franco da Rocha,Jundiaí,MÁ CONDIÇÃO DE VEÍCULO,FISCALIZAÇÃO,2026-03-18,0.0,NO PRAZO,0.0,INTERMUNICIPAL,OK
2026022510121226,134.00008506/2026-43,2026-02-26,20,2026-03-18,METROPOLITANO,REGULAR,45.992.724/0001-05,RAPIDO CAMPINAS,RAPIDO LUXO CAMPINAS LTDA,RAPIDO CAMPINAS,Franco da Rocha,Jundiaí,MÁ CONDIÇÃO DE VEÍCULO,FISCALIZAÇÃO,2026-03-18,0.0,NO PRAZO,0.0,INTERMUNICIPAL,OK
2026022013033068,134.00008569/2026-08,2026-02-26,10,2026-03-08,METROPOLITANO,REGULAR,40.181.203/0001-46,NEXTMOBILIDADE,ABC SISTEMA DE TRANSPORTE SPE S.A.,NEXTMOBILIDADE,Santo André,São Caetano do Sul,SUGESTÃO,CONTRATOS,2026-03-04,-4.0,NO PRAZO,-4.0,GRGC,OK
2026022317592788,134.00008509/2026-87,2026-02-26,10,2026-03-08,METROPOLITANO,REGULAR,08.351.253/0001-11,INTERNORTE,CONSÓRCIO INTERNORTE DE TRANSPORTES,INTERNORTE,São Paulo,Guarulhos,RÉPLICA DE MANIFESTAÇÃO,PLANEJAMENTO,2026-03-02,-6.0,NO PRAZO,-6.0,METROPOLITANO,OK
2026022411310049,134.00008564/2026-77,2026-02-26,10,2026-03-08,METROPOLITANO,REGULAR,08.351.253/0001-11,INTERNORTE,CONSÓRCIO INTERNORTE DE TRANSPORTES,INTERNORTE,Arujá,Itaquaquecetuba,MUDANÇA DE ITINERÁRIO,PLANEJAMENTO,2026-03-05,-3.0,NO PRAZO,-3.0,METROPOLITANO,OK
2026022407044657,134.00008655/2026-11,2026-02-26,10,2026-03-08,METROPOLITANO,REGULAR,61.563.557/0001-25,PASSARO MARRON,EMPRESA DE ÔNIBUS PASSARO MARRON S/A,PASSARO MARRON,Pindamonhangaba,Taubaté,MUDANÇA DE ITINERÁRIO,PLANEJAMENTO,2026-03-02,-6.0,NO PRAZO,-6.0,METROPOLITANO,OK
2026022416440932,134.00008652/2026-79,2026-02-26,10,2026-03-08,METROPOLITANO,REGULAR,20.336.241/0001-13,BUS +,CONSORCIO BUS +,BUS +,Sumaré,Campinas,MUDANÇA DE TABELA DE HORÁRIO,PLANEJAMENTO,2026-03-02,-6.0,NO PRAZO,-6.0,METROPOLITANO,OK
2026022420403716,134.00008654/2026-68,2026-02-26,10,2026-03-08,METROPOLITANO,REGULAR,61.563.557/0001-25,PASSARO MARRON,EMPRESA DE ÔNIBUS PASSARO MARRON S/A,PASSARO MARRON,Natividade da Serra,Caraguatatuba,MUDANÇA DE ITINERÁRIO,PLANEJAMENTO,2026-03-02,-6.0,NO PRAZO,-6.0,METROPOLITANO,OK
2026022516371575,134.00008659/2026-91,2026-02-26,10,2026-03-08,METROPOLITANO,REGULAR,61.563.557/0001-25,PASSARO MARRON,EMPRESA DE ÔNIBUS PASSARO MARRON S/A,PASSARO MARRON,Lorena,Guaratinguetá,SUGESTÃO,PLANEJAMENTO,2026-03-03,-5.0,NO PRAZO,-5.0,METROPOLITANO,OK
2026022408035219,134.00008515/2026-34,2026-02-26,20,2026-03-18,METROPOLITANO,REGULAR,08.351.253/0001-11,INTERNORTE,CONSÓRCIO INTERNORTE DE TRANSPORTES,INTERNORTE,São Paulo,Guarulhos,MÁ CONDIÇÃO DE VEÍCULO,FISCALIZAÇÃO,2026-03-09,-9.0,NO PRAZO,-9.0,SÃO PAULO,OK
2026022412434087,134.00008519/2026-12,2026-02-26,20,2026-03-18,METROPOLITANO,REGULAR,08.351.253/0001-11,INTERNORTE,CONSÓRCIO INTERNORTE DE TRANSPORTES,INTERNORTE,São Paulo,Guarulhos,RÉPLICA DE MANIFESTAÇÃO,FISCALIZAÇÃO,,-46099.0,NO PRAZO,-46099.0,SÃO PAULO,PENDENTE
2026022012075037,134.00008537/2026-02,2026-02-26,20,2026-03-18,METROPOLITANO,REGULAR,08.419.802/0001-42,ANHANGUERA,CONSÓRCIO ANHANGUERA,ANHANGUERA,Francisco Morato,São Paulo,ADIANTAMENTO/ATRASO DE VEÍCULO,FISCALIZAÇÃO,2026-03-20,2.0,ATRASADO,2.0,SÃO PAULO,OK
2026022106510032,134.00008548/2026-84,2026-02-26,20,2026-03-18,METROPOLITANO,REGULAR,08.390.180/0001-77,INTERVIAS,CONSÓRCIO INTERVIAS,INTERVIAS,Itapecerica da Serra,São Paulo,ADIANTAMENTO/ATRASO DE VEÍCULO,FISCALIZAÇÃO,2026-03-20,2.0,ATRASADO,2.0,SÃO PAULO,OK
2026022307102376,134.00008571/2026-79,2026-02-26,10,2026-03-08,METROPOLITANO,FRETAMENTO,56.927.163/0003-30,DANUBIO AZUL,VIAÇÃO DANUBIO AZUL LTDA,,São Roque,Cotia,ADIANTAMENTO/ATRASO DE VEÍCULO,FISCALIZAÇÃO,2026-03-04,-4.0,NO PRAZO,-4.0,INTERMUNICIPAL,OK
2026022412033845,134.00008580/2026-60,2026-02-26,20,2026-03-18,METROPOLITANO,REGULAR,08.351.253/0001-11,INTERNORTE,CONSÓRCIO INTERNORTE DE TRANSPORTES,INTERNORTE,Guarulhos,São Paulo,ADIANTAMENTO/ATRASO DE VEÍCULO,FISCALIZAÇÃO,2026-03-20,2.0,ATRASADO,2.0,SÃO PAULO,OK
2026022508114956,134.00008650/2026-80,2026-02-26,20,2026-03-18,METROPOLITANO,REGULAR,08.351.253/0001-11,INTERNORTE,CONSÓRCIO INTERNORTE DE TRANSPORTES,INTERNORTE,Guarulhos,São Paulo,ADIANTAMENTO/ATRASO DE VEÍCULO,FISCALIZAÇÃO,2026-03-20,2.0,ATRASADO,2.0,SÃO PAULO,OK
2026022410444132,134.00008656/2026-57,2026-02-26,20,2026-03-18,METROPOLITANO,REGULAR,08.419.802/0001-42,ANHANGUERA,CONSÓRCIO ANHANGUERA,ANHANGUERA,Santana de Parnaíba,São Paulo,MÁ CONDIÇÃO DE VEÍCULO,FISCALIZAÇÃO,2026-03-20,2.0,ATRASADO,2.0,SÃO PAULO,OK
2026022416050841,134.00008649/2026-55,2026-02-26,10,2026-03-08,METROPOLITANO,FRETAMENTO,20.336.241/0001-13,BUSER,CONSORCIO BUS +,BUS +,São Paulo,,PRESTAÇÃO DE SERVIÇO DA EMPRESA,PLANEJAMENTO,2026-03-06,-2.0,NO PRAZO,-2.0,INTERMUNICIPAL,OK
2026022411222054,134.00008653/2026-13,2026-02-26,10,2026-03-08,METROPOLITANO,,,,,,Bragança Paulista,Osasco,INCLUSÃO DE NOVAS LINHAS,PLANEJAMENTO,2026-03-02,-6.0,NO PRAZO,-6.0,INTERMUNICIPAL,OK
2026022412454378,134.00008522/2026-36,2026-02-26,20,2026-03-18,METROPOLITANO,REGULAR,20.336.241/0001-13,BUS +,CONSORCIO BUS +,BUS +,Sumaré,Campinas,ADIANTAMENTO/ATRASO DE VEÍCULO,FISCALIZAÇÃO,2026-03-10,-8.0,NO PRAZO,-8.0,CAMPINAS,OK
2026022008203196,134.00008527/2026-69,2026-02-26,20,2026-03-18,METROPOLITANO,REGULAR,20.336.241/0001-13,BUS +,CONSORCIO BUS +,BUS +,Sumaré,Campinas,ADIANTAMENTO/ATRASO DE VEÍCULO,FISCALIZAÇÃO,2026-03-10,-8.0,NO PRAZO,-8.0,CAMPINAS,OK
2026022417285720,134.00008651/2026-24,2026-02-26,20,2026-03-18,METROPOLITANO,REGULAR,20.336.241/0001-13,BUS +,CONSORCIO BUS +,BUS +,Sumaré,Campinas,ADIANTAMENTO/ATRASO DE VEÍCULO,FISCALIZAÇÃO,2026-03-10,-8.0,NO PRAZO,-8.0,CAMPINAS,OK
2026012112194420,134.00008693/2026-65,2026-02-27,10,2026-03-09,METROPOLITANO,REGULAR,08.419.802/0001-42,ANHANGUERA,CONSÓRCIO ANHANGUERA,ANHANGUERA,Franco da Rocha,Cajamar,MUDANÇA DE TABELA DE HORÁRIO,PLANEJAMENTO,2026-03-02,-7.0,NO PRAZO,-7.0,METROPOLITANO,OK
2026021220382337,134.00008730/2026-35,2026-02-27,20,2026-03-19,METROPOLITANO,REGULAR,20.336.241/0001-13,BUS +,CONSORCIO BUS +,BUS +,Santa Bárbara d'Oeste,Campinas,ADIANTAMENTO/ATRASO DE VEÍCULO,FISCALIZAÇÃO,2026-03-10,-9.0,NO PRAZO,-9.0,CAMPINAS,OK
2026022408225680,134.00008990/2026-19,2026-02-27,10,2026-03-09,METROPOLITANO,FRETAMENTO,46.917.472/0001-04,PEVETUR,PEVÊ-TUR TRANSPORTES E TURISMO LTDA,,Ubarana,José Bonifácio,ADIANTAMENTO/ATRASO DE VEÍCULO,FISCALIZAÇÃO,2026-03-04,-5.0,NO PRAZO,-5.0,INTERMUNICIPAL,OK
2026022507022651,134.00008991/2026-55,2026-02-27,20,2026-03-19,METROPOLITANO,FRETAMENTO,13.835.628/0001-59,RAPIDO D'OESTE,RAPIDO BRASIL LOCADORA LTDA - ME,RAPIDO BRASIL,Pontal,Sertãozinho,SUPERLOTAÇÃO DE ÔNIBUS,FISCALIZAÇÃO,,-46100.0,NO PRAZO,-46100.0,INTERMUNICIPAL,PENDENTE
2026022511361485,134.00008992/2026-08,2026-02-27,20,2026-03-19,METROPOLITANO,FRETAMENTO,44.341.190/0001-86,VIAÇÃO FENIX,MHS TRANSPORTE E TURISMO LTDA - ME,FENIX,Amparo,São Paulo,MÁ CONDIÇÃO DE VEÍCULO,FISCALIZAÇÃO,2026-03-16,-3.0,NO PRAZO,-3.0,INSPEÇÃO,OK
2026022422395664,134.00008993/2026-44,2026-02-27,10,2026-03-09,METROPOLITANO,REGULAR,21.659.864/0001-90,BR MOBILIDADE,BR MOBILIDADE BAIXADA SANTISTA S.A. - SPE,BR MOBILIDADE,Praia Grande,Santos,SUPERLOTAÇÃO DE ÔNIBUS,PLANEJAMENTO,2026-03-13,4.0,ATRASADO,4.0,BAIXADA SANTISTA/GPLA,OK
2026022407430037,134.00008994/2026-99,2026-02-27,20,2026-03-19,METROPOLITANO,REGULAR,40.181.203/0001-46,NEXTMOBILIDADE,ABC SISTEMA DE TRANSPORTE SPE S.A.,NEXTMOBILIDADE,São Caetano do Sul,Diadema,SUPERLOTAÇÃO DE ÔNIBUS,FISCALIZAÇÃO,2026-03-20,1.0,ATRASADO,1.0,SÃO PAULO,OK
2026022408283830,134.00008995/2026-33,2026-02-27,20,2026-03-19,METROPOLITANO,REGULAR,61.563.557/0001-25,PASSARO MARRON,EMPRESA DE ÔNIBUS PASSARO MARRON S/A,PASSARO MARRON,São Paulo,São Sebastião,MÁ CONDIÇÃO DE VEÍCULO,FISCALIZAÇÃO,2026-03-18,-1.0,NO PRAZO,-1.0,INTERMUNICIPAL,OK
2026022511293758,134.00008996/2026-88,2026-02-27,10,2026-03-09,METROPOLITANO,FRETAMENTO,54.360.623/0001-02,PIRACICABANA,VIAÇÃO PIRACICABANA S/A,PIRACICABANA,São Paulo,,GRATUIDADE DE IDOSOS,FISCALIZAÇÃO,2026-03-05,-4.0,NO PRAZO,-4.0,INTERMUNICIPAL,OK
2026022516093578,134.00008997/2026-22,2026-02-27,10,2026-03-09,METROPOLITANO,,,,,,Carapicuíba,Osasco,INCLUSÃO DE NOVAS LINHAS,PLANEJAMENTO,2026-03-02,-7.0,NO PRAZO,-7.0,METROPOLITANO,OK
2026022601232849,134.00009038/2026-24,2026-03-02,10,2026-03-12,METROPOLITANO,,,,,,São Carlos,Olímpia,INCLUSÃO DE NOVAS LINHAS,PLANEJAMENTO,2026-03-04,-8.0,NO PRAZO,-8.0,TC4 - ARARAQUARA,OK
2026022605503832,134.00009053/2026-72,2026-03-02,10,2026-03-12,METROPOLITANO,REGULAR,45.992.724/0001-05,RAPIDO CAMPINAS,RAPIDO LUXO CAMPINAS LTDA,RAPIDO CAMPINAS,Tatuí,Cesário Lange,SUPERLOTAÇÃO DE ÔNIBUS,FISCALIZAÇÃO,2026-03-06,-6.0,NO PRAZO,-6.0,INTERMUNICIPAL,OK
2026022608493986,134.00009127/2026-71,2026-03-02,20,2026-03-22,METROPOLITANO,REGULAR,20.336.241/0001-13,BUS +,CONSORCIO BUS +,BUS +,Artur Nogueira,Holambra,ADIANTAMENTO/ATRASO DE VEÍCULO,FISCALIZAÇÃO,2026-03-16,-6.0,NO PRAZO,-6.0,CAMPINAS,OK
2026022608561264,134.00009130/2026-94,2026-03-02,20,2026-03-22,METROPOLITANO,REGULAR,20.336.241/0001-13,BUS +,CONSORCIO BUS +,BUS +,Sumaré,Campinas,ADIANTAMENTO/ATRASO DE VEÍCULO,FISCALIZAÇÃO,2026-03-16,-6.0,NO PRAZO,-6.0,CAMPINAS,OK
2026022617402613,134.00009214/2026-28,2026-03-02,20,2026-03-22,METROPOLITANO,FRETAMENTO,44.341.190/0001-86,VIAÇÃO FENIX,MHS TRANSPORTE E TURISMO LTDA - ME,FENIX,Itatiba,Jundiaí,ADIANTAMENTO/ATRASO DE VEÍCULO,FISCALIZAÇÃO,2026-03-16,-6.0,NO PRAZO,-6.0,INTERMUNICIPAL,OK
2026022614273669,134.00009218/2026-14,2026-03-02,20,2026-03-22,METROPOLITANO,FRETAMENTO,,MOVA LOCAÇÕES,,,São Paulo,Mogi das Cruzes,SOLICITAÇÃO FRETAMENTO,FISCALIZAÇÃO,2026-03-22,0.0,NO PRAZO,0.0,FRETAMENTO,OK
2026022617013810,134.00009219/2026-51,2026-03-02,10,2026-03-12,METROPOLITANO,FRETAMENTO,44.944.577/0001-27,VIAÇÃO SÃO BENTO,VIAÇÃO SÃO BENTO LTDA,,Ribeirão Preto,,BENEFICIO DE ESTUDANTE,PLANEJAMENTO,2026-03-04,-8.0,NO PRAZO,-8.0,TC1 - CAMPINAS,OK
2026022610231417,134.00009221/2026-20,2026-03-02,20,2026-03-22,METROPOLITANO,REGULAR,20.336.241/0001-13,BUS +,CONSORCIO BUS +,BUS +,Sumaré,Campinas,ADIANTAMENTO/ATRASO DE VEÍCULO,FISCALIZAÇÃO,2026-03-16,-6.0,NO PRAZO,-6.0,CAMPINAS,OK
2026022011192349,134.00009338/2026-11,2026-03-03,20,2026-03-23,METROPOLITANO,REGULAR,40.181.203/0001-46,NEXTMOBILIDADE,ABC SISTEMA DE TRANSPORTE SPE S.A.,NEXTMOBILIDADE,São Paulo,Santo André,SUPERLOTAÇÃO DE ÔNIBUS,FISCALIZAÇÃO,2026-03-23,0.0,NO PRAZO,0.0,SÃO PAULO,OK
2026022707540147,134.00009343/2026-16,2026-03-03,20,2026-03-23,METROPOLITANO,REGULAR,08.419.802/0001-42,ANHANGUERA,CONSÓRCIO ANHANGUERA,ANHANGUERA,Carapicuíba,Barueri,ADIANTAMENTO/ATRASO DE VEÍCULO,FISCALIZAÇÃO,2026-03-23,0.0,NO PRAZO,0.0,SÃO PAULO,OK
2026022710253451,134.00009350/2026-18,2026-03-03,10,2026-03-13,METROPOLITANO,,,,,,Cabreúva,,MÁ CONDUTA DE FUNCIONÁRIOS,FISCALIZAÇÃO,2026-03-05,-8.0,NO PRAZO,-8.0,INTERMUNICIPAL,OK
2026020913140486,134.00009357/2026-30,2026-03-03,20,2026-03-23,METROPOLITANO,FRETAMENTO,54.360.623/0001-02,PIRACICABANA,VIAÇÃO PIRACICABANA S/A,PIRACICABANA,,,MÁ CONDUTA DE FUNCIONÁRIOS,FISCALIZAÇÃO,,-46104.0,NO PRAZO,-46104.0,INTERMUNICIPAL,PENDENTE
2026022710522629,134.00009358/2026-84,2026-03-03,20,2026-03-23,METROPOLITANO,REGULAR,08.351.253/0001-11,INTERNORTE,CONSÓRCIO INTERNORTE DE TRANSPORTES,INTERNORTE,Guarulhos,São Paulo,MUDANÇA DE ITINERÁRIO,FISCALIZAÇÃO,2026-03-23,0.0,NO PRAZO,0.0,SÃO PAULO,OK
2026022711232850,134.00009397/2026-81,2026-03-03,10,2026-03-13,METROPOLITANO,REGULAR,45.992.724/0001-05,RAPIDO CAMPINAS,RAPIDO LUXO CAMPINAS LTDA,RAPIDO CAMPINAS,Campo Limpo Paulista,Jundiaí,ADIANTAMENTO/ATRASO DE VEÍCULO,FISCALIZAÇÃO,2026-03-12,-1.0,NO PRAZO,-1.0,INTERMUNICIPAL,OK
2026021612205639,134.00009398/2026-26,2026-03-03,10,2026-03-13,METROPOLITANO,FRETAMENTO,54.360.623/0001-02,PIRACICABANA,VIAÇÃO PIRACICABANA S/A,PIRACICABANA,,,PRESTAÇÃO DE SERVIÇO DA EMPRESA,PLANEJAMENTO,2026-03-09,-4.0,NO PRAZO,-4.0,INTERMUNICIPAL,OK
2026022713160563,134.00009399/2026-71,2026-03-03,10,2026-03-13,METROPOLITANO,REGULAR,53.401.659/0001-16,TRANS-CINTER,CIDADE NATUREZA TRANSPORTES E TURISMO LTDA,TRANS-CINTER,Monteiro Lobato,São José dos Campos,MÁ CONDIÇÃO DE VEÍCULO,FISCALIZAÇÃO,2026-03-10,-3.0,NO PRAZO,-3.0,INSPEÇÃO,OK
2026022712144816,134.00009400/2026-67,2026-03-03,10,2026-03-13,METROPOLITANO,REGULAR,45.992.724/0001-05,RAPIDO CAMPINAS,RAPIDO LUXO CAMPINAS LTDA,RAPIDO CAMPINAS,Araçoiaba da Serra,Sorocaba,MUDANÇA DE TABELA DE HORÁRIO,PLANEJAMENTO,2026-03-05,-8.0,NO PRAZO,-8.0,METROPOLITANO,OK
2026022713084039,134.00009401/2026-10,2026-03-03,10,2026-03-13,METROPOLITANO,,,,,,Monteiro Lobato,São José dos Campos,INCLUSÃO DE NOVAS LINHAS,PLANEJAMENTO,2026-03-05,-8.0,NO PRAZO,-8.0,METROPOLITANO,OK
2026030100193718,134.00009436/2026-41,2026-03-04,25,2026-03-29,METROPOLITANO,,,,,,São Paulo,,TRANSPORTE CLANDESTINO,FISCALIZAÇÃO,,-46110.0,NO PRAZO,-46110.0,SÃO PAULO,PENDENTE
2026030107582661,134.00009471/2026-60,2026-03-04,25,2026-03-29,METROPOLITANO,,,,,,Arujá,São Paulo,TRANSPORTE CLANDESTINO,FISCALIZAÇÃO,,-46110.0,NO PRAZO,-46110.0,SÃO PAULO,PENDENTE
2026022807342787,134.00009482/2026-40,2026-03-04,20,2026-03-24,METROPOLITANO,REGULAR,20.336.241/0001-13,BUS +,CONSORCIO BUS +,BUS +,Sumaré,Campinas,NÃO PARADA DO VEÍCULO NO PONTO,FISCALIZAÇÃO,2026-03-23,-1.0,NO PRAZO,-1.0,CAMPINAS,OK
2026022812573888,134.00009485/2026-83,2026-03-04,10,2026-03-14,METROPOLITANO,REGULAR,08.351.253/0001-11,INTERNORTE,CONSÓRCIO INTERNORTE DE TRANSPORTES,INTERNORTE,Arujá,Guarulhos,PRESTAÇÃO DE SERVIÇO DA EMPRESA,PLANEJAMENTO,2026-03-06,-8.0,NO PRAZO,-8.0,METROPOLITANO,OK
2026022813222020,134.00009486/2026-28,2026-03-04,10,2026-03-14,METROPOLITANO,REGULAR,08.351.253/0001-11,INTERNORTE,CONSÓRCIO INTERNORTE DE TRANSPORTES,INTERNORTE,Arujá,Guarulhos,PRESTAÇÃO DE SERVIÇO DA EMPRESA,PLANEJAMENTO,2026-03-06,-8.0,NO PRAZO,-8.0,METROPOLITANO,OK
2026022814295322,134.00009489/2026-61,2026-03-04,20,2026-03-24,METROPOLITANO,REGULAR,08.351.253/0001-11,INTERNORTE,CONSÓRCIO INTERNORTE DE TRANSPORTES,INTERNORTE,Guarulhos,São Paulo,TRANSPORTE CLANDESTINO,FISCALIZAÇÃO,2026-03-23,-1.0,NO PRAZO,-1.0,SÃO PAULO,OK
2026030109475460,134.00009498/2026-52,2026-03-04,10,2026-03-14,METROPOLITANO,FRETAMENTO,61.084.018/0001-03,VIAÇÃO COMETA,VIAÇÃO COMETA S/A,COMETA,Guarulhos,Sorocaba,MÁ CONDIÇÃO DE VEÍCULO,FISCALIZAÇÃO,2026-03-11,-3.0,NO PRAZO,-3.0,INSPEÇÃO,OK
2026030121184957,134.00009594/2026-09,2026-03-04,20,2026-03-24,METROPOLITANO,FRETAMENTO,13.835.628/0001-59,RAPIDO D'OESTE,RAPIDO BRASIL LOCADORA LTDA - ME,RAPIDO BRASIL,Pontal,Sertãozinho,SUPERLOTAÇÃO DE ÔNIBUS,FISCALIZAÇÃO,2026-03-23,-1.0,NO PRAZO,-1.0,INTERMUNICIPAL,OK
2026021109405582,134.00009591/2026-67,2026-03-04,10,2026-03-14,METROPOLITANO,FRETAMENTO,44.341.190/0001-86,VIAÇÃO FENIX,MHS TRANSPORTE E TURISMO LTDA - ME,FENIX,Itatiba,Jundiaí,ADIANTAMENTO/ATRASO DE VEÍCULO,FISCALIZAÇÃO,2026-03-11,-3.0,NO PRAZO,-3.0,INTERMUNICIPAL,OK
2026030121300983,134.00009595/2026-45,2026-03-04,10,2026-03-14,METROPOLITANO,FRETAMENTO,67.356.568/0001-10,GUERINO SEISCENTOS,GUERINI PLANEJAMENTOS LTDA,GUERINI PLANEJAMENTOS LTD,Bauru,Dracena,BENEFICIO DE ESTUDANTE,PLANEJAMENTO,2026-03-06,-8.0,NO PRAZO,-8.0,TC3 - BAURU,OK
2026030414435938,134.00009599/2026-23,2026-03-04,20,2026-03-24,METROPOLITANO,REGULAR,08.351.253/0001-11,INTERNORTE,CONSÓRCIO INTERNORTE DE TRANSPORTES,INTERNORTE,Guarulhos,São Paulo,ADIANTAMENTO/ATRASO DE VEÍCULO,FISCALIZAÇÃO,2026-03-23,-1.0,NO PRAZO,-1.0,SÃO PAULO,OK
2026030205303466,134.00009597/2026-34,2026-03-04,10,2026-03-14,METROPOLITANO,REGULAR,08.351.253/0001-11,INTERNORTE,CONSÓRCIO INTERNORTE DE TRANSPORTES,INTERNORTE,Guarulhos,São Paulo,SUPERLOTAÇÃO DE ÔNIBUS,PLANEJAMENTO,2026-03-06,-8.0,NO PRAZO,-8.0,METROPOLITANO,OK
2026021918530588,134.00009596/2026-90,2026-03-04,10,2026-03-14,METROPOLITANO,,,,,,Santos,,BILHETE DE PASSAGEM,FISCALIZAÇÃO,2026-03-12,-2.0,NO PRAZO,-2.0,BAIXADA SANTISTA,OK
2026030206473065,134.00009602/2026-17,2026-03-04,20,2026-03-24,METROPOLITANO,FRETAMENTO,44.341.190/0001-86,VIAÇÃO FENIX,MHS TRANSPORTE E TURISMO LTDA - ME,FENIX,Itatiba,Jundiaí,ADIANTAMENTO/ATRASO DE VEÍCULO,FISCALIZAÇÃO,2026-03-16,-8.0,NO PRAZO,-8.0,INTERMUNICIPAL,OK
2026030209160447,134.00009603/2026-53,2026-03-04,10,2026-03-14,METROPOLITANO,REGULAR,45.992.724/0001-05,RAPIDO CAMPINAS,RAPIDO LUXO CAMPINAS LTDA,RAPIDO CAMPINAS,Cabreúva,Jundiaí,ADIANTAMENTO/ATRASO DE VEÍCULO,FISCALIZAÇÃO,2026-03-12,-2.0,NO PRAZO,-2.0,INTERMUNICIPAL,OK
2026030209204351,134.00009604/2026-06,2026-03-04,10,2026-03-14,METROPOLITANO,FRETAMENTO,75.156.265/0001-82,TRANSPEN,TRANSPEN-TRANSPORTE COLETIVO E ENCOMENDAS LTDA,,Angatuba,Itapetininga,ADIANTAMENTO/ATRASO DE VEÍCULO,FISCALIZAÇÃO,2026-03-06,-8.0,NO PRAZO,-8.0,INTERMUNICIPAL,OK
2026030211231914,134.00009605/2026-42,2026-03-04,10,2026-03-14,METROPOLITANO,,,,,,,,SOLICITAÇÃO DE INFORMAÇÃO,PLANEJAMENTO,2026-03-06,-8.0,NO PRAZO,-8.0,METROPOLITANO,OK
2026030212092956,134.00009607/2026-31,2026-03-04,20,2026-03-24,METROPOLITANO,FRETAMENTO,54.360.623/0001-02,PIRACICABANA,VIAÇÃO PIRACICABANA S/A,PIRACICABANA,Piracicaba,São Paulo,PRESTAÇÃO DE SERVIÇO DA EMPRESA,PLANEJAMENTO,,-46105.0,NO PRAZO,-46105.0,INTERMUNICIPAL,PENDENTE
2026030210490254,,2026-03-04,10,2026-03-14,METROPOLITANO,,,,,,Itapetininga,São Paulo,SOLICITAÇÃO DE INFORMAÇÃO,SUCOL ATENDIMENTO,2026-03-04,-10.0,NO PRAZO,-10.0,,OK
2026030211450815,134.00009697/2026-61,2026-03-04,10,2026-03-14,METROPOLITANO,FRETAMENTO,44.341.190/0001-86,VIAÇÃO FENIX,MHS TRANSPORTE E TURISMO LTDA - ME,FENIX,Itatiba,Jundiaí,RÉPLICA DE MANIFESTAÇÃO,SUCOL ATENDIMENTO,2026-03-11,-3.0,NO PRAZO,-3.0,,OK
2026030216240360,134.00009697/2026-61,2026-03-05,10,2026-03-15,METROPOLITANO,FRETAMENTO,44.341.190/0001-86,VIAÇÃO FENIX,MHS TRANSPORTE E TURISMO LTDA - ME,FENIX,Itatiba,Jundiaí,ADIANTAMENTO/ATRASO DE VEÍCULO,FISCALIZAÇÃO,2026-03-11,-4.0,NO PRAZO,-4.0,INTERMUNICIPAL,OK
2026030220501962,134.00009773/2026-38,2026-03-05,10,2026-03-15,METROPOLITANO,FRETAMENTO,11.748.580/0001-16,CN BRASIL TRANSPORTES,VERA LUCIA DA SILVA DOS ANJOS,TRANSP E LOC DOS ANJOS,,,SOLICITAÇÃO FRETAMENTO,FISCALIZAÇÃO,2026-03-09,-6.0,NO PRAZO,-6.0,FRETAMENTO,OK
2026030307221398,134.00009774/2026-82,2026-03-05,10,2026-03-15,METROPOLITANO,,,,,,Guarulhos,São Paulo,MUDANÇA DE TABELA DE HORÁRIO,PLANEJAMENTO,2026-03-09,-6.0,NO PRAZO,-6.0,METROPOLITANO,OK
2026022007500532,134.00009777/2026-16,2026-03-05,20,2026-03-25,METROPOLITANO,REGULAR,45.992.724/0001-05,RAPIDO CAMPINAS,RAPIDO LUXO CAMPINAS LTDA,RAPIDO CAMPINAS,Mogi das Cruzes,São Paulo,ADIANTAMENTO/ATRASO DE VEÍCULO,FISCALIZAÇÃO,2026-03-16,-9.0,NO PRAZO,-9.0,SÃO PAULO,OK
2026030307315422,134.00009780/2026-30,2026-03-05,20,2026-03-25,METROPOLITANO,REGULAR,45.992.724/0001-05,RAPIDO CAMPINAS,RAPIDO LUXO CAMPINAS LTDA,RAPIDO CAMPINAS,Itupeva,Jundiaí,ADIANTAMENTO/ATRASO DE VEÍCULO,FISCALIZAÇÃO,2026-03-19,-6.0,NO PRAZO,-6.0,INTERMUNICIPAL,OK
2026030309271935,134.00009697/2026-61,2026-03-05,20,2026-03-25,METROPOLITANO,FRETAMENTO,44.341.190/0001-86,VIAÇÃO FENIX,MHS TRANSPORTE E TURISMO LTDA - ME,FENIX,Itatiba,Jundiaí,ADIANTAMENTO/ATRASO DE VEÍCULO,FISCALIZAÇÃO,,-46106.0,NO PRAZO,-46106.0,INTERMUNICIPAL,PENDENTE
2026030310001357,134.00009839/2026-90,2026-03-05,20,2026-03-25,METROPOLITANO,REGULAR,50.479.476/0001-25,JACAREI,VIAÇÃO JACAREI LTDA,JACAREI,Jacareí,São José dos Campos,SUPERLOTAÇÃO DE ÔNIBUS,FISCALIZAÇÃO,2026-03-23,-2.0,NO PRAZO,-2.0,VALE DO PARAIBA,OK
2026030309224577,134.00009840/2026-14,2026-03-05,20,2026-03-25,METROPOLITANO,REGULAR,08.390.180/0001-77,INTERVIAS,CONSÓRCIO INTERVIAS,INTERVIAS,Embu das Artes,São Paulo,SUPERLOTAÇÃO DE ÔNIBUS,FISCALIZAÇÃO,,-46106.0,NO PRAZO,-46106.0,SÃO PAULO,PENDENTE
2026022822344861,134.00009912/2026-23,2026-03-06,20,2026-03-26,METROPOLITANO,REGULAR,08.351.253/0001-11,INTERNORTE,CONSÓRCIO INTERNORTE DE TRANSPORTES,INTERNORTE,Guarulhos,São Paulo,MÁ CONDUTA DO MOTORISTA,FISCALIZAÇÃO,,-46107.0,NO PRAZO,-46107.0,SÃO PAULO,PENDENTE
2026030312510612,134.00009917/2026-56,2026-03-06,25,2026-03-31,METROPOLITANO,FRETAMENTO, ,TURISTICA ARACATUBA,,,Mirandópolis,Araçatuba,TRANSPORTE CLANDESTINO,FISCALIZAÇÃO,,-46112.0,NO PRAZO,-46112.0,INTERMUNICIPAL,PENDENTE
2026030313403477,134.00009933/2026-49,2026-03-06,20,2026-03-26,METROPOLITANO,REGULAR,45.992.724/0001-05,RAPIDO CAMPINAS,RAPIDO LUXO CAMPINAS LTDA,RAPIDO CAMPINAS,Itatiba,Jundiaí,ADIANTAMENTO/ATRASO DE VEÍCULO,FISCALIZAÇÃO,2026-03-18,-8.0,NO PRAZO,-8.0,INTERMUNICIPAL,OK
2026030313450126,134.00009935/2026-38,2026-03-06,10,2026-03-16,METROPOLITANO,REGULAR,61.563.557/0001-25,PASSARO MARRON,EMPRESA DE ÔNIBUS PASSARO MARRON S/A,PASSARO MARRON,Pindamonhangaba,Taubaté,MUDANÇA DE ITINERÁRIO,PLANEJAMENTO,2026-03-09,-7.0,NO PRAZO,-7.0,METROPOLITANO,OK
2026022402475356,134.00009999/2026-39,2026-03-06,10,2026-03-16,METROPOLITANO,REGULAR,08.419.802/0001-42,ANHANGUERA,CONSÓRCIO ANHANGUERA,ANHANGUERA,São Paulo,Barueri,MUDANÇA DE TABELA DE HORÁRIO,PLANEJAMENTO,2026-03-09,-7.0,NO PRAZO,-7.0,METROPOLITANO,OK
2026030312581889,134.00010004/2026-82,2026-03-06,20,2026-03-26,METROPOLITANO,REGULAR,08.390.180/0001-77,INTERVIAS,CONSÓRCIO INTERVIAS,INTERVIAS,Itapecerica da Serra,São Paulo,ADIANTAMENTO/ATRASO DE VEÍCULO,FISCALIZAÇÃO,,-46107.0,NO PRAZO,-46107.0,SÃO PAULO,PENDENTE
2026030313505884,134.00009935/2026-38,2026-03-06,20,2026-03-26,METROPOLITANO,REGULAR,61.563.557/0001-25,PASSARO MARRON,EMPRESA DE ÔNIBUS PASSARO MARRON S/A,PASSARO MARRON,Pindamonhangaba,Taubaté,MUDANÇA DE ITINERÁRIO,PLANEJAMENTO,,-46107.0,NO PRAZO,-46107.0,METROPOLITANO,PENDENTE
2026022311211730,134.00010011/2026-84,2026-03-06,10,2026-03-16,METROPOLITANO,REGULAR,08.419.802/0001-42,ANHANGUERA,CONSÓRCIO ANHANGUERA,ANHANGUERA,,Osasco,MUDANÇA DE TABELA DE HORÁRIO,PLANEJAMENTO,2026-03-09,-7.0,NO PRAZO,-7.0,METROPOLITANO,OK
2026030318565133,134.00010207/2026-79,2026-03-06,20,2026-03-26,METROPOLITANO,REGULAR,08.390.180/0001-77,INTERVIAS,CONSÓRCIO INTERVIAS,INTERVIAS,Embu-Guaçu,São Paulo,ADIANTAMENTO/ATRASO DE VEÍCULO,FISCALIZAÇÃO,,-46107.0,NO PRAZO,-46107.0,SÃO PAULO,PENDENTE
2026030316425131,134.00010209/2026-68,2026-03-06,20,2026-03-26,METROPOLITANO,REGULAR,08.390.180/0001-77,INTERVIAS,CONSÓRCIO INTERVIAS,INTERVIAS,,,ADIANTAMENTO/ATRASO DE VEÍCULO,FISCALIZAÇÃO,,-46107.0,NO PRAZO,-46107.0,SÃO PAULO,PENDENTE
2026030317205319,134.00009935/2026-38,2026-03-06,20,2026-03-26,METROPOLITANO,REGULAR,61.563.557/0001-25,PASSARO MARRON,EMPRESA DE ÔNIBUS PASSARO MARRON S/A,PASSARO MARRON,Pindamonhangaba,Taubaté,MUDANÇA DE ITINERÁRIO,PLANEJAMENTO,,-46107.0,NO PRAZO,-46107.0,METROPOLITANO,PENDENTE
2026030220533086,134.00010213/2026-26,2026-03-06,20,2026-03-26,METROPOLITANO,REGULAR,08.351.253/0001-11,INTERNORTE,CONSÓRCIO INTERNORTE DE TRANSPORTES,INTERNORTE,Guarulhos,São Paulo,ADIANTAMENTO/ATRASO DE VEÍCULO,FISCALIZAÇÃO,,-46107.0,NO PRAZO,-46107.0,SÃO PAULO,PENDENTE
2026030314294969,134.00010216/2026-60,2026-03-06,20,2026-03-26,METROPOLITANO,FRETAMENTO,55.334.262/0001-84,ANDORINHA,EMPRESA DE TRANSPORTES ANDORINHA S/A,,Assis,,PRESTAÇÃO DE SERVIÇO DA EMPRESA,PLANEJAMENTO,,-46107.0,NO PRAZO,-46107.0,TC3 - BAURU,PENDENTE
2026030415050718,134.00010225/2026-51,2026-03-06,10,2026-03-16,METROPOLITANO,REGULAR,08.419.802/0001-42,ANHANGUERA,CONSÓRCIO ANHANGUERA,ANHANGUERA,São Paulo,Embu das Artes,MUDANÇA DE TABELA DE HORÁRIO,PLANEJAMENTO,2026-03-09,-7.0,NO PRAZO,-7.0,METROPOLITANO,OK
2026030408333842,134.00010227/2026-40,2026-03-06,20,2026-03-26,METROPOLITANO,REGULAR,08.390.180/0001-77,INTERVIAS,CONSÓRCIO INTERVIAS,INTERVIAS,Embu das Artes,São Paulo,SUPERLOTAÇÃO DE ÔNIBUS,FISCALIZAÇÃO,,-46107.0,NO PRAZO,-46107.0,SÃO PAULO,PENDENTE
2026030220521569,,2026-03-06,10,2026-03-16,METROPOLITANO,REGULAR,08.351.253/0001-11,INTERNORTE,CONSÓRCIO INTERNORTE DE TRANSPORTES,INTERNORTE,Guarulhos,São Paulo,ADIANTAMENTO/ATRASO DE VEÍCULO,FISCALIZAÇÃO,2026-03-06,-10.0,NO PRAZO,-10.0,SÃO PAULO,OK
2026030409560268,134.00010231/2026-16,2026-03-06,20,2026-03-26,METROPOLITANO,REGULAR,45.992.724/0001-05,RAPIDO CAMPINAS,RAPIDO LUXO CAMPINAS LTDA,RAPIDO CAMPINAS,Mairinque,Sorocaba,ADIANTAMENTO/ATRASO DE VEÍCULO,FISCALIZAÇÃO,2026-03-18,-8.0,NO PRAZO,-8.0,CAMPINAS,OK
2026030411155114,134.00010317/2026-31,2026-03-09,10,2026-03-19,METROPOLITANO,REGULAR,61.563.557/0001-25,PASSARO MARRON,EMPRESA DE ÔNIBUS PASSARO MARRON S/A,PASSARO MARRON,São José dos Campos,São Paulo,ACESSIBILIDADE,PLANEJAMENTO,2026-03-13,-6.0,NO PRAZO,-6.0,INTERMUNICIPAL,OK
2026030412180851,134.00010319/2026-20,2026-03-09,10,2026-03-19,METROPOLITANO,REGULAR,45.992.724/0001-05,RAPIDO CAMPINAS,RAPIDO LUXO CAMPINAS LTDA,RAPIDO CAMPINAS,Itupeva,Jundiaí,ADIANTAMENTO/ATRASO DE VEÍCULO,FISCALIZAÇÃO,2026-03-19,0.0,NO PRAZO,0.0,INTERMUNICIPAL,OK
2026022015501186,134.00010366/2026-73,2026-03-09,20,2026-03-29,METROPOLITANO,FRETAMENTO,13.835.628/0001-59,RAPIDO D'OESTE,RAPIDO BRASIL LOCADORA LTDA - ME,RAPIDO BRASIL,Pitangueiras,Ribeirão Preto,SUPERLOTAÇÃO DE ÔNIBUS,FISCALIZAÇÃO,,-46110.0,NO PRAZO,-46110.0,INTERMUNICIPAL,PENDENTE
2026022013205548,134.00010374/2026-10,2026-03-09,20,2026-03-29,METROPOLITANO,REGULAR,45.992.724/0001-05,RAPIDO CAMPINAS,RAPIDO LUXO CAMPINAS LTDA,RAPIDO CAMPINAS,Cajamar,Jundiaí,ADIANTAMENTO/ATRASO DE VEÍCULO,FISCALIZAÇÃO,2026-03-23,-6.0,NO PRAZO,-6.0,INTERMUNICIPAL,OK
2026030420162824,134.00010380/2026-77,2026-03-09,10,2026-03-19,METROPOLITANO,REGULAR,40.181.203/0001-46,NEXTMOBILIDADE,ABC SISTEMA DE TRANSPORTE SPE S.A.,NEXTMOBILIDADE,São Caetano do Sul,São Paulo,MUDANÇA DE TABELA DE HORÁRIO,PLANEJAMENTO,2026-03-13,-6.0,NO PRAZO,-6.0,METROPOLITANO,OK
2026030505415531,134.00010407/2026-21,2026-03-09,10,2026-03-19,METROPOLITANO,,,,,,Bocaina,Jaú,INCLUSÃO DE NOVAS LINHAS,PLANEJAMENTO,2026-03-11,-8.0,NO PRAZO,-8.0,TC3 - BAURU,OK
2026030508493457,134.00010507/2026-58,2026-03-09,10,2026-03-19,METROPOLITANO,REGULAR,20.336.241/0001-13,BUS +,CONSORCIO BUS +,BUS +,Sumaré,Campinas,SUGESTÃO,FISCALIZAÇÃO,2026-03-20,1.0,ATRASADO,1.0,CAMPINAS,OK
2026030509203432,134.00010508/2026-01,2026-03-09,10,2026-03-19,METROPOLITANO,REGULAR,20.336.241/0001-13,BUS +,CONSORCIO BUS +,BUS +,Sumaré,Campinas,ADIANTAMENTO/ATRASO DE VEÍCULO,FISCALIZAÇÃO,2026-03-16,-3.0,NO PRAZO,-3.0,CAMPINAS,OK
2026030511194864,,2026-03-09,10,2026-03-19,METROPOLITANO,,,,,,,,SOLICITAÇÃO DE INFORMAÇÃO,SUCOL ATENDIMENTO,2026-03-09,-10.0,NO PRAZO,-10.0,,OK
2026030515350293,134.00010512/2026-61,2026-03-09,10,2026-03-19,METROPOLITANO,FRETAMENTO,44.341.190/0001-86,VIAÇÃO FENIX,MHS TRANSPORTE E TURISMO LTDA - ME,FENIX,Serra Negra,São Paulo,MÁ CONDIÇÃO DE VEÍCULO,FISCALIZAÇÃO,2026-03-16,-3.0,NO PRAZO,-3.0,INTERMUNICIPAL,OK
2026030515093053,134.00010513/2026-13,2026-03-09,10,2026-03-19,METROPOLITANO,REGULAR,54.248.547/0001-30,VIAÇAO CALVIP,VIAÇÃO CALVIPE LTDA,VIAÇAO CALVIP,Itapetininga,Sarapuí,ADIANTAMENTO/ATRASO DE VEÍCULO,FISCALIZAÇÃO,2026-03-16,-3.0,NO PRAZO,-3.0,INTERMUNICIPAL/PLANEJAMENTO,OK
2026030513550543,134.00010514/2026-50,2026-03-09,10,2026-03-19,METROPOLITANO,FRETAMENTO,54.360.623/0001-02,PIRACICABANA,VIAÇÃO PIRACICABANA S/A,PIRACICABANA,São Paulo,Cubatão,MUDANÇA DE TABELA DE HORÁRIO,PLANEJAMENTO,2026-03-11,-8.0,NO PRAZO,-8.0,INTERMUNICIPAL,OK
2026030513360524,134.00010515/2026-02,2026-03-09,10,2026-03-19,METROPOLITANO,FRETAMENTO,13.245.713/0001-67,VIASOL,VIASOL TRANSPORTES RODOVIÁRIOS LTDA.,,Araras,Limeira,PRESTAÇÃO DE SERVIÇO DA EMPRESA,PLANEJAMENTO,2026-03-20,1.0,ATRASADO,1.0,TC1 - CAMPINAS,OK
2026030514241225,134.00010517/2026-93,2026-03-09,10,2026-03-19,METROPOLITANO,REGULAR,20.336.241/0001-13,BUS +,CONSORCIO BUS +,BUS +,Sumaré,Campinas,SUPERLOTAÇÃO DE ÔNIBUS,FISCALIZAÇÃO,2026-03-16,-3.0,NO PRAZO,-3.0,CAMPINAS,OK
2026020308114345,134.00010518/2026-38,2026-03-09,10,2026-03-19,METROPOLITANO,REGULAR,40.181.203/0001-46,NEXTMOBILIDADE,ABC SISTEMA DE TRANSPORTE SPE S.A.,NEXTMOBILIDADE,Diadema,São Paulo,ADIANTAMENTO/ATRASO DE VEÍCULO,FISCALIZAÇÃO,2026-03-20,1.0,ATRASADO,1.0,SÃO PAULO,OK
2026030514240767,134.00010519/2026-82,2026-03-09,10,2026-03-19,METROPOLITANO,REGULAR,61.563.557/0001-25,PASSARO MARRON,EMPRESA DE ÔNIBUS PASSARO MARRON S/A,PASSARO MARRON,Campos do Jordão,Taubaté,MUDANÇA DE ITINERÁRIO,PLANEJAMENTO,2026-03-11,-8.0,NO PRAZO,-8.0,METROPOLITANO,OK
2026030513081832,134.00010520/2026-15,2026-03-09,10,2026-03-19,METROPOLITANO,REGULAR,20.336.241/0001-13,BUS +,CONSORCIO BUS +,BUS +,Campinas,Sumaré,MUDANÇA DE TABELA DE HORÁRIO,PLANEJAMENTO,2026-03-13,-6.0,NO PRAZO,-6.0,METROPOLITANO,OK
2026030514283658,134.00010521/2026-51,2026-03-09,10,2026-03-19,METROPOLITANO,REGULAR,45.992.724/0001-05,RAPIDO CAMPINAS,RAPIDO LUXO CAMPINAS LTDA,RAPIDO CAMPINAS,Tatuí,Sorocaba,MUDANÇA DE TABELA DE HORÁRIO,PLANEJAMENTO,2026-03-16,-3.0,NO PRAZO,-3.0,METROPOLITANO,OK
2026030517554949,134.00010601/2026-15,2026-03-10,10,2026-03-20,METROPOLITANO,REGULAR,21.659.864/0001-90,BR MOBILIDADE,BR MOBILIDADE BAIXADA SANTISTA S.A. - SPE,BR MOBILIDADE,Santos,Peruíbe,ADIANTAMENTO/ATRASO DE VEÍCULO,PLANEJAMENTO,2026-03-13,-7.0,NO PRAZO,-7.0,BAIXADA SANTISTA/GPLA,OK
2026030518422912,134.00010604/2026-41,2026-03-10,10,2026-03-20,METROPOLITANO,REGULAR,21.659.864/0001-90,BR MOBILIDADE,BR MOBILIDADE BAIXADA SANTISTA S.A. - SPE,BR MOBILIDADE,Cubatão,Santos,ADIANTAMENTO/ATRASO DE VEÍCULO,PLANEJAMENTO,2026-03-13,-7.0,NO PRAZO,-7.0,BAIXADA SANTISTA/GPLA,OK
2026020410441992,,2026-03-10,10,2026-03-20,METROPOLITANO,REGULAR,08.351.253/0001-11,INTERNORTE,CONSÓRCIO INTERNORTE DE TRANSPORTES,INTERNORTE,Guarulhos,São Paulo,ADIANTAMENTO/ATRASO DE VEÍCULO,SUCOL ATENDIMENTO,2026-03-10,-10.0,NO PRAZO,-10.0,RTO,OK
2026030607585776,134.00010703/2026-22,2026-03-10,20,2026-03-30,METROPOLITANO,REGULAR,45.992.724/0001-05,RAPIDO CAMPINAS,RAPIDO LUXO CAMPINAS LTDA,RAPIDO CAMPINAS,Várzea Paulista,Jundiaí,ADIANTAMENTO/ATRASO DE VEÍCULO,FISCALIZAÇÃO,,-46111.0,NO PRAZO,-46111.0,INTERMUNICIPAL,PENDENTE
2026030608590388,134.00010713/2026-68,2026-03-10,10,2026-03-20,METROPOLITANO,REGULAR,08.351.253/0001-11,INTERNORTE,CONSÓRCIO INTERNORTE DE TRANSPORTES,INTERNORTE,Mairiporã,São Paulo,MUDANÇA DE TABELA DE HORÁRIO,PLANEJAMENTO,2026-03-11,-9.0,NO PRAZO,-9.0,METROPOLITANO,OK
2026030609290729,134.00010773/2026-81,2026-03-10,10,2026-03-20,METROPOLITANO,FRETAMENTO,44.341.190/0001-86,VIAÇÃO FENIX,MHS TRANSPORTE E TURISMO LTDA - ME,FENIX,Itatiba,Jundiaí,ADIANTAMENTO/ATRASO DE VEÍCULO,FISCALIZAÇÃO,2026-03-11,-9.0,NO PRAZO,-9.0,INTERMUNICIPAL,OK
2026030612314468,134.00010774/2026-25,2026-03-10,20,2026-03-30,METROPOLITANO,REGULAR,45.992.724/0001-05,RAPIDO CAMPINAS,RAPIDO LUXO CAMPINAS LTDA,RAPIDO CAMPINAS,Jundiaí,Cabreúva,PRESTAÇÃO DE SERVIÇO DA EMPRESA,PLANEJAMENTO,,-46111.0,NO PRAZO,-46111.0,TC1 - CAMPINAS,PENDENTE
2026030609524472,134.00010775/2026-70,2026-03-10,20,2026-03-30,METROPOLITANO,FRETAMENTO,61.084.018/0001-03,VIAÇÃO COMETA,VIAÇÃO COMETA S/A,COMETA,São Paulo,Praia Grande,ACESSIBILIDADE,PLANEJAMENTO,,-46111.0,NO PRAZO,-46111.0,INTERMUNICIPAL,PENDENTE
2026030610315520,134.00010776/2026-14,2026-03-10,10,2026-03-20,METROPOLITANO,,,,,,,,MUDANÇA DE ITINERÁRIO,PLANEJAMENTO,2026-03-12,-8.0,NO PRAZO,-8.0,METROPOLITANO,OK
2026030609562748,134.00010777/2026-69,2026-03-10,10,2026-03-20,METROPOLITANO,REGULAR,08.351.253/0001-11,INTERNORTE,CONSÓRCIO INTERNORTE DE TRANSPORTES,INTERNORTE,São Paulo,Guarulhos,PRESTAÇÃO DE SERVIÇO DA EMPRESA,PLANEJAMENTO,2026-03-13,-7.0,NO PRAZO,-7.0,METROPOLITANO,OK
2026030609430026,134.00010778/2026-11,2026-03-10,10,2026-03-20,METROPOLITANO,REGULAR,40.181.203/0001-46,NEXTMOBILIDADE,ABC SISTEMA DE TRANSPORTE SPE S.A.,NEXTMOBILIDADE,São Bernardo do Campo,São Paulo,MUDANÇA DE ITINERÁRIO,PLANEJAMENTO,2026-03-12,-8.0,NO PRAZO,-8.0,METROPOLITANO,OK
2026030613015349,,2026-03-10,10,2026-03-20,METROPOLITANO,,,,,,Franca,São Paulo,SOLICITAÇÃO DE INFORMAÇÃO,SUCOL ATENDIMENTO,2026-03-10,-10.0,NO PRAZO,-10.0,,OK
2026030611155658,,2026-03-10,10,2026-03-20,METROPOLITANO,,,,,,,,BENEFICIO DE ESTUDANTE,SUCOL ATENDIMENTO,2026-03-10,-10.0,NO PRAZO,-10.0,,OK
2026030910515017,134.00010797/2026-30,2026-03-11,25,2026-04-05,METROPOLITANO,,,,,,Capão Bonito,Jaú,TRANSPORTE CLANDESTINO,FISCALIZAÇÃO,,-46117.0,NO PRAZO,-46117.0,INTERMUNICIPAL,PENDENTE
2026030717483515,134.00010825/2026-19,2026-03-11,10,2026-03-21,METROPOLITANO,REGULAR,21.659.864/0001-90,BR MOBILIDADE,BR MOBILIDADE BAIXADA SANTISTA S.A. - SPE,BR MOBILIDADE,Praia Grande,Cubatão,MUDANÇA DE TABELA DE HORÁRIO,PLANEJAMENTO,2026-03-13,-8.0,NO PRAZO,-8.0,METROPOLITANO,OK
2026030616294252,134.00010835/2026-54,2026-03-11,10,2026-03-21,METROPOLITANO,REGULAR,08.419.802/0001-42,ANHANGUERA,CONSÓRCIO ANHANGUERA,ANHANGUERA,Osasco,São Bernardo do Campo,SOLICITAÇÃO DE INFORMAÇÃO,PLANEJAMENTO,2026-03-20,-1.0,NO PRAZO,-1.0,METROPOLITANO,OK
2026030707271077,134.00010862/2026-27,2026-03-11,20,2026-03-31,METROPOLITANO,REGULAR,40.181.203/0001-46,NEXTMOBILIDADE,ABC SISTEMA DE TRANSPORTE SPE S.A.,NEXTMOBILIDADE,São Paulo,São Bernardo do Campo,INCLUSÃO DE NOVAS LINHAS,PLANEJAMENTO,,-46112.0,NO PRAZO,-46112.0,METROPOLITANO,PENDENTE
2026030714351336,134.00010889/2026-10,2026-03-11,10,2026-03-21,METROPOLITANO,FRETAMENTO,46.887.139/0001-08,EXPRESSO AMARELINHO,EXPRESSO AMARELINHO LTDA,EXPRESSO AMARELINHO LTDA,São Miguel Arcanjo,Sorocaba,MUDANÇA DE TABELA DE HORÁRIO,FISCALIZAÇÃO,2026-03-16,-5.0,NO PRAZO,-5.0,METROPOLITANO/SOROCABA,OK
2026030721492041,134.00010899/2026-55,2026-03-11,10,2026-03-21,METROPOLITANO,FRETAMENTO,61.586.160/0001-59,EXPRESSO LUXO,ELUX S.S. EXPRESSO LUXO SAO PAULO SANTOS LTDA,EXPRESSO LUXO,São Paulo,Santos,PRESTAÇÃO DE SERVIÇO DA EMPRESA,FISCALIZAÇÃO,2026-03-19,-2.0,NO PRAZO,-2.0,INTERMUNICIPAL,OK
2026030907222254,134.00011044/2026-41,2026-03-11,20,2026-03-31,METROPOLITANO,REGULAR,45.992.724/0001-05,RAPIDO CAMPINAS,RAPIDO LUXO CAMPINAS LTDA,RAPIDO CAMPINAS,Várzea Paulista,Jundiaí,MÁ CONDIÇÃO DE VEÍCULO,FISCALIZAÇÃO,,-46112.0,NO PRAZO,-46112.0,INTERMUNICIPAL,PENDENTE
2026030909105778,134.00011045/2026-96,2026-03-11,20,2026-03-31,METROPOLITANO,REGULAR,45.992.724/0001-05,RAPIDO CAMPINAS,RAPIDO LUXO CAMPINAS LTDA,RAPIDO CAMPINAS,Araçoiaba da Serra,Sorocaba,ADIANTAMENTO/ATRASO DE VEÍCULO,FISCALIZAÇÃO,,-46112.0,NO PRAZO,-46112.0,CAMPINAS,PENDENTE
2026030821221039,134.00011046/2026-31,2026-03-11,10,2026-03-21,METROPOLITANO,REGULAR,21.659.864/0001-90,BR MOBILIDADE,BR MOBILIDADE BAIXADA SANTISTA S.A. - SPE,BR MOBILIDADE,Santos,São Vicente,MUDANÇA DE ITINERÁRIO,PLANEJAMENTO,2026-03-13,-8.0,NO PRAZO,-8.0,METROPOLITANO,OK
2026030821205176,134.00011046/2026-31,2026-03-11,20,2026-03-31,METROPOLITANO,REGULAR,21.659.864/0001-90,BR MOBILIDADE,BR MOBILIDADE BAIXADA SANTISTA S.A. - SPE,BR MOBILIDADE,Santos,São Vicente,MUDANÇA DE ITINERÁRIO,PLANEJAMENTO,,-46112.0,NO PRAZO,-46112.0,METROPOLITANO,PENDENTE
2026030922312768,134.00011103/2026-81,2026-03-12,25,2026-04-06,METROPOLITANO,,,,,,Valparaíso,Araçatuba,TRANSPORTE CLANDESTINO,FISCALIZAÇÃO,,-46118.0,NO PRAZO,-46118.0,INTERMUNICIPAL,PENDENTE
2026031117141514,134.00011129/2026-20,2026-03-12,20,2026-04-01,METROPOLITANO,REGULAR,08.351.253/0001-11,INTERNORTE,CONSÓRCIO INTERNORTE DE TRANSPORTES,INTERNORTE,São Paulo,Guarulhos,SUPERLOTAÇÃO DE ÔNIBUS,FISCALIZAÇÃO,,-46113.0,NO PRAZO,-46113.0,SÃO PAULO,PENDENTE
2026022711542730,134.00011133/2026-98,2026-03-12,10,2026-03-22,METROPOLITANO,REGULAR,20.336.241/0001-13,BUS +,CONSORCIO BUS +,BUS +,Sumaré,Campinas,MÁ CONDIÇÃO DE VEÍCULO,FISCALIZAÇÃO,2026-03-16,-6.0,NO PRAZO,-6.0,CAMPINAS,OK
2026022515051273,134.00011135/2026-87,2026-03-12,20,2026-04-01,METROPOLITANO,REGULAR,08.419.802/0001-42,ANHANGUERA,CONSÓRCIO ANHANGUERA,ANHANGUERA,Osasco,São Paulo,ADIANTAMENTO/ATRASO DE VEÍCULO,FISCALIZAÇÃO,,-46113.0,NO PRAZO,-46113.0,SÃO PAULO,PENDENTE
2026030913525968,134.00011143/2026-23,2026-03-12,20,2026-04-01,METROPOLITANO,REGULAR,08.351.253/0001-11,INTERNORTE,CONSÓRCIO INTERNORTE DE TRANSPORTES,INTERNORTE,Guarulhos,São Paulo,SUPERLOTAÇÃO DE ÔNIBUS,FISCALIZAÇÃO,,-46113.0,NO PRAZO,-46113.0,SÃO PAULO,PENDENTE
2026022508223889,134.00011152/2026-14,2026-03-12,20,2026-04-01,METROPOLITANO,REGULAR,20.336.241/0001-13,BUS +,CONSORCIO BUS +,BUS +,Sumaré,Campinas,ADIANTAMENTO/ATRASO DE VEÍCULO,FISCALIZAÇÃO,2026-03-23,-9.0,NO PRAZO,-9.0,CAMPINAS,OK
2026022707553640,134.00011202/2026-63,2026-03-12,20,2026-04-01,METROPOLITANO,REGULAR,20.336.241/0001-13,BUS +,CONSORCIO BUS +,BUS +,Holambra,Campinas,ADIANTAMENTO/ATRASO DE VEÍCULO,FISCALIZAÇÃO,2026-03-23,-9.0,NO PRAZO,-9.0,CAMPINAS,OK
2026030923480235,134.00011277/2026-44,2026-03-12,10,2026-03-22,METROPOLITANO,FRETAMENTO,54.049.754/0001-65,VALE DO TIETE,VIAÇÃO VALE DO TIETE LTDA,VALE DO TIETE,Boituva,São Paulo,MÁ CONDUTA DE FUNCIONÁRIOS,FISCALIZAÇÃO,2026-03-18,-4.0,NO PRAZO,-4.0,INTERMUNICIPAL,OK
2026031007173942,134.00011280/2026-68,2026-03-12,10,2026-03-22,METROPOLITANO,REGULAR,08.419.802/0001-42,ANHANGUERA,CONSÓRCIO ANHANGUERA,ANHANGUERA,Cajamar,São Paulo,MUDANÇA DE TABELA DE HORÁRIO,PLANEJAMENTO,2026-03-18,-4.0,NO PRAZO,-4.0,METROPOLITANO,OK
2026031007400887,134.00011281/2026-11,2026-03-12,20,2026-04-01,METROPOLITANO,REGULAR,20.336.241/0001-13,BUS +,CONSORCIO BUS +,BUS +,Sumaré,Campinas,ADIANTAMENTO/ATRASO DE VEÍCULO,FISCALIZAÇÃO,2026-03-23,-9.0,NO PRAZO,-9.0,CAMPINAS,OK
2026030918245356,,2026-03-12,10,2026-03-22,METROPOLITANO,REGULAR,61.563.557/0001-25,PASSARO MARRON,EMPRESA DE ÔNIBUS PASSARO MARRON S/A,PASSARO MARRON,São Sebastião,Caraguatatuba,SOLICITAÇÃO DE INFORMAÇÃO,SUCOL ATENDIMENTO,2026-03-12,-10.0,NO PRAZO,-10.0,,OK
2026031009182465,134.00011302/2026-90,2026-03-13,20,2026-04-02,METROPOLITANO,REGULAR,20.336.241/0001-13,BUS +,CONSORCIO BUS +,BUS +,Sumaré,Campinas,MÁ CONDIÇÃO DE VEÍCULO,FISCALIZAÇÃO,,-46114.0,NO PRAZO,-46114.0,CAMPINAS,PENDENTE
2026031009345248,134.00011302/2026-90,2026-03-13,20,2026-04-02,METROPOLITANO,REGULAR,20.336.241/0001-13,BUS +,CONSORCIO BUS +,BUS +,Sumaré,Campinas,MÁ CONDIÇÃO DE VEÍCULO,FISCALIZAÇÃO,,-46114.0,NO PRAZO,-46114.0,CAMPINAS,PENDENTE
2026031009284582,134.00011319/2026-47,2026-03-13,10,2026-03-23,METROPOLITANO,REGULAR,45.992.724/0001-05,RAPIDO CAMPINAS,RAPIDO LUXO CAMPINAS LTDA,RAPIDO CAMPINAS,Jundiaí,Campo Limpo Paulista,ADIANTAMENTO/ATRASO DE VEÍCULO,FISCALIZAÇÃO,2026-03-16,-7.0,NO PRAZO,-7.0,INTERMUNICIPAL,OK
2026031013375223,,2026-03-13,10,2026-03-23,METROPOLITANO,,,,,,,,SOLICITAÇÃO DE INFORMAÇÃO,SUCOL ATENDIMENTO,2026-03-13,-10.0,NO PRAZO,-10.0,,OK
2026031013112136,,2026-03-13,10,2026-03-23,METROPOLITANO,,,,,,Ribeirão Preto,Franca,SOLICITAÇÃO DE INFORMAÇÃO,SUCOL ATENDIMENTO,2026-03-13,-10.0,NO PRAZO,-10.0,,OK
2026031016114453,134.00011425/2026-21,2026-03-13,10,2026-03-23,METROPOLITANO,,,,,,,,SOLICITAÇÃO DE INFORMAÇÃO,FISCALIZAÇÃO,2026-03-16,-7.0,NO PRAZO,-7.0,FRETAMENTO,OK
2026031014270185,134.00011431/2026-88,2026-03-13,20,2026-04-02,METROPOLITANO,FRETAMENTO,61.084.018/0001-03,VIAÇÃO COMETA,VIAÇÃO COMETA S/A,COMETA,São Bernardo do Campo,Santos,PRESTAÇÃO DE SERVIÇO DA EMPRESA,FISCALIZAÇÃO,,-46114.0,NO PRAZO,-46114.0,INTERMUNICIPAL/PLANEJAMENTO,PENDENTE
2026031009195170,134.00011437/2026-55,2026-03-13,20,2026-04-02,METROPOLITANO,FRETAMENTO,54.049.754/0001-65,VALE DO TIETE,VIAÇÃO VALE DO TIETE LTDA,VALE DO TIETE,Sorocaba,Boituva,MÁ CONDIÇÃO DE VEÍCULO,FISCALIZAÇÃO,,-46114.0,NO PRAZO,-46114.0,INTERMUNICIPAL,PENDENTE
2026031107450844,134.00011441/2026-13,2026-03-13,20,2026-04-02,METROPOLITANO,FRETAMENTO,13.835.628/0001-59,RAPIDO D'OESTE,RAPIDO BRASIL LOCADORA LTDA - ME,RAPIDO BRASIL,Ribeirão Bonito,Jaboticabal,BENEFICIO DE ESTUDANTE,PLANEJAMENTO,,-46114.0,NO PRAZO,-46114.0,TC4 - ARARAQUARA,PENDENTE
2026031018043081,134.00011446/2026-46,2026-03-13,20,2026-04-02,METROPOLITANO,REGULAR,20.336.241/0001-13,BUS +,CONSORCIO BUS +,BUS +,Paulínia,Campinas,SUPERLOTAÇÃO DE ÔNIBUS,FISCALIZAÇÃO,,-46114.0,NO PRAZO,-46114.0,CAMPINAS,PENDENTE
2026031009523949,134.00011302/2026-90,2026-03-13,20,2026-04-02,METROPOLITANO,REGULAR,20.336.241/0001-13,BUS +,CONSORCIO BUS +,BUS +,Sumaré,Campinas,MÁ CONDIÇÃO DE VEÍCULO,FISCALIZAÇÃO,,-46114.0,NO PRAZO,-46114.0,CAMPINAS,PENDENTE
2026031013335747,134.00011448/2026-35,2026-03-13,20,2026-04-02,METROPOLITANO,REGULAR,08.390.180/0001-77,INTERVIAS,CONSÓRCIO INTERVIAS,INTERVIAS,Cotia,São Paulo,SUPERLOTAÇÃO DE ÔNIBUS,FISCALIZAÇÃO,,-46114.0,NO PRAZO,-46114.0,SÃO PAULO,PENDENTE
2026031013482711,,2026-03-13,10,2026-03-23,METROPOLITANO,,,,,,,,SOLICITAÇÃO DE INFORMAÇÃO,SUCOL ATENDIMENTO,2026-03-16,-7.0,NO PRAZO,-7.0,,OK
2026031107383380,134.00011542/2026-94,2026-03-13,20,2026-04-02,METROPOLITANO,FRETAMENTO,59.965.038/0001-41,EXPRESSO ITAMARATI,EXPRESSO ITAMARATI S/A,,Guapiaçu,,PRESTAÇÃO DE SERVIÇO DA EMPRESA,PLANEJAMENTO,,-46114.0,NO PRAZO,-46114.0,TC4 - ARARAQUARA,PENDENTE
2026031109475872,134.00011543/2026-39,2026-03-13,20,2026-04-02,METROPOLITANO,REGULAR,08.351.253/0001-11,INTERNORTE,CONSÓRCIO INTERNORTE DE TRANSPORTES,INTERNORTE,Guarulhos,São Paulo,ADIANTAMENTO/ATRASO DE VEÍCULO,FISCALIZAÇÃO,,-46114.0,NO PRAZO,-46114.0,SÃO PAULO,PENDENTE
2026022607362830,134.00011546/2026-72,2026-03-13,10,2026-03-23,METROPOLITANO,FRETAMENTO,46.917.472/0001-04,PEVETUR,PEVÊ-TUR TRANSPORTES E TURISMO LTDA,,Ubarana,José Bonifácio,ADIANTAMENTO/ATRASO DE VEÍCULO,FISCALIZAÇÃO,2026-03-18,-5.0,NO PRAZO,-5.0,INTERMUNICIPAL,OK
2026031020150293,134.00011572/2026-09,2026-03-16,25,2026-04-10,METROPOLITANO,FRETAMENTO,54.049.754/0001-65,VALE DO TIETE,VIAÇÃO VALE DO TIETE LTDA,VALE DO TIETE,Boituva,São Paulo,MÁ CONDUTA DE FUNCIONÁRIOS,FISCALIZAÇÃO,2026-03-18,-23.0,NO PRAZO,-23.0,INTERMUNICIPAL,OK
2026031115493575,134.00011575/2026-34,2026-03-16,10,2026-03-26,METROPOLITANO,REGULAR,20.336.241/0001-13,BUS +,CONSORCIO BUS +,BUS +,Americana,Campinas,SUPERLOTAÇÃO DE ÔNIBUS,FISCALIZAÇÃO,,-46107.0,NO PRAZO,-46107.0,CAMPINAS,PENDENTE
2026031118422096,134.00011579/2026-12,2026-03-16,10,2026-03-26,METROPOLITANO,REGULAR,08.325.415/0001-47,UNILESTE,CONSÓRCIO UNILESTE,UNILESTE,Arujá,Marapoama,MUDANÇA DE ITINERÁRIO,PLANEJAMENTO,2026-03-16,-10.0,NO PRAZO,-10.0,METROPOLITANO,OK
2026031013482711,,2026-03-16,10,2026-03-26,METROPOLITANO,,,,,,,,SOLICITAÇÃO DE INFORMAÇÃO,SUCOL ATENDIMENTO,2026-03-16,-10.0,NO PRAZO,-10.0,,OK
2026031118392122,134.00011610/2026-15,2026-03-16,10,2026-03-26,METROPOLITANO,REGULAR,45.992.724/0001-05,RAPIDO CAMPINAS,RAPIDO LUXO CAMPINAS LTDA,RAPIDO CAMPINAS,Alumínio,São Roque,ADIANTAMENTO/ATRASO DE VEÍCULO,FISCALIZAÇÃO,2026-03-24,-2.0,NO PRAZO,-2.0,CAMPINAS,OK
2026031119181313,134.00011626/2026-28,2026-03-16,10,2026-03-26,METROPOLITANO,REGULAR,61.563.557/0001-25,PASSARO MARRON,EMPRESA DE ÔNIBUS PASSARO MARRON S/A,PASSARO MARRON,Lorena,Guaratinguetá,MUDANÇA DE TABELA DE HORÁRIO,PLANEJAMENTO,2026-03-18,-8.0,NO PRAZO,-8.0,METROPOLITANO,OK
2026030911170167,134.00011628/2026-17,2026-03-16,10,2026-03-26,METROPOLITANO,REGULAR,40.181.203/0001-46,NEXTMOBILIDADE,ABC SISTEMA DE TRANSPORTE SPE S.A.,NEXTMOBILIDADE,São Caetano do Sul,Santo André,MÁ CONDUTA DO MOTORISTA,FISCALIZAÇÃO,,-46107.0,NO PRAZO,-46107.0,SÃO PAULO,PENDENTE
2026031606264276,134.00011630/2026-96,2026-03-16,10,2026-03-26,METROPOLITANO,REGULAR,08.419.802/0001-42,ANHANGUERA,CONSÓRCIO ANHANGUERA,ANHANGUERA,Santana de Parnaíba,Cotia,MUDANÇA DE ITINERÁRIO,PLANEJAMENTO,2026-03-18,-8.0,NO PRAZO,-8.0,METROPOLITANO,OK
2026031202360260,134.00011633/2026-20,2026-03-16,10,2026-03-26,METROPOLITANO,REGULAR,08.351.253/0001-11,INTERNORTE,CONSÓRCIO INTERNORTE DE TRANSPORTES,INTERNORTE,Guarulhos,São Paulo,MUDANÇA DE ITINERÁRIO,PLANEJAMENTO,2026-03-18,-8.0,NO PRAZO,-8.0,METROPOLITANO,OK
2026031121043250,134.00011636/2026-63,2026-03-16,10,2026-03-26,METROPOLITANO,FRETAMENTO,61.084.018/0001-03,VIAÇÃO COMETA,VIAÇÃO COMETA S/A,COMETA,Sorocaba,São Paulo,COMPRA DE PASSAGEM,FISCALIZAÇÃO,2026-03-18,-8.0,NO PRAZO,-8.0,INTERMUNICIPAL,OK
2026031121225466,134.00011639/2026-05,2026-03-16,10,2026-03-26,METROPOLITANO,REGULAR,08.351.253/0001-11,INTERNORTE,CONSÓRCIO INTERNORTE DE TRANSPORTES,INTERNORTE,Guarulhos,São Paulo,PRESTAÇÃO DE SERVIÇO DA EMPRESA,PLANEJAMENTO,2026-03-18,-8.0,NO PRAZO,-8.0,METROPOLITANO,OK
2026031122120176,134.00011641/2026-76,2026-03-16,10,2026-03-26,METROPOLITANO,REGULAR,56.775.935/0001-02,SANTA BRANCA,SANTA BRANCA TRANSPORTES LTDA,SANTA BRANCA,Santa Branca,Jacareí,INCLUSÃO DE NOVAS LINHAS,PLANEJAMENTO,2026-03-18,-8.0,NO PRAZO,-8.0,METROPOLITANO,OK
2026031209525671,134.00011644/2026-18,2026-03-16,10,2026-03-26,METROPOLITANO,FRETAMENTO,44.944.577/0001-27,VIAÇÃO SÃO BENTO,VIAÇÃO SÃO BENTO LTDA,,Barrinha,Sertãozinho,MÁ CONDIÇÃO DE VEÍCULO,FISCALIZAÇÃO,,-46107.0,NO PRAZO,-46107.0,INTERMUNICIPAL,PENDENTE
2026031210231144,134.00011645/2026-54,2026-03-16,10,2026-03-26,METROPOLITANO,REGULAR,45.992.724/0001-05,RAPIDO CAMPINAS,RAPIDO LUXO CAMPINAS LTDA,RAPIDO CAMPINAS,Mairinque,São Roque,MUDANÇA DE ITINERÁRIO,PLANEJAMENTO,2026-03-23,-3.0,NO PRAZO,-3.0,METROPOLITANO,OK
2026031210294925,134.00011646/2026-07,2026-03-16,10,2026-03-26,METROPOLITANO,REGULAR,08.390.180/0001-77,INTERVIAS,CONSÓRCIO INTERVIAS,INTERVIAS,Embu das Artes,São Paulo,MUDANÇA DE TABELA DE HORÁRIO,PLANEJAMENTO,2026-03-20,-6.0,NO PRAZO,-6.0,METROPOLITANO,OK
2026031212114045,134.00011648/2026-98,2026-03-16,10,2026-03-26,METROPOLITANO,REGULAR,08.390.180/0001-77,INTERVIAS,CONSÓRCIO INTERVIAS,INTERVIAS,Itapecerica da Serra,São Paulo,MUDANÇA DE TABELA DE HORÁRIO,FISCALIZAÇÃO,,-46107.0,NO PRAZO,-46107.0,SÃO PAULO,PENDENTE
2026031200412474,134.00011651/2026-10,2026-03-16,10,2026-03-26,METROPOLITANO,,,,,,São Paulo,São Paulo,SOLICITAÇÃO DE INFORMAÇÃO,CONTRATOS,,-46107.0,NO PRAZO,-46107.0,GRGC,PENDENTE
2026022709393754,134.00011653/2026-09,2026-03-16,10,2026-03-26,METROPOLITANO,REGULAR,20.336.241/0001-13,BUS +,CONSORCIO BUS +,BUS +,Sumaré,Hortolândia,ADIANTAMENTO/ATRASO DE VEÍCULO,FISCALIZAÇÃO,2026-03-24,-2.0,NO PRAZO,-2.0,CAMPINAS,OK
2026022717002533,134.00011667/2026-14,2026-03-16,10,2026-03-26,METROPOLITANO,REGULAR,08.419.802/0001-42,ANHANGUERA,CONSÓRCIO ANHANGUERA,ANHANGUERA,Carapicuíba,São Paulo,ADIANTAMENTO/ATRASO DE VEÍCULO,FISCALIZAÇÃO,,-46107.0,NO PRAZO,-46107.0,SÃO PAULO,PENDENTE
2026031122363717,134.00011668/2026-69,2026-03-16,10,2026-03-26,METROPOLITANO,,,,,,Sorocaba,,SUGESTÃO,PLANEJAMENTO,2026-03-20,-6.0,NO PRAZO,-6.0,METROPOLITANO,OK
2026031214160235,134.00011674/2026-16,2026-03-16,10,2026-03-26,METROPOLITANO,REGULAR,08.419.802/0001-42,ANHANGUERA,CONSÓRCIO ANHANGUERA,ANHANGUERA,Barueri,São Paulo,SUGESTÃO,PLANEJAMENTO,2026-03-20,-6.0,NO PRAZO,-6.0,METROPOLITANO,OK
2026031215521724,134.00011676/2026-13,2026-03-16,10,2026-03-26,METROPOLITANO,FRETAMENTO,44.341.190/0001-86,VIAÇÃO FENIX,MHS TRANSPORTE E TURISMO LTDA - ME,FENIX,Itatiba,Jundiaí,ADIANTAMENTO/ATRASO DE VEÍCULO,FISCALIZAÇÃO,,-46107.0,NO PRAZO,-46107.0,INTERMUNICIPAL,PENDENTE
2026030906161841,134.00011679/2026-49,2026-03-16,10,2026-03-26,METROPOLITANO,REGULAR,40.181.203/0001-46,NEXTMOBILIDADE,ABC SISTEMA DE TRANSPORTE SPE S.A.,NEXTMOBILIDADE,São Bernardo do Campo,São Paulo,ADIANTAMENTO/ATRASO DE VEÍCULO,FISCALIZAÇÃO,,-46107.0,NO PRAZO,-46107.0,SÃO PAULO,PENDENTE
2026031217230325,134.00011681/2026-18,2026-03-16,10,2026-03-26,METROPOLITANO,FRETAMENTO,61.084.018/0001-03,VIAÇÃO COMETA,VIAÇÃO COMETA S/A,COMETA,Campinas,,PRESTAÇÃO DE SERVIÇO DA EMPRESA,FISCALIZAÇÃO,,-46107.0,NO PRAZO,-46107.0,INTERMUNICIPAL,PENDENTE
2026031221050111,134.00011894/2026-40,2026-03-16,10,2026-03-26,METROPOLITANO,REGULAR,45.992.724/0001-05,RAPIDO CAMPINAS,RAPIDO LUXO CAMPINAS LTDA,RAPIDO CAMPINAS,Campo Limpo Paulista,,ADIANTAMENTO/ATRASO DE VEÍCULO,FISCALIZAÇÃO,2026-03-18,-8.0,NO PRAZO,-8.0,INTERMUNICIPAL,OK
2026031218122692,134.00011895/2026-94,2026-03-16,25,2026-04-10,METROPOLITANO,FRETAMENTO,31.179.603/0001-26,VIAÇÃO PARATY,M V TRANSPORTE DE PASSAGEIROS LTDA,TRANSPORTE PARATY,Jaboticabal,Araraquara,TRANSPORTE CLANDESTINO,FISCALIZAÇÃO,2026-03-19,-22.0,NO PRAZO,-22.0,INTERMUNICIPAL,OK
2026031319154383,134.00011896/2026-39,2026-03-16,10,2026-03-26,METROPOLITANO,REGULAR,08.390.180/0001-77,INTERVIAS,CONSÓRCIO INTERVIAS,INTERVIAS,Embu das Artes,São Paulo,SUPERLOTAÇÃO DE ÔNIBUS,FISCALIZAÇÃO,,-46107.0,NO PRAZO,-46107.0,SÃO PAULO,PENDENTE
2026031218521723,134.00011897/2026-83,2026-03-16,10,2026-03-26,METROPOLITANO,REGULAR,20.336.241/0001-13,BUS +,CONSORCIO BUS +,BUS +,Sumaré,Campinas,PRESTAÇÃO DE SERVIÇO DA EMPRESA,FISCALIZAÇÃO,2026-03-24,-2.0,NO PRAZO,-2.0,METROPOLITANO/CAMPINAS,OK
2026031219032253,134.00011898/2026-28,2026-03-16,10,2026-03-26,METROPOLITANO,REGULAR,20.336.241/0001-13,BUS +,CONSORCIO BUS +,BUS +,Sumaré,Campinas,PRESTAÇÃO DE SERVIÇO DA EMPRESA,FISCALIZAÇÃO,2026-03-24,-2.0,NO PRAZO,-2.0,METROPOLITANO/CAMPINAS,OK
2026031219110588,134.00011899/2026-72,2026-03-16,10,2026-03-26,METROPOLITANO,,,,,,,,,FISCALIZAÇÃO,2026-03-24,-2.0,NO PRAZO,-2.0,METROPOLITANO/CAMPINAS,OK
2026031311373274,134.00011900/2026-69,2026-03-16,10,2026-03-26,METROPOLITANO,REGULAR,08.390.180/0001-77,INTERVIAS,CONSÓRCIO INTERVIAS,INTERVIAS,Taboão da Serra,São Paulo,MUDANÇA DE ITINERÁRIO,PLANEJAMENTO,2026-03-20,-6.0,NO PRAZO,-6.0,METROPOLITANO,OK
2026031314010376,134.00011970/2026-17,2026-03-17,10,2026-03-27,METROPOLITANO,FRETAMENTO,13.835.628/0001-59,RAPIDO D'OESTE,RAPIDO BRASIL LOCADORA LTDA - ME,RAPIDO BRASIL,Ribeirão Preto,Jaboticabal,BENEFICIO DE ESTUDANTE,PLANEJAMENTO,,-46108.0,NO PRAZO,-46108.0,TC4 - ARARAQUARA,PENDENTE
2026031321490841,134.00011981/2026-05,2026-03-17,10,2026-03-27,METROPOLITANO,FRETAMENTO,61.084.018/0001-03,VIAÇÃO COMETA,VIAÇÃO COMETA S/A,COMETA,São Paulo,Santos,ADIANTAMENTO/ATRASO DE VEÍCULO,FISCALIZAÇÃO,,-46108.0,NO PRAZO,-46108.0,INTERMUNICIPAL,PENDENTE
2026031615591786,134.00011984/2026-31,2026-03-17,10,2026-03-27,METROPOLITANO,REGULAR,47.530.704/0003-00,RODOVIARIO SAO JOSE,RODOVIARIO E TURISMO SAO JOSE LTDA,RODOVIARIO SAO JOSE,Cunha,Guaratinguetá,MUDANÇA DE TABELA DE HORÁRIO,PLANEJAMENTO,2026-03-18,-9.0,NO PRAZO,-9.0,METROPOLITANO,OK
2026031412425771,134.00011974/2026-03,2026-03-17,10,2026-03-27,METROPOLITANO,FRETAMENTO,13.835.628/0001-59,RAPIDO D'OESTE,RAPIDO BRASIL LOCADORA LTDA - ME,RAPIDO BRASIL,Ribeirão Preto,Jaboticabal,BENEFICIO DE ESTUDANTE,PLANEJAMENTO,,-46108.0,NO PRAZO,-46108.0,TC4 - ARARAQUARA,PENDENTE
2026031114105496,134.00011985/2026-85,2026-03-17,10,2026-03-27,METROPOLITANO,REGULAR,45.992.724/0001-05,RAPIDO CAMPINAS,RAPIDO LUXO CAMPINAS LTDA,RAPIDO CAMPINAS,Tatuí,Itapetininga,MUDANÇA DE TABELA DE HORÁRIO,FISCALIZAÇÃO,,-46108.0,NO PRAZO,-46108.0,METROPOLITANO/CAMPINAS,PENDENTE
2026022612554057,134.00011987/2026-74,2026-03-17,10,2026-03-27,METROPOLITANO,FRETAMENTO,44.341.190/0001-86,VIAÇÃO FENIX,MHS TRANSPORTE E TURISMO LTDA - ME,FENIX,Itatiba,Jundiaí,ADIANTAMENTO/ATRASO DE VEÍCULO,FISCALIZAÇÃO,2026-03-18,-9.0,NO PRAZO,-9.0,INTERMUNICIPAL,OK
2026022609285220,134.00011989/2026-63,2026-03-17,10,2026-03-27,METROPOLITANO,FRETAMENTO,44.341.190/0001-86,VIAÇÃO FENIX,MHS TRANSPORTE E TURISMO LTDA - ME,FENIX,Itatiba,Jundiaí,ADIANTAMENTO/ATRASO DE VEÍCULO,FISCALIZAÇÃO,2026-03-18,-9.0,NO PRAZO,-9.0,INTERMUNICIPAL,OK
2026031115334889,134.00012028/2026-76,2026-03-17,10,2026-03-27,METROPOLITANO,REGULAR,40.181.203/0001-46,NEXTMOBILIDADE,ABC SISTEMA DE TRANSPORTE SPE S.A.,NEXTMOBILIDADE,Diadema,São Paulo,MÁ CONDUTA DE FUNCIONÁRIOS,FISCALIZAÇÃO,,-46108.0,NO PRAZO,-46108.0,SÃO PAULO,PENDENTE
2026031309084171,134.00012036/2026-12,2026-03-17,25,2026-04-11,METROPOLITANO,FRETAMENTO,,M-TUR,,,Águas de São Pedro,Piracicaba,TRANSPORTE CLANDESTINO,FISCALIZAÇÃO,,-46123.0,NO PRAZO,-46123.0,INTERMUNICIPAL,PENDENTE
2026031617294931,134.00012073/2026-21,2026-03-17,10,2026-03-27,METROPOLITANO,,,,,,Ribeirão Preto,São Paulo,MÁ CONDIÇÃO DE VEÍCULO,FISCALIZAÇÃO,,-46108.0,NO PRAZO,-46108.0,INTERMUNICIPAL,PENDENTE
2026031618050415,134.00012079/2026-06,2026-03-17,10,2026-03-27,METROPOLITANO,FRETAMENTO,44.341.190/0001-86,VIAÇÃO FENIX,MHS TRANSPORTE E TURISMO LTDA - ME,FENIX,Itatiba,Jundiaí,SUPERLOTAÇÃO DE ÔNIBUS,FISCALIZAÇÃO,2026-03-18,-9.0,NO PRAZO,-9.0,INTERMUNICIPAL,OK
2026031620513954,134.00012092/2026-57,2026-03-17,10,2026-03-27,METROPOLITANO,,,,,,São Simão,Ribeirão Preto,MUDANÇA DE TABELA DE HORÁRIO,PLANEJAMENTO,,-46108.0,NO PRAZO,-46108.0,TC1 - CAMPINAS,PENDENTE
2026031708500296,134.00012095/2026-91,2026-03-17,10,2026-03-27,METROPOLITANO,FRETAMENTO,56.139.041/0001-18,URUBUPUNGA,URUBUPUNGA TRANSPORTES E TURISMO LTDA,URUBUPUNGA TRANSPORTES,São Bernardo do Campo,São Paulo,MUDANÇA DE ITINERÁRIO,PLANEJAMENTO,2026-03-18,-9.0,NO PRAZO,-9.0,METROPOLITANO,OK
2026031711083957,134.00012145/2026-30,2026-03-18,10,2026-03-28,METROPOLITANO,REGULAR,20.336.241/0001-13,BUS +,CONSORCIO BUS +,BUS +,Sumaré,Campinas,ADIANTAMENTO/ATRASO DE VEÍCULO,FISCALIZAÇÃO,2026-03-24,-4.0,NO PRAZO,-4.0,CAMPINAS,OK
2026031809221660,134.00012196/2026-61,2026-03-18,10,2026-03-28,METROPOLITANO,REGULAR,20.336.241/0001-13,BUS +,CONSORCIO BUS +,BUS +,Sumaré,Campinas,ADIANTAMENTO/ATRASO DE VEÍCULO,FISCALIZAÇÃO,,-46109.0,NO PRAZO,-46109.0,SUPERITENDÊNCIA ,PENDENTE
2026031809131672,134.00012196/2026-61,2026-03-18,10,2026-03-28,METROPOLITANO,REGULAR,20.336.241/0001-13,BUS +,CONSORCIO BUS +,BUS +,Sumaré,Campinas,ADIANTAMENTO/ATRASO DE VEÍCULO,FISCALIZAÇÃO,,-46109.0,NO PRAZO,-46109.0,SUPERITENDÊNCIA ,PENDENTE
2026031808453912,134.00012196/2026-61,2026-03-18,10,2026-03-28,METROPOLITANO,REGULAR,20.336.241/0001-13,BUS +,CONSORCIO BUS +,BUS +,Sumaré,Campinas,ADIANTAMENTO/ATRASO DE VEÍCULO,FISCALIZAÇÃO,,-46109.0,NO PRAZO,-46109.0,SUPERITENDÊNCIA ,PENDENTE
2026031808361555,134.00012197/2026-14,2026-03-18,10,2026-03-28,METROPOLITANO,REGULAR,20.336.241/0001-13,BUS +,CONSORCIO BUS +,BUS +,Santa Bárbara d'Oeste,Campinas,ADIANTAMENTO/ATRASO DE VEÍCULO,FISCALIZAÇÃO,,-46109.0,NO PRAZO,-46109.0,CAMPINAS,PENDENTE
2026031808393818,134.00012196/2026-61,2026-03-18,10,2026-03-28,METROPOLITANO,REGULAR,20.336.241/0001-13,BUS +,CONSORCIO BUS +,BUS +,Sumaré,Campinas,ADIANTAMENTO/ATRASO DE VEÍCULO,FISCALIZAÇÃO,,-46109.0,NO PRAZO,-46109.0,SUPERITENDÊNCIA ,PENDENTE
2026031808385793,134.00012197/2026-14,2026-03-18,10,2026-03-28,METROPOLITANO,REGULAR,20.336.241/0001-13,BUS +,CONSORCIO BUS +,BUS +,Santa Bárbara d'Oeste,Campinas,ADIANTAMENTO/ATRASO DE VEÍCULO,FISCALIZAÇÃO,,-46109.0,NO PRAZO,-46109.0,CAMPINAS,PENDENTE
2026031320030734,134.00012237/2026-10,2026-03-18,10,2026-03-28,METROPOLITANO,,,,,,Limeira,Campinas,INCLUSÃO DE NOVAS LINHAS,PLANEJAMENTO,,-46109.0,NO PRAZO,-46109.0,TC1 - CAMPINAS,PENDENTE
2026031815234051,134.00012344/2026-48,2026-03-18,10,2026-03-28,METROPOLITANO,FRETAMENTO,44.341.190/0001-86,VIAÇÃO FENIX,MHS TRANSPORTE E TURISMO LTDA - ME,FENIX,Itatiba,Jundiaí,ADIANTAMENTO/ATRASO DE VEÍCULO,FISCALIZAÇÃO,,-46109.0,NO PRAZO,-46109.0,INTERMUNICIPAL,PENDENTE
2026031816003722,134.00012346/2026-37,2026-03-18,10,2026-03-28,METROPOLITANO,REGULAR,45.992.724/0001-05,RAPIDO CAMPINAS,RAPIDO LUXO CAMPINAS LTDA,RAPIDO CAMPINAS,Cajamar,Cajamar,MUDANÇA DE TABELA DE HORÁRIO,PLANEJAMENTO,2026-03-20,-8.0,NO PRAZO,-8.0,METROPOLITANO,OK
2026031901082686,134.00012394/2026-25,2026-03-19,10,2026-03-29,METROPOLITANO,,,,,,São Paulo,São Paulo,INCLUSÃO DE NOVAS LINHAS,PLANEJAMENTO,2026-03-20,-9.0,NO PRAZO,-9.0,METROPOLITANO,OK
2026031605424688,134.00012430/2026-51,2026-03-19,10,2026-03-29,METROPOLITANO,REGULAR,08.390.180/0001-77,INTERVIAS,CONSÓRCIO INTERVIAS,INTERVIAS,Embu das Artes,São Paulo,MUDANÇA DE TABELA DE HORÁRIO,PLANEJAMENTO,2026-03-20,-9.0,NO PRAZO,-9.0,METROPOLITANO,OK
2026031615560076,134.00012533/2026-11,2026-03-19,10,2026-03-29,METROPOLITANO,,,,,,Diadema,,SOLICITAÇÃO DE INFORMAÇÃO,FISCALIZAÇÃO,,-46110.0,NO PRAZO,-46110.0,INSPEÇÃO,PENDENTE
2026031709240394,,2026-03-19,10,2026-03-29,METROPOLITANO,,,,,,,,SOLICITAÇÃO DE INFORMAÇÃO,SUCOL ATENDIMENTO,2026-03-19,-10.0,NO PRAZO,-10.0,SUTID,OK
2026031611225246,134.00012535/2026-18,2026-03-19,10,2026-03-29,METROPOLITANO,FRETAMENTO,46.917.472/0001-04,PEVETUR,PEVÊ-TUR TRANSPORTES E TURISMO LTDA,,Ubarana,José Bonifácio,ADIANTAMENTO/ATRASO DE VEÍCULO,FISCALIZAÇÃO,2026-03-20,-9.0,NO PRAZO,-9.0,INTERMUNICIPAL,OK
2026031711285147,,2026-03-19,10,2026-03-29,METROPOLITANO,REGULAR,46.014.122/0001-38,VB TRANSPORTES E TURISMO,VB TRANSPORTES E TURISMO LTDA,VB TRANSPORTES E TURISMO,Limeira,São Paulo,BENEFICIO DE ESTUDANTE,PLANEJAMENTO,,-46110.0,NO PRAZO,-46110.0,TC1 - CAMPINAS,PENDENTE
2026031713533152,134.00012543/2026-56,2026-03-19,10,2026-03-29,METROPOLITANO,REGULAR,20.336.241/0001-13,BUS +,CONSORCIO BUS +,BUS +,Hortolândia,Sumaré,SUPERLOTAÇÃO DE ÔNIBUS,FISCALIZAÇÃO,,-46110.0,NO PRAZO,-46110.0,CAMPINAS,PENDENTE
2026031907141850,134.00012611/2026-87,2026-03-20,10,2026-03-30,METROPOLITANO,REGULAR,08.419.802/0001-42,ANHANGUERA,CONSÓRCIO ANHANGUERA,ANHANGUERA,Carapicuíba,São Paulo,SUPERLOTAÇÃO DE ÔNIBUS,PLANEJAMENTO,2026-03-23,-7.0,NO PRAZO,-7.0,METROPOLITANO,OK
2026031613423551,134.00012612/2026-21,2026-03-20,10,2026-03-30,METROPOLITANO,FRETAMENTO,,ANGELITUR,,,Ribeirão Preto,Franca,MÁ CONDIÇÃO DE VEÍCULO,FISCALIZAÇÃO,,-46111.0,NO PRAZO,-46111.0,INTERMUNICIPAL,PENDENTE
2026031718103767,134.00012620/2026-78,2026-03-20,10,2026-03-30,METROPOLITANO,REGULAR,45.992.724/0001-05,RAPIDO CAMPINAS,RAPIDO LUXO CAMPINAS LTDA,RAPIDO CAMPINAS,Itupeva,Jundiaí,ADIANTAMENTO/ATRASO DE VEÍCULO,FISCALIZAÇÃO,,-46111.0,NO PRAZO,-46111.0,INTERMUNICIPAL,PENDENTE
2026031718184861,134.00012623/2026-10,2026-03-20,10,2026-03-30,METROPOLITANO,FRETAMENTO,66.473.554/0002-03,VIAÇÃO GUAXUPE,VIAÇÃO GUAXUPE LTDA,,Campinas,Pirassununga,MUDANÇA DE TABELA DE HORÁRIO,PLANEJAMENTO,,-46111.0,NO PRAZO,-46111.0,TC1 - CAMPINAS,PENDENTE
2026030217412760,134.00012653/2026-18,2026-03-20,10,2026-03-30,METROPOLITANO,REGULAR,08.325.415/0001-47,UNILESTE,CONSÓRCIO UNILESTE,UNILESTE,Santa Isabel,Mogi das Cruzes,SUPERLOTAÇÃO DE ÔNIBUS,FISCALIZAÇÃO,,-46111.0,NO PRAZO,-46111.0,SÃO PAULO,PENDENTE
2026031718462390,134.00012656/2026-51,2026-03-20,10,2026-03-30,METROPOLITANO,REGULAR,21.659.864/0001-90,BR MOBILIDADE,BR MOBILIDADE BAIXADA SANTISTA S.A. - SPE,BR MOBILIDADE,Cubatão,Santos,SUPERLOTAÇÃO DE ÔNIBUS,PLANEJAMENTO,,-46111.0,NO PRAZO,-46111.0,BAIXADA SANTISTA/GPLA,PENDENTE
2026031909472414,134.00012658/2026-41,2026-03-20,10,2026-03-30,METROPOLITANO,REGULAR,45.992.724/0001-05,RAPIDO CAMPINAS,RAPIDO LUXO CAMPINAS LTDA,RAPIDO CAMPINAS,Mairinque,Sorocaba,ADIANTAMENTO/ATRASO DE VEÍCULO,PLANEJAMENTO,,-46111.0,NO PRAZO,-46111.0,METROPOLITANO,PENDENTE
2026031907380515,134.00012660/2026-10,2026-03-20,10,2026-03-30,METROPOLITANO,REGULAR,20.336.241/0001-13,BUS +,CONSORCIO BUS +,BUS +,Indaiatuba,Campinas,ADIANTAMENTO/ATRASO DE VEÍCULO,FISCALIZAÇÃO,,-46111.0,NO PRAZO,-46111.0,CAMPINAS,PENDENTE
2026031909291935,134.00012661/2026-64,2026-03-20,10,2026-03-30,METROPOLITANO,REGULAR,45.992.724/0001-05,RAPIDO CAMPINAS,RAPIDO LUXO CAMPINAS LTDA,RAPIDO CAMPINAS,Jundiaí,Itupeva,ADIANTAMENTO/ATRASO DE VEÍCULO,FISCALIZAÇÃO,,-46111.0,NO PRAZO,-46111.0,INTERMUNICIPAL,PENDENTE
2026032011462820,134.00012893/2026-12,2026-03-20,10,2026-03-30,METROPOLITANO,FRETAMENTO,54.360.623/0001-02,PIRACICABANA,VIAÇÃO PIRACICABANA S/A,PIRACICABANA,São Carlos,São Paulo,ADIANTAMENTO/ATRASO DE VEÍCULO,FISCALIZAÇÃO,2026-03-23,-7.0,NO PRAZO,-7.0,INTERMUNICIPAL,OK
2026031917572691,134.00012894/2026-67,2026-03-20,10,2026-03-30,METROPOLITANO,FRETAMENTO,61.084.018/0001-03,VIAÇÃO COMETA,VIAÇÃO COMETA S/A,COMETA,São Paulo,Santos,ADIANTAMENTO/ATRASO DE VEÍCULO,FISCALIZAÇÃO,,-46111.0,NO PRAZO,-46111.0,INTERMUNICIPAL,PENDENTE
2026031918070094,134.00012895/2026-10,2026-03-20,10,2026-03-30,METROPOLITANO,,,,,,São Paulo,,ELOGIO ,FISCALIZAÇÃO,,-46111.0,NO PRAZO,-46111.0,INTERMUNICIPAL,PENDENTE
2026032017481078,134.00012896/2026-56,2026-03-20,10,2026-03-30,METROPOLITANO,REGULAR,45.992.724/0001-05,RAPIDO CAMPINAS,RAPIDO LUXO CAMPINAS LTDA,RAPIDO CAMPINAS,Mairinque,Sorocaba,MÁ CONDIÇÃO DE VEÍCULO,FISCALIZAÇÃO,2026-03-24,-6.0,NO PRAZO,-6.0,CAMPINAS,OK
2026031808230066,134.00012897/2026-09,2026-03-20,10,2026-03-30,METROPOLITANO,REGULAR,20.336.241/0001-13,BUS +,CONSORCIO BUS +,BUS +,Americana,Campinas,ADIANTAMENTO/ATRASO DE VEÍCULO,FISCALIZAÇÃO,,-46111.0,NO PRAZO,-46111.0,CAMPINAS,PENDENTE
2026031809350535,,2026-03-20,10,2026-03-30,METROPOLITANO,REGULAR,08.390.180/0001-77,INTERVIAS,CONSÓRCIO INTERVIAS,INTERVIAS,Guarulhos,São Paulo,SUPERLOTAÇÃO DE ÔNIBUS,SUCOL ATENDIMENTO,2026-03-21,-9.0,NO PRAZO,-9.0,RTO,OK
2026031617540396,134.00012898/2026-45,2026-03-20,10,2026-03-30,METROPOLITANO,REGULAR,61.563.557/0001-25,PASSARO MARRON,EMPRESA DE ÔNIBUS PASSARO MARRON S/A,PASSARO MARRON,Taubaté,São José dos Campos,ADIANTAMENTO/ATRASO DE VEÍCULO,FISCALIZAÇÃO,,-46111.0,NO PRAZO,-46111.0,VALE DO PARAIBA,PENDENTE
2026032009222776,134.00012899/2026-90,2026-03-20,10,2026-03-30,METROPOLITANO,REGULAR,61.563.557/0001-25,PASSARO MARRON,EMPRESA DE ÔNIBUS PASSARO MARRON S/A,PASSARO MARRON,Cachoeira Paulista,Cruzeiro,ADIANTAMENTO/ATRASO DE VEÍCULO,FISCALIZAÇÃO,,-46111.0,NO PRAZO,-46111.0,VALE DO PARAIBA,PENDENTE
2026032009263652,134.00012899/2026-90,2026-03-20,10,2026-03-30,METROPOLITANO,REGULAR,61.563.557/0001-25,PASSARO MARRON,EMPRESA DE ÔNIBUS PASSARO MARRON S/A,PASSARO MARRON,Cachoeira Paulista,Cruzeiro,ADIANTAMENTO/ATRASO DE VEÍCULO,FISCALIZAÇÃO,,-46111.0,NO PRAZO,-46111.0,VALE DO PARAIBA,PENDENTE
2026031810384138,134.00012900/2026-86,2026-03-20,10,2026-03-30,METROPOLITANO,REGULAR,08.419.802/0001-42,ANHANGUERA,CONSÓRCIO ANHANGUERA,ANHANGUERA,São Paulo,Embu das Artes,MUDANÇA DE TABELA DE HORÁRIO,PLANEJAMENTO,2026-03-23,-7.0,NO PRAZO,-7.0,METROPOLITANO,OK
2026032110354253,134.00012926/2026-24,2026-03-23,10,2026-04-02,METROPOLITANO,REGULAR,45.992.724/0001-05,RAPIDO CAMPINAS,RAPIDO LUXO CAMPINAS LTDA,RAPIDO CAMPINAS,Franco da Rocha,Jundiaí,ADIANTAMENTO/ATRASO DE VEÍCULO,FISCALIZAÇÃO,,-46114.0,NO PRAZO,-46114.0,INTERMUNICIPAL,PENDENTE
2026032020445953,134.00012931/2026-37,2026-03-23,10,2026-04-02,METROPOLITANO,FRETAMENTO,44.944.577/0001-27,VIAÇÃO SÃO BENTO,VIAÇÃO SÃO BENTO LTDA,,Batatais,Franca,PRESTAÇÃO DE SERVIÇO DA EMPRESA,FISCALIZAÇÃO,,-46114.0,NO PRAZO,-46114.0,INTERMUNICIPAL,PENDENTE
2026032309283136,,2026-03-23,10,2026-04-02,METROPOLITANO,FRETAMENTO,61.084.018/0001-03,VIAÇÃO COMETA,VIAÇÃO COMETA S/A,COMETA,Sorocaba,São Paulo,ADIANTAMENTO/ATRASO DE VEÍCULO,FISCALIZAÇÃO,,-46114.0,NO PRAZO,-46114.0,INTERMUNICIPAL,PENDENTE
2026031808323926,134.00012196/2026-61,2026-03-23,10,2026-04-02,METROPOLITANO,REGULAR,20.336.241/0001-13,BUS +,CONSORCIO BUS +,BUS +,Sumaré,Campinas,SUPERLOTAÇÃO DE ÔNIBUS,FISCALIZAÇÃO,,-46114.0,NO PRAZO,-46114.0,CAMPINAS,PENDENTE
2026032020323169,134.00012931/2026-37,2026-03-23,10,2026-04-02,METROPOLITANO,FRETAMENTO,44.944.577/0001-27,VIAÇÃO SÃO BENTO,VIAÇÃO SÃO BENTO LTDA,,Batatais,Franca,PRESTAÇÃO DE SERVIÇO DA EMPRESA,FISCALIZAÇÃO,,-46114.0,NO PRAZO,-46114.0,INTERMUNICIPAL,PENDENTE
2026032215040351,,2026-03-23,10,2026-04-02,METROPOLITANO,REGULAR,45.992.724/0001-05,RAPIDO CAMPINAS,RAPIDO LUXO CAMPINAS LTDA,RAPIDO CAMPINAS,Jundiaí,Itupeva,ADIANTAMENTO/ATRASO DE VEÍCULO,FISCALIZAÇÃO,2026-03-23,-10.0,NO PRAZO,-10.0,INTERMUNICIPAL,OK
2026032307403346,134.00012931/2026-37,2026-03-23,10,2026-04-02,METROPOLITANO,FRETAMENTO,44.944.577/0001-27,VIAÇÃO SÃO BENTO,VIAÇÃO SÃO BENTO LTDA,,Batatais,Franca,PRESTAÇÃO DE SERVIÇO DA EMPRESA,FISCALIZAÇÃO,,-46114.0,NO PRAZO,-46114.0,INTERMUNICIPAL,PENDENTE
2026032309110011,,2026-03-23,10,2026-04-02,METROPOLITANO,REGULAR,61.563.557/0001-25,PASSARO MARRON,EMPRESA DE ÔNIBUS PASSARO MARRON S/A,PASSARO MARRON,Atibaia,São José dos Campos,ADIANTAMENTO/ATRASO DE VEÍCULO,PLANEJAMENTO,,-46114.0,NO PRAZO,-46114.0,TC5 - SÃO PAULO,PENDENTE
2026031819521522,,2026-03-23,10,2026-04-02,METROPOLITANO,REGULAR,20.336.241/0001-13,BUS +,CONSORCIO BUS +,BUS +,Paulínia,Campinas,ADIANTAMENTO/ATRASO DE VEÍCULO,FISCALIZAÇÃO,,-46114.0,NO PRAZO,-46114.0,CAMPINAS,PENDENTE
2026031914410643,,2026-03-23,10,2026-04-02,METROPOLITANO,FRETAMENTO,54.049.754/0001-65,VALE DO TIETE,VIAÇÃO VALE DO TIETE LTDA,VALE DO TIETE,Boituva,,MÁ CONDUTA DE FUNCIONÁRIOS,FISCALIZAÇÃO,2026-03-23,-10.0,NO PRAZO,-10.0,INTERMUNICIPAL,OK
2026032211175746,,2026-03-23,10,2026-04-02,METROPOLITANO,FRETAMENTO,67.356.568/0001-10,GUERINO SEISCENTOS,GUERINI PLANEJAMENTOS LTDA,GUERINI PLANEJAMENTOS LTD,Limeira,São Carlos,BENEFICIO DE ESTUDANTE,PLANEJAMENTO,,-46114.0,NO PRAZO,-46114.0,TC4 - ARARAQUARA,PENDENTE
2026032317192530,,2026-03-23,10,2026-04-02,METROPOLITANO,FRETAMENTO,13.835.628/0001-59,RAPIDO D'OESTE,RAPIDO BRASIL LOCADORA LTDA - ME,RAPIDO BRASIL,Jaboticabal,Barrinha,BENEFICIO DE ESTUDANTE,PLANEJAMENTO,,-46114.0,NO PRAZO,-46114.0,TC4 - ARARAQUARA,PENDENTE
2026031817401153,,2026-03-23,10,2026-04-02,METROPOLITANO,REGULAR,61.563.557/0001-25,PASSARO MARRON,EMPRESA DE ÔNIBUS PASSARO MARRON S/A,PASSARO MARRON,Lorena,Guaratinguetá,MUDANÇA DE TABELA DE HORÁRIO,PLANEJAMENTO,,-46114.0,NO PRAZO,-46114.0,METROPOLITANO,PENDENTE
2026031808304492,134.00012897/2026-09,2026-03-23,10,2026-04-02,METROPOLITANO,REGULAR,20.336.241/0001-13,BUS +,CONSORCIO BUS +,BUS +,Americana,Campinas,ADIANTAMENTO/ATRASO DE VEÍCULO,FISCALIZAÇÃO,,-46114.0,NO PRAZO,-46114.0,CAMPINAS,PENDENTE
2026032318060733,,2026-03-23,10,2026-04-02,METROPOLITANO,REGULAR,20.336.241/0001-13,BUS +,CONSORCIO BUS +,BUS +,Americana,Santa Bárbara d'Oeste,SUPERLOTAÇÃO DE ÔNIBUS,FISCALIZAÇÃO,,-46114.0,NO PRAZO,-46114.0,CAMPINAS,PENDENTE
2026032406192074,,2026-03-24,10,2026-04-03,METROPOLITANO,REGULAR,08.325.415/0001-47,UNILESTE,CONSÓRCIO UNILESTE,UNILESTE,Suzano,Itaquaquecetuba,MUDANÇA DE TABELA DE HORÁRIO,PLANEJAMENTO,,-46115.0,NO PRAZO,-46115.0,METROPOLITANO,PENDENTE
